Lang,Box,Name,Flavor,Immediate,Combat,Bolt,On destroy
EN,Titans,The Imperial Juggernaut,"Bound to guard Aezher, most were destroyed by the Curse","Terminator: This Legion has no Target token. Its target is the Horde with the lowest Theat or The Capital, if there is no Horde. Activation: Place it on it's Target.",Gain the Banes of all Units destroyed here.,Gain 1 Threat. Before damage,"Irrational Hatred: If destroyed, gain 4 PLUNDER and 4 VP."
DE,Titans,Imperialer Zerstörer,"Gebunden, um Aezher zu verteidigen, wurden die meisten von ihnen durch den Fluch vernichtet.","Terminator: Diese Legion hat keinen Zielmarker. Ihr Ziel ist die Horde mit der niedrigsten Bedrohung oder die Haupstadt, wenn keine Horde im Spiel ist. Aktivierung: Platziere diese Legion auf ihrem Ziel.",Erhalte die Geisseln aller hier zerstörten Einheiten.,Erhalte 1 Bedrohung Vor dem Schaden,Irrationaler Hass: Wenn zerstört: Erhalte 4 BEUTE und 4 SP.
EN,Core,The Courtesan,Her playing of the great harp inspired love as well as madness.,Dark Lullaby: Place her Target. The player with her target discards 1 AP for the rest of the game.,,Place 1 Activation Token on another Legion or Horde card with the fewest Tokens. Once per Round,"Ending on a Sad Note: If destroyed, remove her Target. Roll your Hero Dice and gain 1 VP for every SKULL."
DE,Core,Die Kurtisane,Tjashas Spiel auf der großen Harfe regte sowohl die Liebe als auch den Wahnsinn an...,Trauriges Schlaflied: Platziere ihr Ziel. Der Spieler mit ihrem Ziel entfernt 1 seiner AP aus dem Spiel.,,Platziere 1 Aktivierungsmarker auf einer anderen Legions- oder Hordenkarte mit den wenigsten Markern. Einmal pro Runde,Mit einer traurigen Note enden: Wenn zerstört: Entferne ihr Ziel. Wirf deine Heldenwürfel. Pro SCHÄDEL: Erhalte 1 SP.
EN,Core,The Warlock,Years in exile prepared Shujori perfectly to become a Warlock...,"Netherwalker: Place his Target. The player with his target flips all their items, without using them.",The Warlock is always adjacent to any hex.,"Remove 1 Wall, Tower, Haven or 1 Threat here. After damage","Arcane Implosion: If destroyed, remove his Target and gain 3 VP."
DE,Core,Der Hexenmeister,"Jahre im Exil bereiteten Shujori optimal darauf vor, ein Hexenmeister zu werden...","Netherwanderer: Platziere sein Ziel. Der Spieler mit seinem Ziel dreht alle seine Items um, ohne diese nutzen zu können.",Der Hexenmeister grenzt immer an jedes Hexfeld an.,"Entferne 1 Wall, Turm oder Zuflucht hier. Nach dem Schaden",Arkane Implosion: Wenn zerstört: Entferne sein Ziel und erhalte 3 SP.
EN,Core,The Spymaster,"Nobu might be corrupt, but his cunning made him irreplaceable...",Spy Network: Place his Target. Flip the most expensive Items on the Market. They are NOT DISCARDED until the Spymaster is destroyed.,Enemies can not use SHIELD.,"Discard your most expensive Item or a Feat without using it, or lose 2 Threat. Before damage, Once per round","The Mask Wenn: If destroyed, discard the flipped Items from the Market, refill it, remove his Target, and gain 4 VP."
DE,Core,Der Meister der Spione,"Nobu mochte korrupt sein, doch seine Gerissenheit machte ihn unersetzlich...","Spionagenetzwerk: Platziere sein Ziel. Drehe die teuersten Items auf dem Markt um. Diese werden nicht abgeworfen, bis der Meister der Spione zerstört wurde.",Gegner können keine SCHILDE nutzen.,"Werfe dein teuerstes Item ab, ohne es nutzen zu können oder verliere 2 Bedrohung. Vor dem Schaden, Einmal pro Runde","Die Maske fällt: Wenn zerstört: Entferne alle umgedrehten Items vom Markt und fülle den Markt auf, entferne sein Ziel und erhalte 4 SP."
EN,Core,The Assassin,"Outcast by her family, Kama found a channel for her hatred...",Imperial Bounty: Place her Target. The player with her target flips their starting Feats. Place 1 Activation Token on her card.,Gain 2 RED during Archery on Badlands.,2 SKULL Once per Round,"Ritual Suicide: If destroyed, remove her Target and gain 3 VP."
DE,Core,Die Assassine,"Von ihrer Familie verstoßen, fand Kama ein Ventil für ihren Hass...","Impeiales Kopfgeld: Platziere ihr Ziel. Der Spieler mit ihrem Ziel dreht seine Start-Fähigkeiten um, ohne diese nutzen zu können. Platziere 1 Aktivierungsmarker auf ihrer Karte.",Ödland: Erhalte 2 ROT im Fernkampf,2 SCHÄDEL Einmal pro Runde,Ritueller Selbstmord: Wenn zerstört: Entferne ihr Ziel und erhalte 3 SP.
EN,Core,The Imperial Guard,The Guard refused to believe that their god was dead...,Defensive Stance: Place its Target. Place 1 Garrison on every hex with a Garrison (except The Capital).,Gain 1 RED during Archery on Badlands.,2 SHIELD Once per Round,"Passing Bell: If destroyed, remove its Target and gain 5 VP. Destroy 1 non-Empire Unit or Threat here."
DE,Core,Die Imperiale Garde,"Die Gardisten weigerten sich zu glauben, dass ihr Gott tot war...",Auf der Hut: Platziere ihr Ziel. Platziere 1 Garnison auf jedem Hexfeld mit einer Garnison (außer der Hauptstadt).,Ödland: Erhalte 1 ROT im Fernkampf,2 SCHILD Einmal pro Runde,Finaler Glockenschlag: Wenn zerstört: Entferne ihr Ziel und erhalte 5 SP. Zerstöre 1 nicht-Imperiale Einheit oder Bedrohung hier.
EN,Arch,The Butcher,Nobody in The Empire complained much about his lack of strategy...,Lizard Riders: Place his Target. Every player loses half their PLUNDER (round down).,Gain 3 RED during Archery on Badlands.,Remove a Haven here or in an adjacent hex. Once per Combat,"Until His Last Breath: If destroyed, remove his Target and gain 4 VP."
DE,Arch,Der Schlächter,Niemand im Imperium beklagte sich jemals über seinen Mangel an Strategie...,Eidechsenreiter: Platziere sein Ziel. Jeder Spieler verliert die Hälfte seiner BEUTE (abgerundet).,Ödland: Erhalte 3 ROT im Fernkampf,Entferne eine Zuflucht hier oder auf einem angrenzenden Hexfeld Einmal pro Kampf,Bis zum letzten Atemzug: Wenn zerstört: Entferne sein Ziel und erhalte 4 SP.
EN,Core,The Mage Breaker,"Once unleashed, she would hunt any mage, in a blind crawling rage...","Arcane Hunger: Place her Target. Remove 1 Sea Tower, empty if possible, from the game. Place the Mage Breaker on that hex.","Every time she retargets, remove 1 Sea Tower from the game.",Gain 1 SKULL for each BOLT on ALL dice.,"Shower of Acid and Bile: If destroyed, remove her Target and gain 1 VP and 1 VP per MAGIC. Discard the market."
DE,Core,Die Hexenjägerin,"Einmal entfesselt, jagte sie jeden Magier in blinder Zerstörungswut...","Arkaner Hunger: Platziere ihr Ziel. Entferne 1 Seeturm-Hexfeld (leer, wenn möglich) aus dem Spiel. Platziere den Hexenbrecher auf diesem Hexfeld.","Jedes Mal, wenn ihr Ziel neu platziert wird: Entferne 1 Seeturm-Hexfeld aus dem Spiel.",Pro BOLZEN auf ALLEN Würfeln: Erhalte 1 SCHÄDEL,Säure und Galleregen: Wenn zerstört: Entferne ihr Ziel und erhalte 1 SP und 1 SP pro MAGIE. Werfe den Markt ab.
EN,Core,The Executioner,"The Ageless Child let her resurrected ""dolls"" do the dirty work...",Come out and Play: Place her Target. Every player places 1 Elite Unit from play or the reserve in the Imperial Graveyard.,Gain 1 PURPLE if there is a Target here.,"Remove your most expensive Unit, from play or the reserve, from the game or lose 2 Threat. After damage, Once per combat","Cutting the Strings: If destroyed, remove her Target and gain 3 VP."
DE,Core,Die Henkerin,Das alterslose Kind ließ ihre wiederauferstandenen „Puppen“ die Drecksarbeit erledigen...,Komm raus zum spielen: Platziere ihr Ziel. Jeder Spieler platziert 1 Elite-Einheit vom Spielfeld oder der Reserve im Imperialen Friedhof.,Wenn ein Ziel hier ist: Erhalte 1 PURPLE.,"Entferne deine teuerste Einheit (vom Spielfeld oder der Reserve) aus dem Spiel oder verliere 2 Bedrohung Nach dem Schaden, Einmal pro Runde",Seelenschneider: Wenn zerstört: Entferne ihr Ziel und erhalte 3 SP.
EN,Arch,The Inquisitor,Shekya had a talent for being in the right place at the right time...,Hunt for Heretic: Place her Target. Flip 1 face-up Druid face-down.,The Inquisitor rerolls blanks once,Every Player loses 1 VP Once per Round,"Without a Trace: If destroyed, remove her Target and gain ZERO VP. Flip 1 face-down Druid face-up."
DE,Arch,Die Inquisitorin,"Shee Zin hatte ein Talent dafür, zur richtigen Zeit am richtigen Ort zu sein...",Jagd auf Ketzer: Platziere ihr Ziel. Drehe 1 aufgedeckte Druidekarte um.,Die Inquisitorin wirft Leerseiten einmal erneut.,Jeder Spieler verliert 1 SP Einmal pro Runde,Spurlos verschwunden: Wenn zerstört: Entferne ihr Ziel und erhalte NULL SP. Decke einen umgedrehten Druiden auf.
EN,Core,The New Emperor,"Banished to the Isles, fate offered an unexpected opporunity...",Imperial March: Place his Target. Activate EVERY Legion. (You do not need an Activation Token to activate.),Gain 2 RED during Archery on Badlands.,Das Imperium gains 2 VP. Once per Round,"Undying Empire: If destroyed, remove his Target and gain 5 VP. Place 2 Garrisons on The Capital."
DE,Core,Der Neue Imperator,"Auf die Inseln verbannt, bot ihm das Schicksal eine unerwartete Gelegenheit...",Imperialer Marsch: Platziere sein Ziel. Aktiviere JEDE Legion (für diese Aktivierungen werden keine Aktivierungsmarker benötigt).,Ödland: Erhalte 2 ROT im Fernkampf.,das Imperium erhält 2 SP. Einmal pro Runde,Unsterbliches Imperium: Wenn zerstört: Entferne sein Ziel und erhalte 5 SP. Platziere 2 Garnisonen auf der Hauptstadt.
EN,Titans,The Crimson Shield,Zhyan's personal Guard was fervently devoted to their Empress...,"At her Command: This Legion has no Target. Activation: Move it to the adjacent hex
with the most non-Imperial Units or Threat (not The Capital).If there was no enemy in that hex, activate it again (once).",Gain 1 RED during Archery on Badlands.,Gain 1 SKULL for each SHIELD on the dice it rolled.,"Vengeance of the Empress: If destroyed, place 1 Curse here and gain 5 VP."
DE,Titans,Das Karmesinrote Schild,Zhyan's persönliche Wache war voller inbrünstiger Hingabe zur Imperatorin... ,"Zu Befehl: Diese Legion hat kein Ziel. Aktivierung: Bewege sie auf das angrenzende Hexfeld mit den meissten nicht-Imperialen Einheiten oder Bedrohung (nicht die Hauptstadt). Wenn dort keine gegnerische Einheit ist, aktivieren sie erneut.",Ödland: Erhalte 1 ROT im Fernkampf.,Erhalte 1 SCHÄDEL für jedes SCHILD auf den Würfeln.,Rache der Imperatorin: Wenn zerstört: Erhalte 5 SP.