Lang,Box,Name,Faction,Flavor,Might,Magic,Lead,Guile
EN,Core,Fhayanor,Druwhn,"Druwhn Soulsmith
Was it luck or fate, that Fhayanor acquired theeldest Ghost Stone at such a young age? Now hiswords hold the voice of a thousand generations.",1,1,0,2
DE,Core,Fhayanor,Druwhn,"Druwhn Seelenschmied
War es Glück oder Schicksal, dass Fhayanor den ältesten Geisterstein in so jungen Jahren erhielt? Nun tragen seine Worte die Stimmen von tausend Generationen.",,,,
EN,Core,Syndra,Druwhn,"Druwhn Sorcerer
When Syndra's pack was ambushed and murdered for their trade goods she disappeared in the woods and became on with the land.",0,3,0,1
DE,Core,Syndra,Druwhn,"Druwhn Hexenmeisterin
Als Syndras Rudel überfallen und wegen ihrer Handelswaren ermordet wurde, verschwand sie in den Wäldern und verschmolz mit dem Land.",,,,
EN,Core,Dugpa,Krowh,"Krowh Necromancer
Dugpa's great compassion for slaughtered animals drew her to seek contact with their souls. She met something very much older and more powerful",0,2,2,0
DE,Core,Dugpa,Krowh,"Krowh Nekromantin
Dugpas großes Mitgefühl für gestorbene Tiere brachte sie dazu, den Kontakt zu deren Seelen zu suchen. Sie traf auf etwas sehr viel Älteres und Mächtigeres.",,,,
EN,Core,Kha'al,Krowh,"Krowh Pitfighter
Kha'al grew up as a slave child in the undercity of Norngaard and gained a notorious reputation as a gang leader and gladiator.",3,0,1,0
DE,Core,Kha'al,Krowh,"Krowh Grubenkämpfer
Kha'al wuchs als Sklavenkind in der Unterstadt von Norngaard auf und erwarb sich einen Ruf als berüchtigter Bandenführer und Gladiator.",,,,
EN,Core,Baranth,Duerkhar,"Duekhar Martyr
When Baranth's home was invaded by the Empire, Baranth became a hero for one night... and was imprisoned for his deeds by his own people.",1,0,3,0
DE,Core,Baranth,Duerkhar,"Duekhar Märtyrer
Als Baranths Heimat vom Imperium überfallen wurde, wurde Baranth für eine Nacht zum Helden... und wurde für seine Taten von seinem eigenen Volk verbannt.",,,,
EN,Core,Yanny,Duerkhar,"Duerkhar Elder
In her long life, Yanny has withstood many trials, and conquered both men and mountains. The Curse and its horrors will call on her wisdom and strength, in her people's greatest test yet.",1,1,1,1
DE,Core,Yanny,Duerkhar,"Duerkhar Älteste
In ihrem langen Leben hielt Yanny vielen Prüfungen stand und bezwang Berge und Männer. Der Fluch und seine Schrecken werden ihre Weisheit und Stärke in der bisher größten Prüfung ihres Volkes fordern.",,,,
EN,Core,Hanzo,Mohyar,"Moyhar Scoundrel
As a child Hanzo was a cheat and a good-for-nothing, which finally led him into imperial captivity. So he put his cunning at the service of the Emperor.",0,1,0,3
DE,Core,Hanzo,Mohyar,"Moyhar Schurke
Als Kind war Hanzo ein Betrüger und Taugenichts, was ihn schließlich in Gefangenschaft brachte. So stellte er seine Gerissenheit in den Dienst des Imperators.",,,,
EN,Core,Ronja,Mohyar,"Mohyar Bard
Rônja was a notorious agitator against The Empire.When The Curse plunged her home into chaos, sheled the rebels deep into the woods.",2,0,1,1
DE,Core,Ronja,Mohyar,"Mohyar Barde
Rônja war eine berüchtigte Aufwieglerin gegen das Imperium. Als der Fluch ihre Heimat ins Chaos stürzte, führte sie führte sie die Rebellen tief in die Wälder.",,,,
EN,Arch,Fjalka,Ytuma,"Ytuma Queen
When the Singing Plains drowned in chaos, it was Fjalka who was the first to speak out in favor of leading her herd south across the ice.",0,1,3,0
DE,Arch,Fjalka,Ytuma,"Ytuma Königin
Als die Singenden Ebenen im Chaos versanken, war es Fjalka, die sich als Erste dafür aussprach, ihre Herde über das Eis nach Süden zu führen.",,,,
EN,Arch,Mjor,Ytuma,"Ytuma Warlord
Mjor was the hammer and anvil with which Fjalka forged the plan to lead her herd across the ice. If her words were the idea, his arm was the way.",4,0,0,0
DE,Arch,Mjor,Ytuma,"Ytuma Kriegsherr
Mjor war der Hammer und Amboss, mit dem Fjalka den Plan schmiedete, ihre Herde über das Eis zu führen. Wenn ihre Worte die Idee waren, war sein Arm der Weg.",,,,
EN,Arch,Mukla,Renegade,"Orgon Kaplan
Countless Imperial campaigns showed Mukla more of the Nethersea than was perhaps advisable. And that time demanded her toll from the Orgone.",1,0,0,3
DE,Arch,Mukla,Renegade,"Orgon Kaplan
Unzählige imperiale Feldzüge zeigten Mukla mehr von der Untersee, als vielleicht ratsam war. Diese Zeit forderte ihren Tribut vom Orgon.",,,,
EN,Arch,Tlak,Renegade,"Drakh Warlock
Once T'lak served Aezher the Immortal as counselor.But when her urgent advice fell on deaf ears, shedecided to take her fate into her own hands.",0,3,1,0
DE,Arch,Tlak,Renegade,"Drakh Zauberer
Einst diente T'lak Aezher dem Unsterblichen als Beraterin. Aber als ihr dringender Rat auf taube Ohren stieß, beschloss sie, ihr Schicksal selbst in die Hand zu nehmen.",,,,
EN,Arch,Kyushi,Tua Than,"Tua Than Innkeeper
Kyushi's desire to see distant lands has always been viewed with suspicion by his kind. So the wanderer settled in his twilight years far from his own people.",0,2,1,1
DE,Arch,Kyushi,Tua Than,"Tua Than Gastwirt
Kyushis Wunsch, ferne Länder zu sehen, wurde von seinesgleichen stets mit Misstrauen betrachtet. So ließ sich der Wanderer in seinen letzten Lebensjahren weit weg von seinem eigenen Volk nieder.",,,,
EN,Arch,Yvaj,Tua Than,"Tua Than Wave Singer
Yvai was already worshipped as a god by many of her people, even if she always rejected this far from herself. Yet thousands followed her when the Curse struck Azuhl.",0,1,2,1
DE,Arch,Yvaj,Tua Than,"Tua Than Wellensängerin
Yvai wurde bereits von vielen ihres Volkes als Gottheit verehrt, auch wenn sie dies stets weit von sich wies. Dennoch folgten ihr Tausende, als der Fluch über Azuhl hereinbrach.",,,,
EN,Arch,Azyr,Hokqan,"Hokqan Loremaster
After his captivity by the Krowh, once freedbut forever marked, Azyr searched far and wideto uncover the true reason behind their endless feud.",0,1,1,2
DE,Arch,Azyr,Hokqan,"Hokqan Gelehrter
Nach seiner Gefangenschaft durch die Krowh, befreit aber für immer gezeichnet, suchte Azyr weit und breit nach dem wahren Grund für diese endlose Fehde.",,,,
EN,Arch,Tzadani,Hokqan,"Hokqan Ranger
Some claim that Tzadani was raised by Vargs in the wilderness. And until today she shuns the company of those who walk upright. Especially Krowh.",2,0,0,2
DE,Arch,Tzadani,Hokqan,"Hokqan Waldläuferin
Manche behaupten, dass Tzadani von Vargs in der Wildnis aufgezogen wurde. Und bis heute meidet sie die Gesellschaft derer, die aufrecht gehen. Besonders Krowh.",,,,
EN,Titans,Eyvind,Pirates,"Mohyar Pirate
Eyvind never found an enemy he couldn't charm...",0,2,0,2
DE,Titans,Eyvind,Pirates,"Mohyar Pirat
Eyvind fand bis heute keinen Feind, den er nicht bezirzen konnte...",,,,
EN,Titans,Xaidine,Pirates,"Druwhn Pirate Queen
Xaidine was the first to add skids to her ship to sail across the ice after the Curse. And her Bladeships made her Queen...",2,1,1,0
DE,Titans,Xaidine,Pirates,"Druwhn Piratenkönigin
Xaidine war die Erste, die nach dem Fluch Kufen an ihrem Schiff anbrachte, um über das Eis zu segeln. Und ihre Klingenschiffe machten sie zur Königin...",,,,
EN,Titans,Mother of Night,Titans,"When destroyed, your enemy gains 5 VP. Place the Mother of Night on your home hex.",2,2,0,1
DE,Titans,Mother of Night,Titans,Wenn zerstört: Dein Gegner hier erhält 5 VP. Platziere die Mutter der Nacht auf ihrem Heimat-Hexfeld.,,,,
EN,Titans,Father of Thunder,Titans,"When destroyed, your enemy gains 5 VP. Place the Father of Thunder on your home hex.",4,0,1,0
DE,Titans,Father of Thunder,Titans,Wenn zerstört: Dein Gegner hier erhält 5 VP. Platziere den Vater des Donners auf ihrem Heimat-Hexfeld.,,,,