Box,Name,Advanced,Archery & Clash,Restrictions,Refresh Phase
EN,Deep Dweller,Deep Dweller,Place 1 of your Units from any Graveyard in any explored hex without enemy units. ,After damage Once per combat,"If there is 1+ Horde in play, place 1 AETHER here."
DE,Der Tiefenwandler,Der Tiefenwandler,Platziere 1 deiner Einheiten aus einem Friedhof auf ein erkundetes Hexfeld ohne gegnerische Einheiten.,Nach dem Schaden Einmal pro Kampf,Wenn 1+ Horden im Spiel sind: Platziere 1 Aether hier.
EN,Faceless One,Faceless One,Your enemy in this combat loses 1 VP. ,After damage Once per combat,If Chaos has equal or more VP than any player place 1 AETHER here.
DE,Der Gesichtslose,Der Gesichtslose,Dein Gegner in diesem Kampf verliert 1 SP.,Nach dem Schaden Einmal pro Kampf,Wenn Chaos gleichviel oder mehr SP als ein Spieler hat: Platziere 1 AETHER hier.
EN,Mountain Heart,Mountain Heart,Ignore all SKULL showing on 1 die your enemy rolled.,Before damage Once per round,"If there is 1+ Legion in play, place 1 AETHER here."
DE,Das Bergherz,Das Bergherz,Ignoriere alle SCHÄDEL auf einem Würfel deines Gegners.,Vor dem Schaden Einmal pro Runde,Wenn 1+ Legionen im Spiel sind: Platziere 1 AETHER hier.
EN,Red Hand,Red Hand,Place 1 Skeleton from the reserve on this card OR remove all and roll their dice immediately.,Before damage Once per round,If there are 5+ Skeletons on hexes place 1 AETHER here.
DE,Die Rote Hand,Die Rote Hand,Platziere 1 Skelett aus der Reserve auf dieser Karte ODER entferne alle und werfe deren Würfel.,Vor dem Schaden Einmal pro Runde,Wenn es 5+ Skelette auf Hexfeldern gibt: Platziere 1 AETHER hier.
EN,Shapeshifter,Shapeshifter,Gain the resources shown on this hex OR 1 VP. ,Before damage Once per combat,If The Empire has equal or more VP than any player place 1 AETHER here.
DE,Der Tausendförmige,Der Tausendförmige,Erhalte die Ressourcen dieses Hexfeldes ODER 1 SP.,Vor dem Schaden Einmal pro Kampf,Wenn das Imperium mehr SP als alle Spieler hat: Platziere 1 AETHER hier.
EN,Silence,Silence,You and your enemy ignore ALL SKULL. ,Before damage Once per combat,"If the Empire OR Chaos has more VP than ALL players, place 1 AETHER here."
DE,Die Stille,Die Stille,Du und dein Gegner ignorieren ALLE SCHÄDEL.,Vor dem Schaden Einmal pro Kampf,Wenn das Imperium oder Chaos mehr SP als ALLE Spieler haben: Platziere 1 AETHER hier.
EN,Treemother,Treemother,Place your cheapest Unit (in resources) from the reserve here. (Max 5 Units per hex). ,After damage Once per round,"If any player has ZERO Units in play, place 1 AETHER here."
DE,Die Baummutter,Die Baummutter,Platziere deine günstigste Einheit (nach Ressourcen) aus der Reserve hier. (Max. 5 Einheit pro Hexfeld),Nach dem Schaden Einmal pro Runde,Wenn ein Spieler KEINE Einheiten im Spiel hat: Platziere 1 AETHER hier.
EN,Wanderer,Wanderer,"Draw 1 Item from the Item deck. You may keep it, if you can use it.",Before damage Once per combat,"If there are 5+ Curses on hexes, place 1 AETHER here."
DE,Der Wanderer,Der Wanderer,"Ziehe 1 Item vom Itemdeck. Du kannst es behalten, wenn du es nutzen kannst.",Vor dem Schaden Einmal pro Kampf,Wenn 5+ Hexfelder mit Flüchen im Spiel sind: Platziere 1 AETHER hier.
EN,Watcher,Watcher,You may reroll ANY of your dice that do not show BOLT or STAR.,Before damage Once per round,"If there are 7+ hexes with Garrisons, place 1 AETHER here."
DE,Das Schattenauge,Das Schattenauge,"Du kannst JEDEN deiner Würfel neu werfen, der keinen BLITZ oder STERN zeigt.",Vor dem Schaden Einmal pro Runde,Wenn 7+ Hexfelder mit Garnisonen im Spiel sind: Platziere 1 AETHER hier.