a,Box,Name,Flavour,Immediate Effect,Solve,Failure,Succeses,Skulls,Skull Bonus,Shields,Shield Bonus,Bolts,Bolt Bonus,Terrain Bonus
EN,Titans,Necromancy,Those who make deals with the darkest powers always pay a price...,Study of the Dark Arts: Place 2 Skeletons on any empty explored hex.,Exchange 1 Skeleton with 1 Basic Unit from a Graveyard. Discard this Quest,"Place 2 Skeletons on any empty hex, unexplored if possible. Discard this quest.",2,3,"You may choose not
to discard this Quest.",2,"Resolve the Solve
effect again.",3,You may choose Elite Units.,If your Hero is on a hex with any Skeletons +1 SILVER.
DE,Titans,Nekromantie,"Diejenigen die Geschäfte mit dunklen Mächten machen, zahlen den höchsten Preis...",Studien der dunklen Künste: Platziere 2 Skelette auf einem leeren erkundeten Hexfeld.,Ersetze 1 Skelett mit 1 Basis-Einheit aus einem Friedhof. Werfe diese Quest ab.,"Platziere 2 Skelette auf einem leeren Hexfeld (unerkundet, falls möglich). Werfe diese Quest ab.",2,3,Du kannst wählen diese Quest nicht abzuwerfen.,2,Führe den Erfolgs-Effekt ein weiteres Mal aus.,3,Du kannst Elite-Einheiten wählen.,Held auf einem Hexfeld mit Skeletten + 1 SILBER
EN,Titans,Dogs of War,Cry havoc and let loose the dogs of war!,-,Gain any 1 Mercenary with a cost no higher than the SKULLS you rolled. Discard this Quest.,"Discard 1 Mercenary Token, or lose 1 VP if you can not.",1,3,-,2,Gain 2 resources.,2,"You may discard anyItems from the Market.",If your Hero is on a Sea Tower +1 BRONZE
DE,Titans,Hunde des Krieges,,,"Erhalte 1 Söldner, dessen Kosten nicht höher sind als die SCHÄDEL die du geworfen hast. Werfe diese Quest ab.","Werfe 1 Söldnermarker ab oder, wenn nicht möglich, verliere 1 VP.",1,3,-,2,Erhalte 2 Ressouren.,2,Du kannst beliebige Items vom Markt abwerfen.,Held auf einem Seeturm-Hexfeld: +1 BRONZE
EN,Titans,For the Greater Good,Former enemies must learn to use their different strengths together...,-,"If you have no feat here, place the top card of your feat deck here. If every player has a feat here, put all feats into play. Discard this quest.","Discard a feat here. If there are no feats here, discard this.",1,4,-,1,You may discard any Items from the Market.,2,-,If there are 2+ Heros here +1 BLUE
DE,Titans,Für das große Ganze,Ehemalige Feinde müssen lernen ihre unterschiedlichen Stärken zusammen zu nutzen...,,"Wenn keine deiner Fähigkeiten hier ist, platziere die oberste Karte deines Fähigkeitsdecks hier. Sobald jeder Spieler eine Fähigkeit hier hat, erhalten alle Spieler diese und die Quest wird abgeworfen.","Werfe 1 Fähigkeit von hier ab. Wenn keine Fähigkeiten hier sind, werfe diese Quest ab.",1,4,-,1,Du kannst beliebige Items vom Markt abwerfen.,2,-,Wenn hier 2+ Helden sind: +1 BLAU
EN,Titans,Boon of the Fallen Comrades,,"The Reanimated:
Choose 1 hex (not the Capital). Destroy 
all Garrisons and place 2 Skeletons here.","Place this card on a Graveyard.
Any player unit here is
placed into the reserve
immediately. Remove this
from the game after Scoring.","Place 2 Skeletons on any hex, with a Curse if possible.
Discard this Quest and draw a new one.",3,3,-,1,You may draw a new Quest,1,You may discard any Items from the Market.,If there are 2+ Heros here +1 GOLD
DE,Titans,Segen gefallener Kameraden,,Die Wiederauferstandenen: Wähle 1 Hexfeld (nicht die Hauptstadt). Zerstöre alle Garnisonen und platziere 2 Skelette hier.,Platziere diese Karte in einem Friedhof. Spielereinheiten hier werden sofort in die Reserve platziert. Werfe diese Karte nach der Auswertungsphase ab.,"Platziere 2 Skelette auf einem Hexfeld (mit einem Fluch, falls möglich).
Werfe diese Quest ab und ziehe eine neue Quest.",3,3,-,1,Du kannst eine neue Quest ziehen.,1,Du kannst beliebige Items vom Markt abwerfen.,Wenn hier 2+ Helden sind: +1 GOLD
EN,Core,A Deal with Demons,"""By the Old Gods, she's not suggesting that!""",,Place any Horde in play on any hex. Discard this Quest.,Activate the Horde with the lowest initiative.,1,4,Lose 1 VP,1,Lose 1 VP,2,Lose 1 VP,If your Hero is on a hex with a Horde +1 BLUE
DE,Core,Ein Handel mit Dämonen,Bei den alten Göttern! Das ist nicht wirklich ihr Voschlag!,,Platziere eine Horde im Spiel auf einem beliebigen Hexfeld. Werfe diese Quest ab.,Aktiviere die Horde mit der niedrigsten Initiative.,1,4,Verliere 1 SP,1,Verliere 1 SP,2,Verliere 1 SP,Held auf einem Hexfeld mit einer Horde: +1 BLAU
EN,Core,Break the Shackles,The citadels of the oppressors were torn down eagerly by the very slaves who built them.,Iron Reprisals: Place 1 Legion at Threat 3 on The Capital.,"While this Quest is in play, if you destroy any Legions or Garrisons, gain 2 resources.",,-,-,-,-,-,-,-,-
DE,Core,Gesprengte Ketten,"Die Bauwerke der Unterdrücker wurden niedergerissen von den Sklaven, die sie einst erbauen mussten.",Eiserne Vergeltung: Platziere 1 Legion mit Bedrohung 3 auf der Hauptstadt.,"Wenn du Garnisonen oder eine Legion zerstörst, während diese Quest im Spiel ist: Erhalte 2 Ressourcen.",,-,-,-,-,-,-,-,-
EN,Core,Cleanse the Wastes,A dark tide of corpses came crawling across the ice from the mainland.,Legions of Undead: Place 2 Skeletons on 1 empty hex in each region that has no Skeletons. This Quest is not discard until you solve it.,"If there are ZERO Skeletons on the map, every player gains 3 VP. Discard this Quest",,-,-,-,-,-,-,-,-
DE,Core,Läuterung der Eiswüste,Eine dunkle Flutwelle von Untoten kam vom Festland her angekrochen.,"Legionen von Untoten: Platziere 2 Skelette auf einem leeren Hexfeld in jeder Region, in der noch keine Skelette sind. Diese Quest wird nicht abgeworfen, bis sie gelöst ist.",Wenn KEINE Skelette auf dem Spielfeld sind: Jeder Spieler erhält 3 SP. Werfe diese Quest ab.,,-,-,-,-,-,-,-,-
EN,Core,Corrupted Druid,The dreams sent by Yssat bestowed great power - and madness.,Beacon of Despair: Place 1 Activation Token on the Horde deck. The next Horde you draw gets that Token. Place 1 Curse on any empty hex.,Remove all Activation Tokens from 1 Horde. Discard this Quest.,Place 1 Skeleton with other Skeletons.,1,4,1 VP,1,You may draw a new Quest,3,Remove 1 Curse,If your Hero is on a hex with a Curse +1 PURPLE
DE,Core,Druide des Chaos,Die Träume die Yssat sandte erfüllten ihre Adressaten mit Macht - und Wahnsinn.,Leuchtfeuer der Verzweiflung: Platziere 1 Aktiverungsmarker auf dem Hordendeck. Die nächste Horde erhält diesen Marker. Platziere 1 Fluch auf einem beliebigen Hexfeld.,Entferne alle Aktiverungsmarker von 1 Hordenkarte. Werfe diese Quest ab.,Platziere 1 Skelett mit anderen Skeletten,1,4,1 SP,1,Du kannst eine neue Quest ziehen.,3,Entferne 1 Fluch,Held auf einem Hexfeld mit einem Fluch: +1 LILA
EN,Core,Deepling Allies,"Unable to venture into the light to fight, they opened their tunnels to the rebels to ambush the hated Empire.",,Gain this card. You may ignore the terrain effect of Highland hexes. You may discard this to reroll all your Archery dice once.,Lose 1 VP. Discard this Quest,1,3,1 VP,1,-,2,-,If your Hero is on a Highland hex +1 RED
DE,Core,Tiefling-Verbündete,"Unfähig selbst im Sonnenlicht zu kämpfen, öffneten die Tieflinge den Rebellen ihre Tunnel um das verhasste Imperium zu überfallen.",,Erhalte diese Karte. Du kannst den Terraineffekt von Hochland-Hexfeldern ignorieren. Abwerfen: Wirf ALLE deine Fernkampfwürfel erneut.,Verliere 1 SP. Werfe diese Quest ab.,1,3,1 SP,1,-,2,-,Held auf einem Hochland-Hexfeld: +1 ROT
EN,Core,Druid Sacrifice,"Any Druid was willing to die for their cause, and many did.",,Choose a hex with a Curse. Remove that Curse. Discard this Quest.,Chaos gains 2 VP. Discard this Quest.,1,3,-,1,1 VP,1,You may discard 1 revealed Druid instead of this Quest.,If your Hero is on a hex with a Curse +1 YELLOW
DE,Core,Das Opfer der Druiden,Jeder Druide war bereit für die Rebellion zu sterben - und viele taten es.,,Entferne 1 Fluch vom Spielfeld. Werfe die Quest ab.,Chaos erhält 2 SP. Werfe diese Quest ab.,1,3,-,1,1 SP,1,"Du kannst 1 Druiden abwerfen, statt dieser Quest.",Held auf einem Hexfeld mit einem Fluch: +1 GELB
EN,Core,Druidic Prophetess,"""My blooming is near. We must crawl quick. Reach far. Dig deep.""",,"Gain this card. When a Horde activates, place 1 Basic Unit of any player on any of their Havens.",Chaos gains 2 VP. Discard this Quest.,2,3,1 VP,1,Place 1 Basic Unit on any Havens.,1,Place 1 Basic Unit on any Havens.,If your Hero is on a hex with a Curse +1 YELLOW
DE,Core,Druidische Prophetin,"""Mein Erblühen is nah. Wir müssen nun schnell kriechen. Weit ausgreifen. Tief graben.""",,Erhalte diese Karte. Wenn eine Horde aktiviert: Platziere 1 Basis-Einheit eines beliebigen Spielers in einer seiner Zufluchten.,Chaos erhält 2 SP. Werfe diese Quest ab.,2,3,1 SP,1,Platziere 1 Basis-Einheit in einer beliebigen Zuflucht.,1,Platziere 1 Basis-Einheit in einer beliebigen Zuflucht.,Held auf einem Hexfeld mit einem Fluch: +1 GELB
EN,Core,Expedition to the Mainland,Only a madman would dare a trip to the smoking wasteland that once was Drakorea. Kyushi was the first to volunteer.,,Gain 1 resource for every SKULL you rolled. Discard this Quest.,Chaos gains 2 VP. Discard this Quest.,1,3,You may discard any Items from the Market.,1,1 VP,2,Gain 1 Item from the Market you could use.,If your Hero is on a Sea Tower +1 BLACK
DE,Core,Raubzug zum Festland,"Nur ein Verrückter würde eine Reise in die rauchenden Ruinen wagen, die einst Drakorea waren. Kyushi meldete sich als Erster freiwillig.",,Pro SCHÄDEL den du geworfen hast: Erhalte 1 Ressoure. Werfe diese Quest ab.,Chaos erhält 2 SP. Werfe diese Quest ab.,1,3,Du kannst beliebige Items vom Markt abwerfen.,1,1 SP,2,"Erhalte 1 Item vom Markt, das du nutzen kannst.",Held auf einem Seeturm-Hexfeld: +1 SCHWARZ
EN,Core,Forest Spirit,"Willing to sacrifice its children for your offerings, the forest itself channeled the entropy of Chaos into new life.",,Choose a hex with a Curse. Pay 5 resource to remove that curse and gain 1 VP.,Chaos gains 2 VP. Discard this Quest.,1,3,-,1,-,1,-,If your Hero is on a hex with a Curse +1 YELLOW
DE,Core,Waldgeister,"Gewillt, seine Pflanzenkinder für eure Gaben zu opfern, war es der Wald selbst, der das Chaos in neues Leben verwandelte.",,Zahle 5 Ressourcen: Entferne 1 Fluch vom Spielfeld und erhalte 1 SP.,Chaos erhält 2 SP. Werfe diese Quest ab.,1,3,-,1,-,1,-,Held auf einem Hexfeld mit einem Fluch: +1 GELB
EN,Core,Hokqhan Scout,These prideful rangers refused any assistance in eliminating a foe.,,"Flip any unexplored hex with no Curse on it and resolve its effects, but do NOT place or reinforce any Garrisons or Skeletons. Discard this Quest.",Discard this Quest.,1,4,1 VP,1,You may draw a new Quest.,2,"Look at the top card of the Quest Deck. Place it back on top, or discard it.",If your Hero is on a Woods hex +1 YELLOW
DE,Core,Hokqan Späher,Diese stolzerfüllten Späher lehnten jedwede Hilfe beim Ausschalten ihrer Feinde ab.,,"Drehe ein unerkundetes Hexfeld ohne Fluch um und führe dessen Effekte aus, aber platziere oder verstärke weder Garnisonen noch Skelette. Werfe diese Quest ab.",Werfe diese Quest ab.,1,4,1 SP,1,Du kannst eine neue Quest ziehen.,2,Schaue dir die oberste Karte des Questdecks an. Platziere diese auf dem Deck oder werfe diese ab.,Held auf einem Wald Hexfeld: +1 GELB
EN,Core,Hungry Giant,Negotiating with these brutes is surprisingly tricky...,,"Choose 1 Legion or Horde, then roll 1 BLACK and apply SKULL (BOLT = 2 SKULL). Discard this Quest","As Solve, but choose any hex with the most player Units (place them into the Chaos Graveyard).",1,4,1 VP,2,Gain +1 BLACK,2,-,If your Hero is on a Highlands hex +1 BLUE
DE,Core,Der Hungrige Riese,Verhandlungen mit diesen Rohlingen gestalteten sich überraschend schwierig...,,Wähle 1 Legion oder Horde: Wirf 1 SCHWARZ und wende SCHÄDEL an (BOLZEN = 2 SCHÄDEL). Werfe diese Quest ab.,"Wie Erfolg, aber wähle ein Hexfeld mit den meisten Spielereinheiten (platziere diese im Chaos Friedhof).",1,4,1 SP,2,Erhalte +1 SCHWARZ,2,-,Held auf einem Hochland-Hexfeld: +1 BLAU
EN,Core,Imperial Inquisition,"They saw the Curse as salvation, and the Emperor as their martyr.",No God But Aezher: Flip 2 face-up Druids face-down. This Quest is NOT DISCARDED until you solve it.,Flip 2 face-down Druids face-up.,Lose 1 VP.,2,5,-,1,-,1,-,If your Hero is on the Capital Hex +1 WHITE
DE,Core,Imperiale Inquisition,Für sie war der Fluch eine Erlösung und der Imperator ihr Märtyrer.,"Kein Gott neben Aezher: Drehe 2 aufgedeckte Druiden um. Diese Quest wird nicht abgeworfen, bis sie gelöst ist.",Decke 2 umgedrehte Druiden auf.,Verliere 1 SP. ,,5,-,1,-,1,-,Held auf der Hauptstadt: + 1 WEIß
EN,Core,Imperial Spy,Neighbour turned against neighbour for a bag of coin.,"Dark Wings Above: For every player, place 1 Garrison on a hex with a Garrison. Place 1 Activation Token on the Legion deck. The next Legion you draw gets that Token.",Remove all Activation Tokens from 1 Legion. Discard this Quest,Place 1 Garrison on any empty hex with no X.,1,4,1 VP,1,You may draw a new Quest.,3,Remove all Garrisons from 1 hex with no X.,If your Hero is on a hex with any Garrisons +1 YELLOW
DE,Core,Imperialer Spion,Für einen Beutel voller Münzen verwandelten sich Nachbarn in Verräter.,Dunkle Schwingen: Jeder Spieler platziert 1 Garnison auf einem Hexfeld mit Garnison(en). Platziere 1 Aktiverungsmarker auf dem Legionendeck. Die nächste Legion erhält diesen Marker.,Entferne alle Aktivierungsmarker von 1 Legion. Werfe diese Quest ab.,Platziere 1 Garnison auf einem leeren Hexfeld ohne X.,1,4,1 SP,1,Du kannst eine neue Quest ziehen,3,Entferne alle Garnisonen von einem Hexfeld ohne X.,Held auf einem Hexfeld mit Garnison(en): +1 GELB
EN,Core,Instruction of the Druids,"Dressed in loosely wrapped skins over his strangely formed tattoos, the Watcher prepared you for weeks to meet your own demon.",,Gain any 1 of your Feats. Shuffle your Feat deck. Discard this Quest.,Chaos gains 1 VP,2,4,-,1,1 VP,1,1 VP,If your Hero is on a Marsh hex +1 PURPLE
DE,Core,Ritual der Reinigung,"Der Druide, gekleidet in Fell und Knochen, verbrachte Wochen damit, dich auf die Begegnung mit deinem eigenen Dämon vorzubereiten.",,Erhalte eine beliebige deiner Fähigkeiten. Mische dein Fähigkeitendeck. Werfe diese Quest ab.,Chaos erhält 1 SP.,2,4,-,1,1 SP,1,1 SP,Held auf einem Sumpf-Hexfeld: +1 LILA
EN,Core,Intercept the Empress,"The Krowh volunteered their vargs to draw off Imperial attention in a frontal assault, while your band made its run...",,"Gain 1 Item from the Market, even if you could not use it. Discard this Quest.",The Empire gains 2 VP. Discard this Quest.,2,4,2 VP,1,You may draw a new Quest.,2,3 SALT,If your Hero is on an Ice Waste hex +1 RED
DE,Core,Karawane der Imperatorin,"Die Krowh sandten ihre Varge aus, um die Imperialen abzulenken, während eure Bande den Überfall ausführte.",,"Erhalte 1 Item vom Markt, selbst wenn du es nicht nutzen könntest. Werfe diese Quest ab.",Das Imperium erhält 2 SP. Werfe diese Quest ab.,2,4,2 SP,1,Du kannst eine neue Quest ziehen.,2,3 SALZ,Held auf einem Eiswüsten-Hexfeld: +1 ROT
EN,Core,Koloth Migration,"Among the Koloth was a legendary bull called Kuk the White, his skin adorned the scars of countless fight with his many hunters.",,Gain 1 FOOD for every SKULL you rolled. Discard this Quest,Remove 1 of your Units from play.,1,1,You may draw a new Quest.,2,Place 1 Rider Unit on any of your Havens.,1,Every other player gains 2 FOOD.,If your Hero is on a Badlands hex +1 RED
DE,Core,Koloth Herden,"Unter den Koloth gab es einen legendären Bullen, genannt Kuk der Weisse, seine Haut gezeichnet von den Narben seiner Jäger.",,Pro SCHÄDEL den du geworfen hast: Erhalte 1 NAHRUNG. Werfe diese Quest ab.,Entferne 1 deiner Einheiten vom Spielfeld.,1,1,Du kannst eine neue Quest ziehen.,2,Platziere 1 Reiter-Einheit in einer deiner Zufluchten.,1,Alle anderen Spieler erhalten 2 NAHRUNG.,Held auf einem Ödland-Hexfeld: +1 ROT
EN,Core,Mad Krowh Shaman,It took weeks to find Dugpa's teacher. The unnerving madman was the key to seal a pact in blood with the Deathsworn.,,Choose any hex. Remove any Skeletons here. Discard this Quest.,Place 1 Skeleton with other Skeletons. Discard this Quest,1,4,Resolve the Solve-Effect again.,1,You may draw a new Quest.,2,You may remove Garrisons instead.,"If your Hero is on a hex with enemy Units, +1 YELLOW"
DE,Core,Wahnsinniger Krowh Schamane,"Es dauerte Wochen, Dugpas Lehrmeister zu finden. Der Verrückte war der Schlüssel für einen Pakt mit den Todgeweihten.",,Wähle ein Hexfeld. Entferne alle Skelette hier. Werfe diese Quest ab.,Platziere 1 Skelett mit anderen Skeletten. Werfe diese Quest ab.,1,4,Führe den Erfolgs-Effekt ein weiteres Mal aus.,1,Du kannst eine neue Quest ziehen.,2,Du kannst stattdessen Garnisonen entfernen.,Held auf einem Hexfeld mit gegnerischen Einheiten: +1 GELB
EN,Core,Nethersea Navigators,"Mastery of a bladeship and the Third Eye was essential to find the hidden Imperial vault, noted in Shujori's stolen log book.",,Every player gains 1 resource for each SHIELD and BOLT you rolled (max. 5 per player). Discard this Quest.,Discard this Quest and draw a new one.,1,3,-,1,You may draw a new Quest.,1,You may discard any Items from the Market.,If your Hero is on a Sea Tower +1 PURPLE
DE,Core,Untersee Navigatoren,"Die Beherrschung eines Klingenschiffes und das Dritte Auge waren der Schlüssel, um den imperialen Hort zu finden, der in Shujoris gestohlenem Logbuch vermerkt war.",,Pro geworfenem SCHILD und BOLZEN: Jeder Spieler erhält 1 Ressource (max. 5 pro Spieler). Werfe diese Quest ab.,Werfe diese Quest ab und ziehe eine neue Quest.,1,3,-,1,Du kannst eine neue Quest ziehen.,1,Du kannst beliebige Items vom Markt abwerfen.,Held auf einem Seeturm-Hexfeld: +1 LILA
EN,Core,Ramparts,"It took the Duerkhar Elder weeks to carve every stone and pillar with her runes, sacred to the Mountain Heart.",,"Gain this card.
Archery & Clash
You may remove 1 Wall or Tower here instead of 1 Unit.",The Empire gains 1 VP. Discard this Quest.,1,4,Place 1 Wall and Tower on any Haven.,1,Place 1 Wall on any Haven.,2,Place 1 Tower on any Haven.,If your Hero is on a Woods hex +1 BLUE
DE,Core,Festungsmauern,"Die Duerkhar Ältesten benötigten Wochen, um die heiligen Runen ihrer Götter in die Festungsmauern zu gravieren.",,Erhalte diese Karte. Fernkampf & Nahkampf: Du kannst 1 Wall oder Turm hier statt 1 Einheit zerstören.,Das Imperium erhält 1 SP. Werfe diese Quest ab.,1,4,Platziere 1 Wall und Turm auf einer beliebigen Zuflucht.,1,Platziere 1 Wall auf einer beliebigen Zuflucht.,2,Platziere 1 Turm auf einer beliebigen Zuflucht.,Held auf einem Wald-Hexfeld: +1 BLAU
EN,Core,Rebel Council,"After centuries of war, old enemies had to cooperate or die.",,Any Player gains 5 VP. Do this once for each Hero here. Discard this Quest.,Place 2 Activation Tokens on the Legion or Horde cards with the fewest Tokens. Discard this Quest.,2,4,-,1,Every Hero here gains 2 resources.,2,You may draw a new Quest.,If there are 2+ Heros here +1 BLUE
DE,Core,Der Rat der Rebellen,Nach Jahrhunderten des Krieges standen uralte Feinde vor der Wahl zu kooperieren oder unterzugehen.,,Pro Held hier: Ein beliebiger Spieler erhält 5 SP. Werfe diese Quest ab.,Platziere 2 Aktivierungsmarker auf der Legions- oder Hordenkarte mit den wenigsten Markern. Werfe diese Quest ab.,2,4,-,1,Jeder Held hier erhält 2 Ressourcen.,2,Du kannst eine neue Quest ziehen.,Wenn hier 2+ Helden sind: +1 BLAU
EN,Core,Release the Kraken,The cultists who sang poems to The Great Kraken were interested only in its awakening - but not in what it devoured.,,"You may move 1 Curse to any adjacent hex, that has no Curse. Discard this Quest.",Place 1 Curse on a Hex with no X. Discard this Quest.,1,4,1 VP,2,Resolve the Solve-Effect again.,2,Resolve the Solve-Effect again.,If your Hero is on a hex with a Curse +1 BLUE
DE,Core,Den Kraken entfesseln,"Die Kultisten des Kraken waren einzig in der Auferstehung ihres Gottes interessiert, nicht, was er dabei verzehrte.",,"Du kannst 1 Fluch auf ein angrenzendes Hexfeld bewegen, das keinen Fluch hat. Werfe diese Quest ab.",Platziere 1 Fluch auf einem Hexfeld ohne X. Werfe diese Quest ab.,1,4,1 SP,2,Führe den Erfolgs-Effekt ein weiteres Mal aus.,2,Führe den Erfolgs-Effekt ein weiteres Mal aus.,Held auf einem Hexfeld mit einem Fluch: +1 BLAU
EN,Core,Strike at Dawn,"Lady Kama's motto was taken to heart by the Druwhn - ""A dart at dawn is worth a hundred spears at noon.""",,1 Legion or Horde loses 2 Threat. Discard this Quest.,Activate the Legion or Horde with the lowest initiative immediately. Discard this Quest.,2,4,-,1,You may draw a new Quest.,2,-,If your Hero is on a Hex with a Legion or Horde +1 PURPLE
DE,Core,Überfall im Morgengrauen,"Die Druwhn beherzigten Lady Kamas Motto: ""Ein Pfeil im Morgengrauen ist hundert Speere im Tageslicht wert.""",,1 Legion oder Horde verliert 2 Bedrohung. Werfe diese Quest ab.,Aktiviere die Legion oder Horde mit der niedrigsten Initiative. Werfe diese Quest ab.,2,4,-,1,Du kannst eine neue Quest ziehen.,2,-,Held auf einem Hexfeld mit einer Legion oder Horde: + 1 LILA
EN,Core,Thieves Guild,The Druwhn called Calar held no loyalty to any Archon - only to coin.,"Cloak and Dagger: Every player places their most expensive Item here. For every player with none, draw & place 1 Item here from the Market deck.","Gain 1 Item from here. Give it to any player, even they could not use it. If there are no Items here, discard this Quest.","Discard 1 of the most expensive Items here. If there are no Items here, discard this Quest.",1,4,-,2,Lose 1 VP,2,Gain 1 Item from the Market you could use.,If your Hero is on The Capital +1 PURPLE
DE,Core,Diebesgilde,Die Druwhn die sie Calar nannten diente keinem Archon - ihr Herr war die Gier.,"Nacht und Nebel: Jeder Spieler platziert sein teuerstes Item hier. Pro Spieler, ohne Items: Ziehe 1 Item vom Marktdeck und platziere es hier.","Erhalte 1 Item von hier. Gib es einem beliebigen Spieler, auch wenn dieser es nicht nutzen könnte. Wenn hier keine Items sind, werfe diese Quest ab.","Werfe das teuerste Item hier ab. Wenn hier keine Items sind, werfe diese Quest ab.",1,4,-,2,Verliere 1 SP,2,"Erhalte 1 Item vom Markt, das du nutzen kannst.",Held auf der Hauptstadt: +1 LILA
EN,Core,Tua Than Allies,It took half a moon of ceremonial dancing with the Wave Singers before the Oracle would appear.,,"Gain this card. In combat on Marsh hexes, you gain +1 BLUE in Clash. Discard this to double all your SHIELDS this round.",Lose 1 VP. Discard this Quest.,1,3,1 VP,1,-,2,-,If your Hero is on a Marsh hex +1 RED
DE,Core,Tua-Than-Verbündete,"Es benötigte einen Halbmond an zeremoniellen Tänzen mit den Wellensängern, ehe das Orakel sich zeigte.",,Erhalte diese Karte. Nahkampf in Sumpf-Hexfeldern: Erhalte +1 BLUE. Abwerfen: Verdoppel deine SCHILDE.,Verliere 1 SP. Werfe diese Quest ab.,1,3,1 SP,1,-,2,-,Held auf einem Sumpf-Hexfeld: +1 ROT
EN,Core,Willing to Fight,"After The Butcher's scorched earth offensive, freeing his captives and arming them for their revenge was imperative.",,Place 1 Basic Unit on each of your Havens. Every other player places 1 Basic Unit on any of their Haven or explored empty hex. Discard this Quest.,Lose 2 resources otherwise The Empire gains 2 VP.,1,3,1 VP,1,You may discard any Items from the Market,2,-,If your Hero is on a hex with enemy Units +1 RED
DE,Core,Freiwillige ausbilden,"Nach den Gräueltaten des Schlächters mangelte es nicht an Freiwilligen, die sich an der Waffe ausbilden ließen, um Rache zu nehmen.",,"Platziere 1 Basis-Einheit in jeder deiner Zufluchten. Alle anderen Spieler platzieren 1 Basis-Einheit in einer ihrer Zufluchten oder leerem, erkundeten Hexfeld. Werfe diese Quest ab.","Verliere 2 Resourcen, oder, wenn nicht möglich, erhält das Imperium 2 SP.",1,3,1 SP,1,Du kannst beliebige Items vom Markt abwerfen.,2,-,Held auf einem Hexfeld mit gegnerischen Einheiten: +1 ROT