"Qty","Avg","No.","Name","Link","Color","Cost","Flavor","Printed Star","Star Card","Type","Effect","Done","Artist","Check"
"","","1","Rete Magnetica","https://generationship.s3.eu-central-1.amazonaws.com/TTS/Tech/GS+Techs+44x67mm.png","Dust","0","La polvere è per lo più idrogeno.","","No","Place","Nessun effetto","Done","Alex",""
"","","2","Rete Magnetica","https://generationship.s3.eu-central-1.amazonaws.com/TTS/Tech/GS+Techs+44x67mm2.png","Dust","0","La polvere è per lo più idrogeno.","","No","Place","Nessun effetto","Done","Alex",""
"","","3","Habitat Gonfiabili","https://generationship.s3.eu-central-1.amazonaws.com/TTS/Tech/GS+Techs+44x67mm3.png","Dust","2","Puf. Puf. Pianeta.","⭐","Yes","Score","⭐","Done","Daniel",""
"","","4","Habitat Gonfiabili","https://generationship.s3.eu-central-1.amazonaws.com/TTS/Tech/GS+Techs+44x67mm4.png","Dust","2","Puf. Puf. Pianeta.","⭐","Yes","Score","⭐","Done","Daniel",""
"","","5","Droni da Carico","https://generationship.s3.eu-central-1.amazonaws.com/TTS/Tech/GS+Techs+44x67mm5.png","Dust","2","Contaminante estraneo!","","No","Place","Puoi spostare le risorse immagazzinate e le carte messe da parte tra i settori.","Done","Daniel",""
"","","6","Droni da Carico","https://generationship.s3.eu-central-1.amazonaws.com/TTS/Tech/GS+Techs+44x67mm6.png","Dust","2","Contaminante estraneo!","","No","Place","Puoi spostare le risorse immagazzinate e le carte messe da parte tra i settori.","Done","Daniel",""
"","","7","Container","https://generationship.s3.eu-central-1.amazonaws.com/TTS/Tech/GS+Techs+44x67mm7.png","Dust","2","Portiamo il capitalismo su un pianeta vicino a te.","","No","Place","Immagazzina 1 Dust, 1 Metals o 1 Liquids.","Done","?",""
"","","8","Container","https://generationship.s3.eu-central-1.amazonaws.com/TTS/Tech/GS+Techs+44x67mm8.png","Dust","2","Portiamo il capitalismo su un pianeta vicino a te.","","No","Place","Immagazzina 1 Dust, 1 Metals o 1 Liquids.","Done","Daniel",""
"","","9","Laboratori Chimici","https://generationship.s3.eu-central-1.amazonaws.com/TTS/Tech/GS+Techs+44x67mm9.png","Dust","2","La chimica è alla base del divertimento.","","No","Place","Fondi 1:1 due volte. Se questo settore è completamente ottimizzato, guadagna anche 2 Dust.","Done","Daniel",""
"","","10","Laboratori Chimici","https://generationship.s3.eu-central-1.amazonaws.com/TTS/Tech/GS+Techs+44x67mm10.png","Dust","2","La chimica è alla base del divertimento.","","No","Place","Fondi 1:1 due volte. Se questo settore è completamente ottimizzato, guadagna anche 2 Dust.","Done","Daniel",""
"","","11","Hangar","https://generationship.s3.eu-central-1.amazonaws.com/TTS/Tech/GS+Techs+44x67mm11.png","Dust","1","Mi dispiace, Dave. Temo di non poterlo fare.","","No","Place","Se questo settore è nuovo, guadagna 3 Dust.","Done","?",""
"","","12","Hangar","https://generationship.s3.eu-central-1.amazonaws.com/TTS/Tech/GS+Techs+44x67mm12.png","Dust","1","Mi dispiace, Dave. Temo di non poterlo fare.","","No","Place","Se questo settore è nuovo, guadagna 3 Dust.","Done","Daniel",""
"","","13","Portello Antico","https://generationship.s3.eu-central-1.amazonaws.com/TTS/Tech/GS+Techs+44x67mm13.png","Dust","2","Riscoprire gli antichi metodi.","","No","Place","Rivela 1 settore, guadagna 1 risorsa di quel colore. Puoi fare un'offerta per esso.","Done","Daniel",""
"","","14","Portello Antico","https://generationship.s3.eu-central-1.amazonaws.com/TTS/Tech/GS+Techs+44x67mm14.png","Dust","2","Riscoprire gli antichi metodi.","","No","Place","Rivela 1 settore, guadagna 1 risorsa di quel colore. Puoi fare un'offerta per esso.","Done","Daniel",""
"","","15","Sintetizzatore Chimico","https://generationship.s3.eu-central-1.amazonaws.com/TTS/Tech/GS+Techs+44x67mm15.png","Dust","2","Centinaia di gusti che sanno tutti uguali.","","No","Place","Metti 1 carta a faccia in giù sotto questo settore, poi pesca 1.","Done","Daniel",""
"","","16","Sintetizzatore Chimico","https://generationship.s3.eu-central-1.amazonaws.com/TTS/Tech/GS+Techs+44x67mm16.png","Dust","2","Centinaia di gusti che sanno tutti uguali.","","No","Place","Metti 1 carta a faccia in giù sotto questo settore, poi pesca 1.","Done","Daniel",""
"","","17","Cattura di Asteroidi","https://generationship.s3.eu-central-1.amazonaws.com/TTS/Tech/GS+Techs+44x67mm17.png","Dust","2","Lottare con le rocce è una tradizione di famiglia.","","No","Place","Fondi 1:1 due volte. Se questo settore è nuovo, pesca anche 1.","Done","Daniel",""
"","","18","Cattura di Asteroidi","https://generationship.s3.eu-central-1.amazonaws.com/TTS/Tech/GS+Techs+44x67mm18.png","Dust","2","Lottare con le rocce è una tradizione di famiglia.","","No","Place","Fondi 1:1 due volte. Se questo settore è nuovo, pesca anche 1.","Done","Daniel",""
"","","19","Biblioteca Stampata","https://generationship.s3.eu-central-1.amazonaws.com/TTS/Tech/GS+Techs+44x67mm19.png","Dust","2","Carta o plastica?","","No","Place","Metti 1 carta a faccia in giù sotto questo settore. Se è completamente ottimizzato, pesca anche 2.","Done","Daniel",""
"","","20","Biblioteca Stampata","https://generationship.s3.eu-central-1.amazonaws.com/TTS/Tech/GS+Techs+44x67mm20.png","Dust","2","Carta o plastica?","","No","Place","Metti 1 carta a faccia in giù sotto questo settore. Se è completamente ottimizzato, pesca anche 2.","Done","Daniel",""
"","","21","Nube di Gas","https://generationship.s3.eu-central-1.amazonaws.com/TTS/Tech/GS+Techs+44x67mm21.png","Dust","0","Gas di passaggio... e non solo.","","No","Place","Ogni giocatore pesca 1.","Done","Nebula",""
"","","22","Nube di Gas","https://generationship.s3.eu-central-1.amazonaws.com/TTS/Tech/GS+Techs+44x67mm22.png","Dust","0","Gas di passaggio... e non solo.","","No","Place","Ogni giocatore pesca 1.","Done","Daniel",""
"","","23","Filtro a Osmosi","https://generationship.s3.eu-central-1.amazonaws.com/TTS/Tech/GS+Techs+44x67mm23.png","Dust","1","Meglio non pensare a da dove viene.","","No","Place","Ricicla 1, poi pesca 1.","Done","Daniel",""
"","","24","Filtro a Osmosi","https://generationship.s3.eu-central-1.amazonaws.com/TTS/Tech/GS+Techs+44x67mm24.png","Dust","1","Meglio non pensare a da dove viene.","","No","Place","Ricicla 1, poi pesca 1.","Done","Daniel",""
"","","25","Cometa di Passaggio","https://generationship.s3.eu-central-1.amazonaws.com/TTS/Tech/GS+Techs+44x67mm25.png","Dust","1","Basta spararci sopra con i laser.","","No","Place","Pesca 1, poi riciclala.","Done","Alex",""
"26","1,46","26","Cometa di Passaggio","https://generationship.s3.eu-central-1.amazonaws.com/TTS/Tech/GS+Techs+44x67mm26.png","Dust","1","Basta spararci sopra con i laser.","","No","Place","Pesca 1, poi riciclala.","Done","Daniel",""
"","","27","Scafo Magnetizzato","https://generationship.s3.eu-central-1.amazonaws.com/TTS/Tech/GS+Techs+44x67mm27.png","Metals","1","Che si dice?","","No","Place","Se questo settore è completo, guadagna 1 Organix o 1 Electrix.","Done","Daniel",""
"","","28","Scafo Magnetizzato","https://generationship.s3.eu-central-1.amazonaws.com/TTS/Tech/GS+Techs+44x67mm28.png","Metals","1","Che si dice?","","No","Place","Se questo settore è completo, guadagna 1 Organix o 1 Electrix.","Done","Daniel",""
"","","29","Cella a Idrogeno","https://generationship.s3.eu-central-1.amazonaws.com/TTS/Tech/GS+Techs+44x67mm29.png","Metals","1","Il 75% della massa dell'universo.","","No","Place","Se questo settore è nuovo, fondi 1:1 due volte.","Done","Daniel",""
"","","30","Cella a Idrogeno","https://generationship.s3.eu-central-1.amazonaws.com/TTS/Tech/GS+Techs+44x67mm30.png","Metals","1","Il 75% della massa dell'universo.","","No","Place","Se questo settore è nuovo, fondi 1:1 due volte.","Done","Daniel",""
"","","31","Fonderia","https://generationship.s3.eu-central-1.amazonaws.com/TTS/Tech/GS+Techs+44x67mm31.png","Metals","2","L'ultima novità!","","No","Place","Fondi 1:1 tre volte. Se questo settore è completamente ottimizzato, immagazzina 1 Metals.","Done","Daniel",""
"","","32","Fonderia","https://generationship.s3.eu-central-1.amazonaws.com/TTS/Tech/GS+Techs+44x67mm32.png","Metals","2","L'ultima novità!","","No","Place","Fondi 1:1 tre volte. Se questo settore è completamente ottimizzato, immagazzina 1 Metals.","Done","Daniel",""
"","","33","Sintetizzatore a Fusione","https://generationship.s3.eu-central-1.amazonaws.com/TTS/Tech/GS+Techs+44x67mm33.png","Metals","2","Quando non trovi la nube di polvere giusta.","","No","Place","Fondi 1:1 qualsiasi Dust.","Done","Alex",""
"","","34","Sintetizzatore a Fusione","https://generationship.s3.eu-central-1.amazonaws.com/TTS/Tech/GS+Techs+44x67mm34.png","Metals","2","Quando non trovi la nube di polvere giusta.","","No","Place","Fondi 1:1 qualsiasi Dust.","Done","Alex",""
"","","35","Robot Pulitore","https://generationship.s3.eu-central-1.amazonaws.com/TTS/Tech/GS+Techs+44x67mm35.png","Metals","3","Raccoglie polvere preziosa all'interno della nave.","","No","Place","Ricicla 1, ma guadagna la risorsa due volte.","Done","Daniel",""
"","","36","Robot Pulitore","https://generationship.s3.eu-central-1.amazonaws.com/TTS/Tech/GS+Techs+44x67mm36.png","Metals","3","Raccoglie polvere preziosa all'interno della nave.","","No","Place","Ricicla 1, ma guadagna la risorsa due volte.","Done","Daniel",""
"","","37","Radar dello Spazio Profondo","https://generationship.s3.eu-central-1.amazonaws.com/TTS/Tech/GS+Techs+44x67mm37.png","Metals","2","Ping!","","No","Place","Rivela 2 spedizioni. Puoi fare un'offerta per 1.","Done","Alex",""
"","","38","Radar dello Spazio Profondo","https://generationship.s3.eu-central-1.amazonaws.com/TTS/Tech/GS+Techs+44x67mm38.png","Metals","2","Ping!","","No","Place","Rivela 2 spedizioni. Puoi fare un'offerta per 1.","Done","Alex",""
"","","39","Manodopera Robotica","https://generationship.s3.eu-central-1.amazonaws.com/TTS/Tech/GS+Techs+44x67mm39.png","Metals","2","Bisogna tenere bassi i costi del lavoro.","","No","Place","Se questo settore è nuovo, ricicla fino a 2, poi pesca altrettante.","Done","Daniel",""
"","","40","Manodopera Robotica","https://generationship.s3.eu-central-1.amazonaws.com/TTS/Tech/GS+Techs+44x67mm40.png","Metals","2","Bisogna tenere bassi i costi del lavoro.","","No","Place","Se questo settore è nuovo, ricicla fino a 2, poi pesca altrettante.","Done","Daniel",""
"","","41","Scafo Trasformabile","https://generationship.s3.eu-central-1.amazonaws.com/TTS/Tech/GS+Techs+44x67mm41.png","Metals","2","Più di quanto sembri a prima vista.","","No","Place","Rivela 1 settore, guadagna 1 risorsa di quel colore. Puoi fare un'offerta per esso.","Done","Daniel",""
"","","42","Scafo Trasformabile","https://generationship.s3.eu-central-1.amazonaws.com/TTS/Tech/GS+Techs+44x67mm42.png","Metals","2","Più di quanto sembri a prima vista.","","No","Place","Rivela 1 settore, guadagna 1 risorsa di quel colore. Puoi fare un'offerta per esso.","Done","Daniel",""
"","","43","Capsule da Carico","https://generationship.s3.eu-central-1.amazonaws.com/TTS/Tech/GS+Techs+44x67mm43.png","Metals","1","Un tasso di successo del 90% è abbastanza buono.","⭐","Yes","Score","⭐","Done","?",""
"","","44","Capsule da Carico","https://generationship.s3.eu-central-1.amazonaws.com/TTS/Tech/GS+Techs+44x67mm44.png","Metals","1","Un tasso di successo del 90% è abbastanza buono.","⭐","Yes","Score","⭐","Done","Daniel",""
"","","45","Moduli di Atterraggio da Carico","https://generationship.s3.eu-central-1.amazonaws.com/TTS/Tech/GS+Techs+44x67mm45.png","Metals","2","Come pilotare un mattone da 10.000 tonnellate.","⭐⭐","Yes","Score","⭐⭐","Done","?",""
"","","46","Moduli di Atterraggio da Carico","https://generationship.s3.eu-central-1.amazonaws.com/TTS/Tech/GS+Techs+44x67mm46.png","Metals","2","Come pilotare un mattone da 10.000 tonnellate.","⭐⭐","Yes","Score","⭐⭐","Done","Daniel",""
"","","47","Compattatore di Rifiuti","https://generationship.s3.eu-central-1.amazonaws.com/TTS/Tech/GS+Techs+44x67mm47.png","Metals","3","Che odore incredibile hai scoperto!","","No","Always","Quando ricicli carte Dust, guadagna 1 Dust extra.","Done","Daniel",""
"","","48","Compattatore di Rifiuti","https://generationship.s3.eu-central-1.amazonaws.com/TTS/Tech/GS+Techs+44x67mm48.png","Metals","3","Che odore incredibile hai scoperto!","","No","Always","Quando ricicli carte Dust, guadagna 1 Dust extra.","Done","Daniel",""
"","","49","Gestione dei Rifiuti","https://generationship.s3.eu-central-1.amazonaws.com/TTS/Tech/GS+Techs+44x67mm49.png","Metals","2","Nello spazio, tutti sono esperti.","","No","Always","Acquista carte tecnologia Liquids per -1 Liquids.","Done","Daniel",""
"","","50","Assorbitore di Radiazioni","https://generationship.s3.eu-central-1.amazonaws.com/TTS/Tech/GS+Techs+44x67mm50.png","Metals","3","Perché farla rimbalzare quando puoi raccoglierla?","","No","Place","Se questo settore è completo, ricicla fino a 3, poi pesca altrettante.","Done","?",""
"25","2,00","51","Assorbitore di Radiazioni","https://generationship.s3.eu-central-1.amazonaws.com/TTS/Tech/GS+Techs+44x67mm51.png","Metals","3","Perché farla rimbalzare quando puoi raccoglierla?","","No","Place","Se questo settore è completo, ricicla fino a 3, poi pesca altrettante.","Done","Daniel",""
"","","52","Sistema di Controllo Atmosferico","https://generationship.s3.eu-central-1.amazonaws.com/TTS/Tech/GS+Techs+44x67mm52.png","Liquids","1","Ahhhh.","","No","Place","Se questo settore è nuovo, pesca 1.","Done","Daniel",""
"","","53","Sistema di Controllo Atmosferico","https://generationship.s3.eu-central-1.amazonaws.com/TTS/Tech/GS+Techs+44x67mm53.png","Liquids","1","Ahhhh.","","No","Place","Se questo settore è nuovo, pesca 1.","Done","Daniel",""
"","","54","Estrazione di Ghiaccio","https://generationship.s3.eu-central-1.amazonaws.com/TTS/Tech/GS+Techs+44x67mm54.png","Liquids","1","Lavoriamo sodo perché tu possa avere una bevanda fredda.","","No","Place","Rivela 1 spedizione. Puoi fare un'offerta per essa.","Done","Alex",""
"","","55","Estrazione di Ghiaccio","https://generationship.s3.eu-central-1.amazonaws.com/TTS/Tech/GS+Techs+44x67mm55.png","Liquids","1","Lavoriamo sodo perché tu possa avere una bevanda fredda.","","No","Place","Rivela 1 spedizione. Puoi fare un'offerta per essa.","Done","Alex",""
"","","56","Centro Medico","https://generationship.s3.eu-central-1.amazonaws.com/TTS/Tech/GS+Techs+44x67mm56.png","Liquids","2","Questo deve andare lassù. Sono un medico.","","No","Place","Pesca 2, riciclane 1.","Done","Daniel",""
"","","57","Centro Medico","https://generationship.s3.eu-central-1.amazonaws.com/TTS/Tech/GS+Techs+44x67mm57.png","Liquids","2","Questo deve andare lassù. Sono un medico.","","No","Place","Pesca 2, riciclane 1.","Done","Daniel",""
"","","58","Purificatore","https://generationship.s3.eu-central-1.amazonaws.com/TTS/Tech/GS+Techs+44x67mm58.png","Liquids","1","Perché sono di nuovo l'unico a riempirlo?","⭐","Yes","Score","⭐","Done","?",""
"","","59","Purificatore","https://generationship.s3.eu-central-1.amazonaws.com/TTS/Tech/GS+Techs+44x67mm59.png","Liquids","1","Perché sono di nuovo l'unico a riempirlo?","⭐","Yes","Score","⭐","Done","Daniel",""
"","","60","Generatore di Suolo","https://generationship.s3.eu-central-1.amazonaws.com/TTS/Tech/GS+Techs+44x67mm60.png","Liquids","2","A volte hai solo voglia di sporcarti.","⭐⭐","Yes","Score","⭐⭐","Done","Daniel",""
"","","61","Generatore di Suolo","https://generationship.s3.eu-central-1.amazonaws.com/TTS/Tech/GS+Techs+44x67mm61.png","Liquids","2","A volte hai solo voglia di sporcarti.","⭐⭐","Yes","Score","⭐⭐","Done","Daniel",""
"","","62","Biodomi","https://generationship.s3.eu-central-1.amazonaws.com/TTS/Tech/GS+Techs+44x67mm62.png","Liquids","3","""No, ho detto coltivazione in CUPOLA!""","","No","Always","Quando posizioni una carta Liquids, pesca 1 (inclusa questa).","Done","Alex",""
"","","63","Biodomi","https://generationship.s3.eu-central-1.amazonaws.com/TTS/Tech/GS+Techs+44x67mm63.png","Liquids","3","""No, ho detto coltivazione in CUPOLA!""","","No","Always","Quando posizioni una carta Liquids, pesca 1 (inclusa questa).","Done","Alex",""
"","","64","Scudo di Ghiaccio","https://generationship.s3.eu-central-1.amazonaws.com/TTS/Tech/GS+Techs+44x67mm64.png","Liquids","3","Questa è solo la punta dell'iceberg.","","No","Place","Pesca 2. Se questo settore è completo, pesca 3 invece.","Done","Alex",""
"","","65","Scudo di Ghiaccio","https://generationship.s3.eu-central-1.amazonaws.com/TTS/Tech/GS+Techs+44x67mm65.png","Liquids","3","Questa è solo la punta dell'iceberg.","","No","Place","Pesca 2. Se questo settore è completo, pesca 3 invece.","Done","Alex",""
"","","66","Scafo Gonfiabile","https://generationship.s3.eu-central-1.amazonaws.com/TTS/Tech/GS+Techs+44x67mm66.png","Liquids","3","L'inflazione è salita del 13%.","","No","Place","Rivela 3 settori. Salta l'offerta, guadagna un settore Dust o Liquids gratuitamente.","Done","?",""
"","","67","Scafo Gonfiabile","https://generationship.s3.eu-central-1.amazonaws.com/TTS/Tech/GS+Techs+44x67mm67.png","Liquids","3","L'inflazione è salita del 13%.","","No","Place","Rivela 3 settori. Salta l'offerta, guadagna un settore Dust o Liquids gratuitamente.","Done","Daniel",""
"","","68","Stagioni","https://generationship.s3.eu-central-1.amazonaws.com/TTS/Tech/GS+Techs+44x67mm68.png","Liquids","4","È primavera per l'umanità lontana!","","No","Always","La prossima carta tecnologia posizionata qui costa -2.","Done","Daniel",""
"","","69","Incontro con un Buco Nero","https://generationship.s3.eu-central-1.amazonaws.com/TTS/Tech/GS+Techs+44x67mm69.png","Liquids","1","Questa piccola manovra ci costerà 51 anni.","","No","Place","Rimescola fino a 3 spedizioni nel mazzo, poi rivelane altrettante.","Done","Alex",""
"","","70","Incontro con un Buco Nero","https://generationship.s3.eu-central-1.amazonaws.com/TTS/Tech/GS+Techs+44x67mm70.png","Liquids","1","Questa piccola manovra ci costerà 51 anni.","","No","Place","Rimescola fino a 3 spedizioni nel mazzo, poi rivelane altrettante.","Done","Alex",""
"","","71","Ciclo Giorno-Notte","https://generationship.s3.eu-central-1.amazonaws.com/TTS/Tech/GS+Techs+44x67mm71.png","Liquids","2","È lunedì e devi lavorare tutto il giorno.","","No","Always","La prossima carta tecnologia posizionata qui costa -1.","Done","Alex",""
"","","72","Ciclo Giorno-Notte","https://generationship.s3.eu-central-1.amazonaws.com/TTS/Tech/GS+Techs+44x67mm72.png","Liquids","2","È lunedì e devi lavorare tutto il giorno.","","No","Always","La prossima carta tecnologia posizionata qui costa -1.","Done","Alex",""
"","","73","Riflettori","https://generationship.s3.eu-central-1.amazonaws.com/TTS/Tech/GS+Techs+44x67mm73.png","Liquids","2","Qui Bowie a Bowie...","","No","Place","Copia l'effetto di posizionamento di un'altra carta in questo settore.","Done","Daniel",""
"","","74","Riflettori","https://generationship.s3.eu-central-1.amazonaws.com/TTS/Tech/GS+Techs+44x67mm74.png","Liquids","2","Qui Bowie a Bowie...","","No","Place","Copia l'effetto di posizionamento di un'altra carta in questo settore.","Done","Daniel",""
"","","75","Criogenia","https://generationship.s3.eu-central-1.amazonaws.com/TTS/Tech/GS+Techs+44x67mm75.png","Liquids","2","Esperti di voli senza ali.","","No","Place","Metti fino a 2 carte a faccia in giù sotto questo settore, poi pesca altrettante.","Done","Daniel",""
"25","2,00","76","Criogenia","https://generationship.s3.eu-central-1.amazonaws.com/TTS/Tech/GS+Techs+44x67mm76.png","Liquids","2","Esperti di voli senza ali.","","No","Place","Metti fino a 2 carte a faccia in giù sotto questo settore, poi pesca altrettante.","Done","Daniel",""
"","","77","Pesci","https://generationship.s3.eu-central-1.amazonaws.com/TTS/Tech/GS+Techs+44x67mm77.png","Organix","1","Il Teki Maki di Tau Ceti è delizioso.","⭐","Yes","Score","⭐","Done","Daniel",""
"","","78","Pesci","https://generationship.s3.eu-central-1.amazonaws.com/TTS/Tech/GS+Techs+44x67mm78.png","Organix","1","Il Teki Maki di Tau Ceti è delizioso.","⭐","Yes","Score","⭐","Done","Daniel",""
"","","79","Uccelli","https://generationship.s3.eu-central-1.amazonaws.com/TTS/Tech/GS+Techs+44x67mm79.png","Organix","2","In realtà, mandati dal governo.","⭐⭐","Yes","Score","⭐⭐","Done","Daniel",""
"","","80","Uccelli","https://generationship.s3.eu-central-1.amazonaws.com/TTS/Tech/GS+Techs+44x67mm80.png","Organix","2","In realtà, mandati dal governo.","⭐⭐","Yes","Score","⭐⭐","Done","Daniel",""
"","","81","Mammiferi","https://generationship.s3.eu-central-1.amazonaws.com/TTS/Tech/GS+Techs+44x67mm81.png","Organix","3","...tre volte non ci casco...","⭐⭐⭐","Yes","Score","⭐⭐⭐","Done","Daniel",""
"","","82","Mammiferi","https://generationship.s3.eu-central-1.amazonaws.com/TTS/Tech/GS+Techs+44x67mm82.png","Organix","3","...tre volte non ci casco...","⭐⭐⭐","Yes","Score","⭐⭐⭐","Done","Daniel",""
"","","83","Colture","https://generationship.s3.eu-central-1.amazonaws.com/TTS/Tech/GS+Techs+44x67mm83.png","Organix","1","Mmm, torte spaziali!","⭐","Yes","Always","Guadagna 1 Organix per ogni stella stampata sulla prossima carta posizionata qui.","Done","Daniel",""
"","","84","Scafo Vivente","https://generationship.s3.eu-central-1.amazonaws.com/TTS/Tech/GS+Techs+44x67mm84.png","Organix","2","Lento ma efficiente.","⭐","Yes","Always","Pesca 1 carta per ogni stella stampata sulla prossima carta posizionata qui.","Done","Daniel",""
"","","85","Insetti","https://generationship.s3.eu-central-1.amazonaws.com/TTS/Tech/GS+Techs+44x67mm85.png","Organix","1","Spesso ti mettono in situazioni appiccicose.","","No","Always","Quando posizioni un nuovo colore di carta su questo settore, immagazzina 1 risorsa di quel colore su questo settore.","Done","Daniel",""
"","","86","Carni da Laboratorio","https://generationship.s3.eu-central-1.amazonaws.com/TTS/Tech/GS+Techs+44x67mm86.png","Organix","2","Coltivato localmente.","","No","Place","Se questo settore è completamente ottimizzato, guadagna 6 Dust.","Done","Alex",""
"","","87","Carni da Laboratorio","https://generationship.s3.eu-central-1.amazonaws.com/TTS/Tech/GS+Techs+44x67mm87.png","Organix","2","Coltivato localmente.","","No","Place","Se questo settore è completamente ottimizzato, guadagna 6 Dust.","Done","Alex",""
"","","88","Quartiere degli Artisti","https://generationship.s3.eu-central-1.amazonaws.com/TTS/Tech/GS+Techs+44x67mm88.png","Organix","2","Meglio di Cats.","","No","Place","Metti 3 carte a faccia in giù sotto questo settore. Se questo settore è completamente ottimizzato, mettine invece 1 a faccia in su.","Done","Daniel",""
"","","89","Quartiere degli Artisti","https://generationship.s3.eu-central-1.amazonaws.com/TTS/Tech/GS+Techs+44x67mm89.png","Organix","2","Meglio di Cats.","","No","Place","Metti 3 carte a faccia in giù sotto questo settore. Se questo settore è completamente ottimizzato, mettine invece 1 a faccia in su.","Done","Daniel",""
"","","90","Banche dei Semi","https://generationship.s3.eu-central-1.amazonaws.com/TTS/Tech/GS+Techs+44x67mm90.png","Organix","2","Occhiolino occhiolino, gomitata gomitata.","","No","Place","Ricicla un numero qualsiasi di carte, ma immagazzina le risorse su questo settore invece.","Done","Daniel",""
"","","91","Banche dei Semi","https://generationship.s3.eu-central-1.amazonaws.com/TTS/Tech/GS+Techs+44x67mm91.png","Organix","2","Occhiolino occhiolino, gomitata gomitata.","","No","Place","Ricicla un numero qualsiasi di carte, ma immagazzina le risorse su questo settore invece.","Done","Daniel",""
"","","92","Collegamento Mentale PC","https://generationship.s3.eu-central-1.amazonaws.com/TTS/Tech/GS+Techs+44x67mm92.png","Organix","3","Guarda mamma, senza mani!","","No","Place","Pesca 2. Se questo settore è completo, pesca 4 invece.","Done","?",""
"","","93","Collegamento Mentale PC","https://generationship.s3.eu-central-1.amazonaws.com/TTS/Tech/GS+Techs+44x67mm93.png","Organix","3","Guarda mamma, senza mani!","","No","Place","Pesca 2. Se questo settore è completo, pesca 4 invece.","Done","Daniel",""
"","","94","Laser Terrestre","https://generationship.s3.eu-central-1.amazonaws.com/TTS/Tech/GS+Techs+44x67mm94.png","Organix","2","Solo 5 anni all'episodio finale!","","No","Place","Pesca 3, mettine 1 a faccia in giù sotto questo settore.","Done","Alex",""
"","","95","Laser Terrestre","https://generationship.s3.eu-central-1.amazonaws.com/TTS/Tech/GS+Techs+44x67mm95.png","Organix","2","Solo 5 anni all'episodio finale!","","No","Place","Pesca 3, mettine 1 a faccia in giù sotto questo settore.","Done","Alex",""
"","","96","Funghi","https://generationship.s3.eu-central-1.amazonaws.com/TTS/Tech/GS+Techs+44x67mm96.png","Organix","2","Accidenti, Celia è proprio simpatica.","","No","Place","Immagazzina 1 risorsa a scelta. Se questo settore è completo, immagazzinane 2 invece.","Done","Daniel",""
"21","2,00","97","Funghi","https://generationship.s3.eu-central-1.amazonaws.com/TTS/Tech/GS+Techs+44x67mm97.png","Organix","2","Accidenti, Celia è proprio simpatica.","","No","Place","Immagazzina 1 risorsa a scelta. Se questo settore è completo, immagazzinane 2 invece.","Done","Daniel",""
"","","98","Reattore Portatile","https://generationship.s3.eu-central-1.amazonaws.com/TTS/Tech/GS+Techs+44x67mm98.png","Electrix","1","No, si pronuncia nucleare.","⭐","Yes","Score","⭐","Done","Daniel",""
"","","99","Reattore Portatile","https://generationship.s3.eu-central-1.amazonaws.com/TTS/Tech/GS+Techs+44x67mm99.png","Electrix","1","No, si pronuncia nucleare.","⭐","Yes","Score","⭐","Done","Daniel",""
"","","100","Energia Solare","https://generationship.s3.eu-central-1.amazonaws.com/TTS/Tech/GS+Techs+44x67mm100.png","Electrix","2","Prendendo un po' di raggi cosmici.","⭐⭐","Yes","Score","⭐⭐","Done","Daniel",""
"","","101","Energia Solare","https://generationship.s3.eu-central-1.amazonaws.com/TTS/Tech/GS+Techs+44x67mm101.png","Electrix","2","Prendendo un po' di raggi cosmici.","⭐⭐","Yes","Score","⭐⭐","Done","Daniel",""
"","","102","Energia da Fusione","https://generationship.s3.eu-central-1.amazonaws.com/TTS/Tech/GS+Techs+44x67mm102.png","Electrix","3","Adoro la cucina fusion.","⭐⭐⭐","Yes","Score","⭐⭐⭐","Done","Daniel",""
"","","103","Energia da Fusione","https://generationship.s3.eu-central-1.amazonaws.com/TTS/Tech/GS+Techs+44x67mm103.png","Electrix","3","Adoro la cucina fusion.","⭐⭐⭐","Yes","Score","⭐⭐⭐","Done","Daniel",""
"","","104","Nanobot","https://generationship.s3.eu-central-1.amazonaws.com/TTS/Tech/GS+Techs+44x67mm104.png","Electrix","3","IKEA non ha nulla a che vedere con questo.","","No","Place","Guadagna 1 Electrix per ogni colore diverso su questo settore.","Done","Alex",""
"","","105","Nanobot","https://generationship.s3.eu-central-1.amazonaws.com/TTS/Tech/GS+Techs+44x67mm105.png","Electrix","3","IKEA non ha nulla a che vedere con questo.","","No","Place","Guadagna 1 Electrix per ogni colore diverso su questo settore.","Done","Daniel",""
"","","106","Biostampante","https://generationship.s3.eu-central-1.amazonaws.com/TTS/Tech/GS+Techs+44x67mm106.png","Electrix","2","Spero che ti piacciano i broccoli.","","No","Place","Guadagna 1 Organix. Se questo settore è completamente ottimizzato, guadagna 2 Organix invece.","Done","Alex",""
"","","107","Biostampante","https://generationship.s3.eu-central-1.amazonaws.com/TTS/Tech/GS+Techs+44x67mm107.png","Electrix","2","Spero che ti piacciano i broccoli.","","No","Place","Guadagna 1 Organix. Se questo settore è completamente ottimizzato, guadagna 2 Organix invece.","Done","Alex",""
"","","108","Archivi Quantistici","https://generationship.s3.eu-central-1.amazonaws.com/TTS/Tech/GS+Techs+44x67mm108.png","Electrix","2","Hai provato a qooglarlo?","⭐","Yes","Always","Immagazzina 1 risorsa a scelta per ogni stella stampata sulla prossima carta posizionata qui.","Done","Daniel",""
"","","109","Convertitore di Massa","https://generationship.s3.eu-central-1.amazonaws.com/TTS/Tech/GS+Techs+44x67mm109.png","Electrix","2","I massionari convertono gli eretici.","","No","Place","Fondi 1:1 quattro volte.","Done","Daniel",""
"","","110","Convertitore di Massa","https://generationship.s3.eu-central-1.amazonaws.com/TTS/Tech/GS+Techs+44x67mm110.png","Electrix","2","I massionari convertono gli eretici.","","No","Place","Fondi 1:1 quattro volte.","Done","Daniel",""
"","","111","Comunicazioni Interflotta","https://generationship.s3.eu-central-1.amazonaws.com/TTS/Tech/GS+Techs+44x67mm111.png","Electrix","1","Abbiamo l'autorizzazione, Clarence.","","No","Place","Pesca 1 per giocatore. Tienine 1, poi passa le carte a sinistra, ogni giocatore ne tiene 1.","Done","Daniel",""
"","","112","Comunicazioni Interflotta","https://generationship.s3.eu-central-1.amazonaws.com/TTS/Tech/GS+Techs+44x67mm112.png","Electrix","1","Abbiamo l'autorizzazione, Clarence.","","No","Place","Pesca 1 per giocatore. Tienine 1, poi passa le carte a sinistra, ogni giocatore ne tiene 1.","Done","Daniel",""
"","","113","Nanoassemblaggio","https://generationship.s3.eu-central-1.amazonaws.com/TTS/Tech/GS+Techs+44x67mm113.png","Electrix","2","La dimensione conta, eccome.","","No","Place","Fondi 1:1 tre volte, o sei volte se questo settore è completo.","Done","Alex",""
"","","114","Nanoassemblaggio","https://generationship.s3.eu-central-1.amazonaws.com/TTS/Tech/GS+Techs+44x67mm114.png","Electrix","2","La dimensione conta, eccome.","","No","Place","Fondi 1:1 tre volte, o sei volte se questo settore è completo.","Done","Alex",""
"","","115","Accademia Industriale","https://generationship.s3.eu-central-1.amazonaws.com/TTS/Tech/GS+Techs+44x67mm115.png","Electrix","1","...ed è così che si racconta una buona barzelletta.","","No","Always","Acquista carte tecnologia Metals per -1 Metals.","Done","Daniel",""
"","","116","Laboratori di Clonazione","https://generationship.s3.eu-central-1.amazonaws.com/TTS/Tech/GS+Techs+44x67mm116.png","Electrix","2","I grandi pensatori la pensano allo stesso modo!","","No","Always","Acquista carte tecnologia Organix per -1 Organix.","Done","Daniel",""
"","","117","Accademia di Fisica","https://generationship.s3.eu-central-1.amazonaws.com/TTS/Tech/GS+Techs+44x67mm117.png","Electrix","2","L'ho visto nei libri di storia. La Grande Mela!","","No","Always","Acquista carte tecnologia Electrix per -1 Electrix.","Done","Daniel",""
"21","2,00","118","Gancio Celeste","https://generationship.s3.eu-central-1.amazonaws.com/TTS/Tech/GS+Techs+44x67mm118.png","Electrix","3","Una consegna programmata ogni 7,4 minuti.","⭐","Yes","Always","Acquista carte tecnologia (Star Cards) per -1. (Qualsiasi carta con una stella stampata)","Done","Daniel",""
"","","119","Mercati","https://generationship.s3.eu-central-1.amazonaws.com/TTS/Tech/GS+Techs+44x67mm119.png","Thrust","1","Le mie gorram azioni sono nel cesso!","⭐","Yes","Score","⭐","Done","Daniel",""
"","","120","Mercati","https://generationship.s3.eu-central-1.amazonaws.com/TTS/Tech/GS+Techs+44x67mm120.png","Thrust","1","Le mie gorram azioni sono nel cesso!","⭐","Yes","Score","⭐","Done","Daniel",""
"","","121","Teatri","https://generationship.s3.eu-central-1.amazonaws.com/TTS/Tech/GS+Techs+44x67mm121.png","Thrust","2","Mi senti, Maggiore Tom?","⭐⭐⭐","Yes","Score","⭐⭐⭐","Done","Daniel",""
"","","122","Teatri","https://generationship.s3.eu-central-1.amazonaws.com/TTS/Tech/GS+Techs+44x67mm122.png","Thrust","2","Mi senti, Maggiore Tom?","⭐⭐⭐","Yes","Score","⭐⭐⭐","Done","Daniel",""
"","","123","Governo Civico","https://generationship.s3.eu-central-1.amazonaws.com/TTS/Tech/GS+Techs+44x67mm123.png","Thrust","3","Assumi in fretta, pentiti con calma.","⭐⭐⭐⭐⭐","Yes","Score","⭐⭐⭐⭐⭐","Done","Daniel",""
"","","124","Governo Civico","https://generationship.s3.eu-central-1.amazonaws.com/TTS/Tech/GS+Techs+44x67mm124.png","Thrust","3","Assumi in fretta, pentiti con calma.","⭐⭐⭐⭐⭐","Yes","Score","⭐⭐⭐⭐⭐","Done","Daniel",""
"","","125","Cultura Interplanetaria","https://generationship.s3.eu-central-1.amazonaws.com/TTS/Tech/GS+Techs+44x67mm125.png","Thrust","4","Ristorante a 7 stelle!","⭐⭐⭐⭐⭐⭐⭐","Yes","Score","⭐⭐⭐⭐⭐⭐⭐","Done","?",""
"","","126","Cultura Interplanetaria","https://generationship.s3.eu-central-1.amazonaws.com/TTS/Tech/GS+Techs+44x67mm126.png","Thrust","4","Ristorante a 7 stelle!","⭐⭐⭐⭐⭐⭐⭐","Yes","Score","⭐⭐⭐⭐⭐⭐⭐","Done","Daniel",""
"","","127","Spinta 1-G","https://generationship.s3.eu-central-1.amazonaws.com/TTS/Tech/GS+Techs+44x67mm127.png","Thrust","3","Ecco di nuovo quella parola, pesante.","","No","Always","Quando completi un settore, guadagna 1 Thrust.","Done","Daniel",""
"","","128","Spinta 1-G","https://generationship.s3.eu-central-1.amazonaws.com/TTS/Tech/GS+Techs+44x67mm128.png","Thrust","3","Ecco di nuovo quella parola, pesante.","","No","Always","Quando completi un settore, guadagna 1 Thrust.","Done","Daniel",""
"","","129","Replicatori","https://generationship.s3.eu-central-1.amazonaws.com/TTS/Tech/GS+Techs+44x67mm129.png","Thrust","3","Tè. Earl Grey. Caldo.","","No","Place","Per ogni carta qui, immagazzina 1 risorsa di quel colore su questo settore (inclusa questa).","Done","Daniel",""
"","","130","Replicatori","https://generationship.s3.eu-central-1.amazonaws.com/TTS/Tech/GS+Techs+44x67mm130.png","Thrust","3","Tè. Earl Grey. Caldo.","","No","Place","Per ogni carta qui, immagazzina 1 risorsa di quel colore su questo settore (inclusa questa).","Done","Daniel",""
"","","131","Radio a Entanglement Quantistico","https://generationship.s3.eu-central-1.amazonaws.com/TTS/Tech/GS+Techs+44x67mm131.png","Thrust","2","Qui di nuovo Bowie a Bowie.","","No","Place","Ricicla 2, mettile a faccia in giù sotto questo settore, poi pesca 2.","Done","Alex",""
"","","132","Radio a Entanglement Quantistico","https://generationship.s3.eu-central-1.amazonaws.com/TTS/Tech/GS+Techs+44x67mm132.png","Thrust","2","Qui di nuovo Bowie a Bowie.","","No","Place","Ricicla 2, mettile a faccia in giù sotto questo settore, poi pesca 2.","Done","Alex",""
"","","133","Acceleratore Tettonico","https://generationship.s3.eu-central-1.amazonaws.com/TTS/Tech/GS+Techs+44x67mm133.png","Thrust","2","Kabuum!","⭐","Yes","Place","Se hai 6 settori completamente ottimizzati: 9 ⭐","Done","Daniel",""
"","","134","Magnetosfera","https://generationship.s3.eu-central-1.amazonaws.com/TTS/Tech/GS+Techs+44x67mm134.png","Thrust","2","Maledetti magneti, come funzionano?","⭐","Yes","Place","Se hai 9 o più carte messe da parte: 6 ⭐","Done","Daniel",""
"","","135","Dispositivo Genesi","https://generationship.s3.eu-central-1.amazonaws.com/TTS/Tech/GS+Techs+44x67mm135.png","Thrust","2","Non ti mancherà mai lo spazio nello spazio!","⭐","Yes","Place","Se hai 6 o più carte Thrust: 6 ⭐","Done","Daniel",""
"","","136","Ascensore Spaziale","https://generationship.s3.eu-central-1.amazonaws.com/TTS/Tech/GS+Techs+44x67mm136.png","Thrust","2","Il mio momento di brillare.","⭐","Yes","Place","Se hai 12 o più risorse immagazzinate: 6 ⭐","Done","Daniel",""
"19","2,42","137","Processore Atmosferico","https://generationship.s3.eu-central-1.amazonaws.com/TTS/Tech/GS+Techs+44x67mm137.png","Thrust","2","Sia fatto l'albero, e l'albero fu.","⭐","Yes","Place","Se hai 6 o più settori completati: 9 ⭐","Done","Daniel",""
"","","","","","","","","","","","","Done","Daniel",
