"No.","Name","Link","Color","Cost","Flavor","Printed Star","Star card","Type","Effect","Effect 2","Done","Artist","Check"
"1","Portal de Einstein-Rosen","GS Expeditions 44x67mm26.png","Thrrust","2","¿Qué es un Op’rah?","⭐⭐","Yes","Always","Cuando colocas una (Star Card), almacena 1 suministro de ese color en ese sector.","(Los suministros almacenados valen 1⭐)","Done","Alex",""
"2","Tierra 2.0","GS Expeditions 44x67mm25.png","Thrrust","4","¡Son bienes raíces gratis!","⭐⭐","Yes","Score","Gana 2⭐ por cada carta (Star Card).
(Una carta con ⭐ impreso)","(Cualquier carta con estrella impresa)","Done","Alex",""
"3","Flotas del Éxodo","GS Expeditions 44x67mm24.png","Thrrust","3","¡Sigan a la Galactica!","⭐⭐","Yes","Score","Gana 2 ⭐ por cada carta Thrust. (incluida esta)","Máx. 24⭐","Done","Alex",""
"4","Superbucle Ecuatorial","GS Expeditions 44x67mm23.png","Thrrust","3","Solo unos pocos... pequeños... problemas técnicos.","⭐⭐","Yes","Score","Copia hasta 6⭐ de la carta superior en cada sector.","Máx. 36⭐","Done","Alex",""
"5","Planeta del Placer","GS Expeditions 44x67mm22.png","Thrrust","2","De origen local y vegano.","⭐⭐","Yes","Score","Gana 3⭐ por cada color de expedición diferente.","Máx. 15⭐","Done","Daniel",""
"6","Capital Galáctica","GS Expeditions 44x67mm21.png","Thrrust","3","Cada sector envía su tributo.","⭐⭐⭐⭐⭐⭐","Yes","Always","Roba 1 cuando compras una expedición.","⭐⭐⭐⭐⭐⭐","Done","Alex",""
"7","Planeta Terraformado","GS Expeditions 44x67mm20.png","Organix","2","Me parece que ya no estamos en Kansas.","⭐","Yes","Place","Recicla y archiva hasta 4 cartas boca abajo. Puedes almacenar los suministros reciclados.","(Las cartas boca abajo valen 1⭐)","Done","Alex",""
"8","Museo Galáctico","GS Expeditions 44x67mm19.png","Organix","2","Antiguos artefactos de la tribu SONY.","⭐","Yes","Always","Archiva 1 carta boca arriba o boca abajo cuando compras una expedición.","⭐","Done","Daniel",""
"9","Personalidades","GS Expeditions 44x67mm18.png","Organix","2","¡Tatarabuela está llamando!","⭐","Yes","Place","Roba 6. Archiva hasta 6 cartas boca abajo.","(Las cartas boca abajo valen 1⭐)","Done","Daniel",""
"10","Escultura de ADN","GS Expeditions 44x67mm17.png","Organix","3","Solo un poco de las puntas.","⭐","Yes","Place","Roba 3. Archiva hasta 3 cartas boca arriba bajo este sector.","(Gana las estrellas impresas en las cartas boca arriba)","Done","Alex",""
"11","Mundo Compatible","GS Expeditions 44x67mm16.png","Organix","2","Tú eres la especie invasora.","⭐⭐","Yes","Score","Gana 1⭐ por cada carta Organix. (incluida esta)","Máx. 12⭐","Done","Alex",""
"12","Propagación Astrobio","GS Expeditions 44x67mm15.png","Organix","2","Sembrando las estrellas a bajo coste.","⭐⭐","Yes","Score","Gana 3⭐ por cada sector con 2 o más cartas archivadas.","Máx. 24⭐","Done","Daniel",""
"13","Arca del Eón","GS Expeditions 44x67mm14.png","Electrix","2","Nube de Magallanes, allá vamos.","⭐⭐","Yes","Score","Gana 2⭐ por cada color de sector diferente.","Máx. 12⭐","Done","Alex",""
"14","Colonia de las Nubes","GS Expeditions 44x67mm10.png","Electrix","3","Perteneces aquí, entre las nubes.","⭐⭐","Yes","Score","Gana 1⭐ por cada carta archivada boca abajo.","Máx. 18⭐","Done","Alex",""
"15","Cuna Industrial","GS Expeditions 44x67mm12.png","Electrix","2","La última tecnología.","⭐⭐⭐⭐⭐","Yes","Always","Gana 1 Electrix cuando compras una expedición.","⭐⭐⭐⭐⭐","Done","Daniel",""
"16","Mente Colmena","GS Expeditions 44x67mm11.png","Electrix","3","¿Estás pensando lo mismo que yo?","⭐⭐","Yes","Score","Gana 1⭐ por cada carta Electrix. (incluida esta)","Máx. 12⭐","Done","Daniel",""
"17","Colonias de Asteroides","GS Expeditions 44x67mm13.png","Electrix","3","Mi sasa, Bossmang.","⭐⭐","Yes","Score","Gana 3⭐ por cada sector completo y totalmente optimizado.","Máx. 18⭐","Done","Daniel",""
"18","Planeta Urbanizado","GS Expeditions 44x67mm9.png","Electrix","2","¡Una nueva vida le espera en las colonias!","⭐⭐","Yes","Score","Gana 15⭐ por cada set de suministros almacenados (Dust, Metals, Liquids, Organix, Electrix, Thrust)","(Los suministros almacenados valen 1⭐)","Done","Daniel",""
"19","Millones de Colonos","GS Expeditions 44x67mm8.png","Liquids","3","Acabo de llegar y estoy atascado en el tráfico.","⭐⭐","Yes","Score","Gana 2⭐ por cada sector completo.","Máx. 12⭐","Done","Daniel",""
"20","Alianza","GS Expeditions 44x67mm7.png","Liquids","3","Menuda fiestecita.","⭐⭐","Yes","Score","Gana 2⭐ por cada expedición que tenga otro jugador.","Máx. 12⭐","Done","Daniel",""
"21","Planeta Polar","GS Expeditions 44x67mm5.png","Liquids","3","¡Hielo de verte!","⭐⭐","Yes","Score","Gana 2⭐ por cada color diferente de suministro almacenado en un sector.","Máx. 12⭐","Done","Alex",""
"22","Mundo Acuático","GS Expeditions 44x67mm6.png","Liquids","3","Tierra firme, ¡es nuestro destino!","⭐⭐","Yes","Score","Gana 2⭐ por cada sector con 1 o más cartas Liquids.","Máx. 12⭐","Done","Daniel",""
"23","Autorreplicación","GS Expeditions 44x67mm4.png","Metals","3","Spam Spam Spam Spam Spam","⭐⭐","Yes","Score","Gana 2⭐ por cada carta Metals en uno de tus sectores.
(incluido esto)","Máx. 12⭐","Done","Daniel",""
"24","Complejo de Lagrange","GS Expeditions 44x67mm3.png","Metals","3","El más agradable nido de escoria y villanía.","⭐⭐","Yes","Score","Gana 2⭐ por cada sector totalmente optimizado.","Máx. 12⭐","Done","Alex",""
"25","Puerto Comercial","GS Expeditions 44x67mm2.png","Metals","3","¡Shiny!","⭐⭐","Yes","Score","Gana 2⭐ por cada sector con 2 o más suministros almacenados.","Máx. 12⭐","Done","Alex",""
"26","Colonia de la Caldera","GS Expeditions 44x67mm.png","Metals","3","¿Por qué no 12 industrias mineras?","⭐⭐⭐","Yes","Place","Recicla cualquier cantidad de cartas de 1 sector y almacena los suministros en ese sector.","⭐⭐⭐","Done","Alex",""
"","","","","","","","","","","","Done","Daniel",""
