No.,Name,Link,Color,Cost,Art,Flavor,Star Card,Optimize 1,Effect,Done,Artist,Effect 2
1,Winterschläfer,https://generationship.s3.eu-central-1.amazonaws.com/TTS/Sector/GS+Sector+1+67x44mm6.png,Dust,2,,In der Frachtklasse ist es immer etwas kühl.,No,"Dust, Metals, Liquids","Lagere 3 dust auf beliebigen Sektoren.
",Done,Daniel,(1x optimieren = vollständig optimiert)
2,Simulatoren,https://generationship.s3.eu-central-1.amazonaws.com/TTS/Sector/GS+Sector+2+67x44mm6.png,Dust,2,,Innen ist es größer!,No,"Dust, Metals, Electrix",Ziehe 2.,Done,Daniel,(1x optimieren = vollständig optimiert)
3,Bioreaktor,https://generationship.s3.eu-central-1.amazonaws.com/TTS/Sector/GS+Sector+3+67x44mm6.png,Dust,2,,"Nichts verschwenden, nichts vermissen.",No,"Dust, Liquids, Organix","Recycle bis zu 4 Karten, ziehe dann ebenso viele.
",Done,Daniel,(1x optimieren = vollständig optimiert)
4,Wohnring,https://generationship.s3.eu-central-1.amazonaws.com/TTS/Sector/GS+Sector+4+67x44mm6.png,Dust,2,,"Ein Ring, sie zu knechten, sie alle zu finden, ins Dunkel zu treiben und ewig zu binden.",No,"Dust, Liquids, Liquids",Erhalte 8 Dust.,Done,Daniel,(1x optimieren = vollständig optimiert)
5,Operationen,https://generationship.s3.eu-central-1.amazonaws.com/TTS/Sector/GS+Sector+5+67x44mm6.png,Dust,2,,"Wer nicht plant, plant zu scheitern.",No,"Dust, Metals, Metals","Decke 1 Expedition auf, erhalte 1 Vorrat dieser Farbe. Du darfst darauf bieten.
",Done,Daniel,(1x optimieren = vollständig optimiert)
6,Frachträume,https://generationship.s3.eu-central-1.amazonaws.com/TTS/Sector/GS+Sector+6++67x44mm6.png,Dust,2,,Das gehört in ein Museum.,No,"Any, Any, Any, Any",Decke bis zu 3 Sektoren auf. Du darfst auf einen bieten.,Done,Daniel,(1x optimieren = vollständig optimiert)
