No.,Name,Link,Effect 1,Done,Artist,Effect 2
1,Titan,"GS Destiniations 89x63,5mm.png",Leicht (interplanetar) Kurz (2 Generationen),Done,Alex,"Mission: 5⭐ pro Spieler.
Shuttle: 1 Dust eine Karte an einen Spieler geben."
2,Mars,"GS Destiniations 89x63,5mm2.png",Leicht (interplanetar) Kurz (2 Generationen),,,"Mission: Lagere 3 Vorräte pro Spieler.
Shuttle: 1 Dust eine Karte an einen Spieler geben."
3,Venus,"GS Destiniations 89x63,5mm3.png",Leicht (interplanetar) Kurz (2 Generationen),,,"Mission: Jeder Spieler hat 5⭐.
Shuttle: 1 Dust eine Karte an einen Spieler geben."
4,Europa,"GS Destiniations 89x63,5mm4.png",Leicht (interplanetar) Kurz (2 Generationen),,,"Mission: 2 vollständig optimierte Sektoren pro Spieler.
Shuttle: 1 Dust eine Karte an einen Spieler geben."
5,Jupiter,"GS Destiniations 89x63,5mm5.png",Leicht (interplanetar) Kurz (2 Generationen),,,"Mission: 1 Thrust-Karten pro Spieler.
Shuttle: 1 Dust eine Karte an einen Spieler geben."
6,Luna,"GS Destiniations 89x63,5mm6.png",Leicht (interplanetar) Kurz (2 Generationen),,,"Mission: Jeder Spieler hat 2 komplettierte Sektoren.
Shuttle: Zahle 0 Dust, um eine Karte an einen beliebigen Spieler zu schicken.
"
7,Alpha Centauri,"GS Destiniations 89x63,5mm7.png",Normal (zirkumsolar) Mittel (3 Generationen),,,"Mission: 18⭐ pro Spieler.
Shuttle: 1 Dust eine Karte an einen Spieler geben."
8,Sirius,"GS Destiniations 89x63,5mm8.png",Normal (zirkumsolar) Mittel (3 Generationen),,,"Mission: Jeder Spieler hat 15⭐ & 1 gelagerten Vorrat.
Shuttle: 1 Dust eine Karte an einen Spieler geben."
9,Tau Ceti,"GS Destiniations 89x63,5mm9.png",Normal (zirkumsolar) Mittel (3 Generationen),,,"Mission: 15⭐ und archiviere 3 Karten pro Spieler.
Shuttle: 1 Dust eine Karte an einen Spieler geben."
10,Epsilon Eridani,"GS Destiniations 89x63,5mm10.png",Normal (zirkumsolar) Mittel (3 Generationen),,,"Mission: Jeder Spieler hat 15⭐ und 3 Liquids-Karten.
Shuttle: 1 Dust eine Karte an einen Spieler geben."
11,Cygnus,"GS Destiniations 89x63,5mm11.png",Normal (zirkumsolar) Mittel (3 Generationen),,,"Mission: 15⭐ und lagere 1 Thrust pro Spieler.
Shuttle: 1 Dust eine Karte an einen Spieler geben."
12,Procyon,"GS Destiniations 89x63,5mm12.png",Normal (zirkumsolar) Mittel (3 Generationen),,,"Mission: 7 offene ⭐ pro Spieler (archiviert oder platziert).
Shuttle: 1 Dust eine Karte an einen Spieler geben."
13,Beta Hydri,"GS Destiniations 89x63,5mm13.png",Schwer (galaktisch) Lang (4 Generationen),,,"Mission: 30⭐ & 4 Electrix-Karte pro Spieler.
Shuttle: 2 Dust eine Karte an einen Spieler geben."
14,„Las“ Vega,"GS Destiniations 89x63,5mm14.png",Schwer (galaktisch) Lang (4 Generationen),,,"Mission: 30⭐& 5⭐ auf archivierten Karten pro Spieler.
Shuttle: 2 Dust eine Karte an einen Spieler geben."
15,Pollux,"GS Destiniations 89x63,5mm15.png",Schwer (galaktisch) Lang (4 Generationen),,,"Mission: 30⭐ & lagere 3 Liquids pro Spieler.
Shuttle: 2 Dust eine Karte an einen Spieler geben."
16,Arktur,"GS Destiniations 89x63,5mm16.png",Schwer (galaktisch) Lang (4 Generationen),,,"Mission: Jeder Spieler hat 30⭐ & 4 vollständig optimierte Sektoren.
Shuttle: Zahle 2 Dust, um eine Karte an einen beliebigen Spieler zu schicken."
17,Gamma Serpentis,"GS Destiniations 89x63,5mm17.png",Schwer (galaktisch) Lang (4 Generationen),,,"Mission: 1 Satz gelagerter Dust, Metals, Liquids, Organix, Electrix, Thrust pro Spieler.
Shuttle: Zahle 2 Dust, um eine Karte an einen beliebigen Spieler zu schicken."
18,Theta Persei,"GS Destiniations 89x63,5mm18.png",Schwer (galaktisch) Lang (4 Generationen),,,"Mission: 40⭐ & lagere 3 Thrust pro Spieler.
Shuttle: 2 Dust eine Karte an einen Spieler geben."
