"No.","Name","Link","Color","Cost","Art","Flavor","Printed Star","Star Card","Backside","Optimize 1","Optimize 2","Optimize 3","Effect","Effect 2","Done","Artist"
"1","Transport Centralny","https://generationship.s3.eu-central-1.amazonaws.com/TTS/Sector/GS+Sector+1+67x44mm.png","Metals","2","","Technologiczni bracia znowu wynajdują koleje.","","No","Hibernatorzy","Metals","Metals","Metals","Połącz 1:1 za każdą kartę Metals i kartę Electrix tutaj. (włącznie z tą)","(3x optymalizacja = w pełni zoptymalizowane)","Done","Daniel"
"2","Transport Centralny","https://generationship.s3.eu-central-1.amazonaws.com/TTS/Sector/GS+Sector+1+67x44mm.png","Metals","2","","Technologiczni bracia znowu wynajdują koleje.","","No","Symulatory","Metals","Metals","Metals","Połącz 1:1 za każdą kartę Metals i kartę Electrix tutaj. (włącznie z tą)","(3x optymalizacja = w pełni zoptymalizowane)","Done","Daniel"
"3","Wytwórnia","https://generationship.s3.eu-central-1.amazonaws.com/TTS/Sector/GS+Sector+3+67x44mm.png","Metals","3","","Uczyliśmy się tego w akademii!","","No","Bioreaktor","Dust, Dust","Metals, Metals","","Zdobądź 6 Dust LUB połącz 1:1, trzy razy.","(2x optymalizacja = w pełni zoptymalizowane)","Done","Daniel"
"4","Wytwórnia","https://generationship.s3.eu-central-1.amazonaws.com/TTS/Sector/GS+Sector+3+67x44mm.png","Metals","3","","Uczyliśmy się tego w akademii!","","No","Pierścień Mieszkalny","Dust, Dust","Metals, Metals","","Zdobądź 6 Dust LUB połącz 1:1, trzy razy.","(2x optymalizacja = w pełni zoptymalizowane)","Done","Daniel"
"5","Konserwacja","https://generationship.s3.eu-central-1.amazonaws.com/TTS/Sector/GS+Sector+5+67x44mm.png","Metals","3","","1 część owoców, 3 części cukru.","","No","Operacje","Any, Any","Any, Any","","Zdobądź 2 Dust za każdy różny kolor tutaj, włącznie z tą.","(2x optymalizacja = w pełni zoptymalizowane)","Done","Daniel"
"6","Konserwacja","https://generationship.s3.eu-central-1.amazonaws.com/TTS/Sector/GS+Sector+5+67x44mm.png","Metals","3","","1 część owoców, 3 części cukru.","","No","Ładownie","Any, Any","Any, Any","","Zdobądź 2 Dust za każdy różny kolor tutaj, włącznie z tą.","(2x optymalizacja = w pełni zoptymalizowane)","Done","Daniel"
"7","Kosmiczny Bazar","https://generationship.s3.eu-central-1.amazonaws.com/TTS/Sector/GS+Sector+1+67x44mm2.png","Liquids","2","","Poczuj jakość. To nie twoja koza, to nie twoja sprawa.","","No","Hibernatorzy","Dust, Electrix","Liquids, Liquids","","Zutylizuj do 3, następnie dobierz tyle samo.","(2x optymalizacja = w pełni zoptymalizowane)","Done","Daniel"
"8","Kosmiczny Bazar","https://generationship.s3.eu-central-1.amazonaws.com/TTS/Sector/GS+Sector+1+67x44mm2.png","Liquids","2","","Poczuj jakość. To nie twoja koza, to nie twoja sprawa.","","No","Symulatory","Dust, Electrix","Liquids, Liquids","","Zutylizuj do 3, następnie dobierz tyle samo.","(2x optymalizacja = w pełni zoptymalizowane)","Done","Daniel"
"9","Szklarnie","https://generationship.s3.eu-central-1.amazonaws.com/TTS/Sector/GS+Sector+3+67x44mm2.png","Liquids","2","","Zielony to niezbyt kreatywny kolor.","⭐⭐","Yes","Bioreaktor","Liquids","Liquids","Liquids","Zmagazynuj 1 Liquids tutaj. Zdobądź 1⭐ za Liquids tutaj.","(Zmagazynowane zasoby liczą się jako 1⭐)","Done","Daniel"
"10","Szklarnie","https://generationship.s3.eu-central-1.amazonaws.com/TTS/Sector/GS+Sector+3+67x44mm2.png","Liquids","2","","Zielony to niezbyt kreatywny kolor.","⭐⭐","Yes","Pierścień Mieszkalny","Liquids","Liquids","Liquids","Zmagazynuj 1 Liquids tutaj. Zdobądź 1⭐ za Liquids tutaj.","(Zmagazynowane zasoby liczą się jako 1⭐)","Done","Daniel"
"11","Akademie","https://generationship.s3.eu-central-1.amazonaws.com/TTS/Sector/GS+Sector+5+67x44mm2.png","Liquids","2","","Publikuj albo giń!","","No","Operacje","Liquids, Metals, Organix","","","Dobierz 3","(1x optymalizacja = w pełni zoptymalizowane)","Done","Daniel"
"12","Akademie","https://generationship.s3.eu-central-1.amazonaws.com/TTS/Sector/GS+Sector+5+67x44mm2.png","Liquids","2","","Publikuj albo giń!","","No","Ładownie","Liquids, Metals, Organix","","","Dobierz 3","(1x optymalizacja = w pełni zoptymalizowane)","Done","Daniel"
"13","Egzopróbkowanie","https://generationship.s3.eu-central-1.amazonaws.com/TTS/Sector/GS+Sector+1+67x44mm3.png","Organix","2","","Wow! Superryba!","⭐","Yes","Hibernatorzy","Organix","Organix","Organix","Odłóż 1 kartę odkrytą tutaj.","(Zdobądź wydrukowane ⭐ z odkrytych kart)","Done","Daniel"
"14","Egzopróbkowanie","https://generationship.s3.eu-central-1.amazonaws.com/TTS/Sector/GS+Sector+1+67x44mm3.png","Organix","2","","Wow! Superryba!","⭐","Yes","Symulatory","Organix","Organix","Organix","Odłóż 1 kartę odkrytą tutaj.","(Zdobądź wydrukowane ⭐ z odkrytych kart)","Done","Daniel"
"15","Parlament","https://generationship.s3.eu-central-1.amazonaws.com/TTS/Sector/GS+Sector+3+67x44mm3.png","Organix","2","","Przede wszystkim potrzebujemy funku.","","No","Bioreaktor","Metals, Liquids","Organix, Thrust","","Dobierz tyle, ile wynosi wydrukowany koszt właśnie umieszczonej karty.","(2x optymalizacja = w pełni zoptymalizowane)","Done","Daniel"
"16","Parlament","https://generationship.s3.eu-central-1.amazonaws.com/TTS/Sector/GS+Sector+3+67x44mm3.png","Organix","2","","Przede wszystkim potrzebujemy funku.","","No","Pierścień Mieszkalny","Metals, Liquids","Organix, Thrust","","Dobierz tyle, ile wynosi wydrukowany koszt właśnie umieszczonej karty.","(2x optymalizacja = w pełni zoptymalizowane)","Done","Daniel"
"17","Uprawa","https://generationship.s3.eu-central-1.amazonaws.com/TTS/Sector/GS+Sector+5+67x44mm3.png","Organix","2","","Wprowadzanie komarów na nowe planety.","⭐","Yes","Operacje","Organix, Metals, Electrix, Thrust","","","Dobierz 4, odłóż do 4 kart zakrytych pod dowolnymi sektorami.","(Zakryte karty liczą się jako 1⭐)","Done","Daniel"
"18","Uprawa","https://generationship.s3.eu-central-1.amazonaws.com/TTS/Sector/GS+Sector+5+67x44mm3.png","Organix","2","","Wprowadzanie komarów na nowe planety.","⭐","Yes","Ładownie","Organix, Metals, Electrix, Thrust","","","Dobierz 4, odłóż do 4 kart zakrytych pod dowolnymi sektorami.","(Zakryte karty liczą się jako 1⭐)","Done","Daniel"
"19","Holodrukarki","https://generationship.s3.eu-central-1.amazonaws.com/TTS/Sector/GS+Sector+1+67x44mm4.png","Electrix","2","","Pozwól swojej wyobraźni szaleć.","⭐","Yes","Hibernatorzy","Dust, Metals","Organix, Electrix","","Zmagazynuj 2 dowolne zasoby w dowolnych sektorach.","(Zmagazynowane zasoby liczą się jako 1⭐)","Done","Daniel"
"20","Holodrukarki","https://generationship.s3.eu-central-1.amazonaws.com/TTS/Sector/GS+Sector+1+67x44mm4.png","Electrix","2","","Pozwól swojej wyobraźni szaleć.","⭐","Yes","Symulatory","Dust, Metals","Organix, Electrix","","Zmagazynuj 2 dowolne zasoby w dowolnych sektorach.","(Zmagazynowane zasoby liczą się jako 1⭐)","Done","Daniel"
"21","Wyrzutnia Sond","https://generationship.s3.eu-central-1.amazonaws.com/TTS/Sector/GS+Sector+3+67x44mm4.png","Electrix","2","","Sondowanie Urana.","⭐","Yes","Bioreaktor","Electrix","Electrix","Electrix","Odkryj 1 ekspedycję. Możesz licytować o dowolną ekspedycję.","(3x optymalizacja = w pełni zoptymalizowane)","Done","Daniel"
"22","Wyrzutnia Sond","https://generationship.s3.eu-central-1.amazonaws.com/TTS/Sector/GS+Sector+3+67x44mm4.png","Electrix","2","","Sondowanie Urana.","⭐","Yes","Pierścień Mieszkalny","Electrix","Electrix","Electrix","Odkryj 1 ekspedycję. Możesz licytować o dowolną ekspedycję.","(3x optymalizacja = w pełni zoptymalizowane)","Done","Daniel"
"23","Silniki","https://generationship.s3.eu-central-1.amazonaws.com/TTS/Sector/GS+Sector+5+67x44mm4.png","Electrix","2","","Większa masa oznacza, że możesz przyspieszać szybciej.","","No","Operacje","Metals, Liquids","Electrix, Thrust","","Zdobądź 1 Electrix za każdy posiadany sektor.","(Zoptymalizuj dwa razy, aby w pełni zoptymalizować)","Done","Daniel"
"24","Silniki","https://generationship.s3.eu-central-1.amazonaws.com/TTS/Sector/GS+Sector+5+67x44mm4.png","Electrix","2","","Większa masa oznacza, że możesz przyspieszać szybciej.","","No","Ładownie","Metals, Liquids","Electrix, Thrust","","Zdobądź 1 Electrix za każdy posiadany sektor.","(Zoptymalizuj dwa razy, aby w pełni zoptymalizować)","Done","Daniel"
"25","Astrogacja","https://generationship.s3.eu-central-1.amazonaws.com/TTS/Sector/GS+Sector+1+67x44mm5.png","Thrrust","2","","Gwiazdy w galaktyce są jak śmietanka w kawie.","","No","Hibernatorzy","Dust, Organix","Liquids, Electrix","","Zdobądź 2 Thrust.","(2x optymalizacja = w pełni zoptymalizowane)","Done","Daniel"
"26","Astrogacja","https://generationship.s3.eu-central-1.amazonaws.com/TTS/Sector/GS+Sector+1+67x44mm5.png","Thrrust","2","","Gwiazdy w galaktyce są jak śmietanka w kawie.","","No","Symulatory","Dust, Organix","Liquids, Electrix","","Zdobądź 2 Thrust.","(2x optymalizacja = w pełni zoptymalizowane)","Done","Daniel"
"27","Astra Cultura","https://generationship.s3.eu-central-1.amazonaws.com/TTS/Sector/GS+Sector+3+67x44mm5.png","Thrrust","3","","Niebo już nie jest granicą.","⭐","Yes","Bioreaktor","Metals, Electrix, Thrust","","","Zmagazynuj 2 Thrust tutaj. Zdobądź 2⭐ za Thrust tutaj.","(1x optymalizacja = w pełni zoptymalizowane)","Done","Daniel"
"28","Astra Cultura","https://generationship.s3.eu-central-1.amazonaws.com/TTS/Sector/GS+Sector+3+67x44mm5.png","Thrrust","3","","Niebo już nie jest granicą.","⭐","Yes","Pierścień Mieszkalny","Metals, Electrix, Thrust","","","Zmagazynuj 2 Thrust tutaj. Zdobądź 2⭐ za Thrust tutaj.","(1x optymalizacja = w pełni zoptymalizowane)","Done","Daniel"
"29","Centralna SI","https://generationship.s3.eu-central-1.amazonaws.com/TTS/Sector/GS+Sector+5+67x44mm5.png","Thrrust","3","","Nie mogę tego zrobić z powodu praw autorskich.","","No","Operacje","Dust, Organix","Metals, Thrust","","Dobierz 3.","(2x optymalizacja = w pełni zoptymalizowane)","Done","Daniel"
"30","Centralna SI","https://generationship.s3.eu-central-1.amazonaws.com/TTS/Sector/GS+Sector+5+67x44mm5.png","Thrrust","3","","Nie mogę tego zrobić z powodu praw autorskich.","","No","Ładownie","Dust, Organix","Metals, Thrust","","Dobierz 3.","(2x optymalizacja = w pełni zoptymalizowane)","Done","Daniel"
