No.,Language,Name,Link,Color,Cost,Flavor,Printed Star,Star Card,Type,Effect,Done,Artist,Check
1,Deutsch,Magnetnetz,https://generationship.s3.eu-central-1.amazonaws.com/TTS/Tech/GS+Techs+44x67mm.png,Dust,0,Staub besteht aus Wasserstoff.,,No,Place,Kein Effekt,Done,Alex,
2,Deutsch,Magnetnetz,https://generationship.s3.eu-central-1.amazonaws.com/TTS/Tech/GS+Techs+44x67mm2.png,Dust,0,Staub besteht aus Wasserstoff.,,No,Place,Kein Effekt,Done,Alex,
3,Deutsch,Aufblasbare Habitate,https://generationship.s3.eu-central-1.amazonaws.com/TTS/Tech/GS+Techs+44x67mm3.png,Dust,2,Puff. Puff. Planet.,⭐,Yes,Score,⭐,Done,Daniel,
4,Deutsch,Aufblasbare Habitate,https://generationship.s3.eu-central-1.amazonaws.com/TTS/Tech/GS+Techs+44x67mm4.png,Dust,2,Puff. Puff. Planet.,⭐,Yes,Score,⭐,Done,Daniel,
5,Deutsch,Frachtdrohnen,https://generationship.s3.eu-central-1.amazonaws.com/TTS/Tech/GS+Techs+44x67mm5.png,Dust,2,Wie war noch mal die Adresse?,,No,Place,Du darfst gelagerte Vorräte und verdeckte Karten zwischen Sektoren bewegen.,Done,Daniel,
6,Deutsch,Frachtdrohnen,https://generationship.s3.eu-central-1.amazonaws.com/TTS/Tech/GS+Techs+44x67mm6.png,Dust,2,Wie war noch mal die Adresse?,,No,Place,Du darfst gelagerte Vorräte und verdeckte Karten zwischen Sektoren bewegen.,Done,Daniel,
7,Deutsch,Container,https://generationship.s3.eu-central-1.amazonaws.com/TTS/Tech/GS+Techs+44x67mm7.png,Dust,2,Die Globalisierung kommt in ein Sonnensystem in Ihrer Nähe.,,No,Place,"Lagere 1 Dust, 1 Metals oder 1 Liquids.",Done,?,
8,Deutsch,Container,https://generationship.s3.eu-central-1.amazonaws.com/TTS/Tech/GS+Techs+44x67mm8.png,Dust,2,Die Globalisierung kommt in ein Sonnensystem in Ihrer Nähe.,,No,Place,"Lagere 1 Dust, 1 Metals oder 1 Liquids.",Done,Daniel,
9,Deutsch,Chemielabore,https://generationship.s3.eu-central-1.amazonaws.com/TTS/Tech/GS+Techs+44x67mm9.png,Dust,2,"Zwischen uns stimmt einfach die Chemie, Schatz.",,No,Place,"Fusioniere 1:1 zweimal. Wenn dieser Sektor vollständig optimiert ist, erhalte zusätzlich 2 Dust.",Done,Daniel,
10,Deutsch,Chemielabore,https://generationship.s3.eu-central-1.amazonaws.com/TTS/Tech/GS+Techs+44x67mm10.png,Dust,2,"Zwischen uns stimmt einfach die Chemie, Schatz.",,No,Place,"Fusioniere 1:1 zweimal. Wenn dieser Sektor vollständig optimiert ist, erhalte zusätzlich 2 Dust.",Done,Daniel,
11,Deutsch,Hangar,https://generationship.s3.eu-central-1.amazonaws.com/TTS/Tech/GS+Techs+44x67mm11.png,Dust,1,Dich hochbeamen? Womit denn?,,No,Place,"Wenn dieser Sektor neu ist, erhalte 3 Dust.",Done,?,
12,Deutsch,Hangar,https://generationship.s3.eu-central-1.amazonaws.com/TTS/Tech/GS+Techs+44x67mm12.png,Dust,1,Dich hochbeamen? Womit denn?,,No,Place,"Wenn dieser Sektor neu ist, erhalte 3 Dust.",Done,Daniel,
13,Deutsch,Uralte Luftschleuse,https://generationship.s3.eu-central-1.amazonaws.com/TTS/Tech/GS+Techs+44x67mm13.png,Dust,2,Die alten Wege wiederentdecken.,,No,Place,"Decke 1 Sektor auf, erhalte 1 Vorrat dieser Farbe. Du darfst darauf bieten.",Done,Daniel,
14,Deutsch,Uralte Luftschleuse,https://generationship.s3.eu-central-1.amazonaws.com/TTS/Tech/GS+Techs+44x67mm14.png,Dust,2,Die alten Wege wiederentdecken.,,No,Place,"Decke 1 Sektor auf, erhalte 1 Vorrat dieser Farbe. Du darfst darauf bieten.",Done,Daniel,
15,Deutsch,Chemischer Synthesizer,https://generationship.s3.eu-central-1.amazonaws.com/TTS/Tech/GS+Techs+44x67mm15.png,Dust,2,"Hunderte Geschmacksrichtungen, die alle gleich schmecken.",,No,Place,"Lege 1 Karte verdeckt unter diesen Sektor, ziehe dann 1.",Done,Daniel,
16,Deutsch,Chemischer Synthesizer,https://generationship.s3.eu-central-1.amazonaws.com/TTS/Tech/GS+Techs+44x67mm16.png,Dust,2,"Hunderte Geschmacksrichtungen, die alle gleich schmecken.",,No,Place,"Lege 1 Karte verdeckt unter diesen Sektor, ziehe dann 1.",Done,Daniel,
17,Deutsch,Asteroideneinfang,https://generationship.s3.eu-central-1.amazonaws.com/TTS/Tech/GS+Techs+44x67mm17.png,Dust,2,Ich hab ein Kleinstein gefangen!,,No,Place,"Fusioniere 1:1 zweimal. Wenn dieser Sektor neu ist, ziehe zusätzlich 1.",Done,Daniel,
18,Deutsch,Asteroideneinfang,https://generationship.s3.eu-central-1.amazonaws.com/TTS/Tech/GS+Techs+44x67mm18.png,Dust,2,Ich hab ein Kleinstein gefangen!,,No,Place,"Fusioniere 1:1 zweimal. Wenn dieser Sektor neu ist, ziehe zusätzlich 1.",Done,Daniel,
19,Deutsch,Gedruckte Bibliothek,https://generationship.s3.eu-central-1.amazonaws.com/TTS/Tech/GS+Techs+44x67mm19.png,Dust,2,Papier oder Plastik?,,No,Place,"Lege 1 Karte verdeckt unter diesen Sektor. Wenn dieser vollständig optimiert ist, ziehe zusätzlich 2.",Done,Daniel,
20,Deutsch,Gedruckte Bibliothek,https://generationship.s3.eu-central-1.amazonaws.com/TTS/Tech/GS+Techs+44x67mm20.png,Dust,2,Papier oder Plastik?,,No,Place,"Lege 1 Karte verdeckt unter diesen Sektor. Wenn dieser vollständig optimiert ist, ziehe zusätzlich 2.",Done,Daniel,
21,Deutsch,Gaswolke,https://generationship.s3.eu-central-1.amazonaws.com/TTS/Tech/GS+Techs+44x67mm21.png,Dust,0,Überreste einer Supernova.,,No,Place,Jeder Spieler zieht 1.,Done,Nebula,
22,Deutsch,Gaswolke,https://generationship.s3.eu-central-1.amazonaws.com/TTS/Tech/GS+Techs+44x67mm22.png,Dust,0,Überreste einer Supernova.,,No,Place,Jeder Spieler zieht 1.,Done,Daniel,
23,Deutsch,Osmosefilter,https://generationship.s3.eu-central-1.amazonaws.com/TTS/Tech/GS+Techs+44x67mm23.png,Dust,1,"Am besten nicht darüber nachdenken, woher es kommt.",,No,Place,"Recycle 1, ziehe dann 1.",Done,Daniel,
24,Deutsch,Osmosefilter,https://generationship.s3.eu-central-1.amazonaws.com/TTS/Tech/GS+Techs+44x67mm24.png,Dust,1,"Am besten nicht darüber nachdenken, woher es kommt.",,No,Place,"Recycle 1, ziehe dann 1.",Done,Daniel,
25,Deutsch,passierter Komet,https://generationship.s3.eu-central-1.amazonaws.com/TTS/Tech/GS+Techs+44x67mm25.png,Dust,1,Bleib auf Kurs!,,No,Place,"Ziehe 1, recycle sie dann.",Done,Alex,
26,Deutsch,passierter Komet,https://generationship.s3.eu-central-1.amazonaws.com/TTS/Tech/GS+Techs+44x67mm26.png,Dust,1,Bleib auf Kurs!,,No,Place,"Ziehe 1, recycle sie dann.",Done,Daniel,
27,Deutsch,Magnet Rumpf,https://generationship.s3.eu-central-1.amazonaws.com/TTS/Tech/GS+Techs+44x67mm27.png,Metals,1,Was ist Updog?,,No,Place,"Wenn dieser Sektor komplett ist, erhalte 1 Organix oder 1 Electrix.",Done,Daniel,
28,Deutsch,Magnet Rumpf,https://generationship.s3.eu-central-1.amazonaws.com/TTS/Tech/GS+Techs+44x67mm28.png,Metals,1,Was ist Updog?,,No,Place,"Wenn dieser Sektor komplett ist, erhalte 1 Organix oder 1 Electrix.",Done,Daniel,
29,Deutsch,Wasserstoffzelle,https://generationship.s3.eu-central-1.amazonaws.com/TTS/Tech/GS+Techs+44x67mm29.png,Metals,1,75 % der Masse des Universums.,,No,Place,"Wenn dieser Sektor neu ist, fusioniere 1:1 zweimal.",Done,Daniel,
30,Deutsch,Wasserstoffzelle,https://generationship.s3.eu-central-1.amazonaws.com/TTS/Tech/GS+Techs+44x67mm30.png,Metals,1,75 % der Masse des Universums.,,No,Place,"Wenn dieser Sektor neu ist, fusioniere 1:1 zweimal.",Done,Daniel,
31,Deutsch,Schmelze,https://generationship.s3.eu-central-1.amazonaws.com/TTS/Tech/GS+Techs+44x67mm31.png,Metals,2,"Ich schmelze! Oh, was für eine Welt!",,No,Place,"Fusioniere 1:1 dreimal. Wenn dieser Sektor vollständig optimiert ist, lagere 1 Metals.",Done,Daniel,
32,Deutsch,Schmelze,https://generationship.s3.eu-central-1.amazonaws.com/TTS/Tech/GS+Techs+44x67mm32.png,Metals,2,"Ich schmelze! Oh, was für eine Welt!",,No,Place,"Fusioniere 1:1 dreimal. Wenn dieser Sektor vollständig optimiert ist, lagere 1 Metals.",Done,Daniel,
33,Deutsch,Fusionssynthesizer,https://generationship.s3.eu-central-1.amazonaws.com/TTS/Tech/GS+Techs+44x67mm33.png,Metals,2,Der All-Chemiker.,,No,Place,Fusioniere Dust 1:1 beliebig oft.,Done,Alex,
34,Deutsch,Fusionssynthesizer,https://generationship.s3.eu-central-1.amazonaws.com/TTS/Tech/GS+Techs+44x67mm34.png,Metals,2,Der All-Chemiker.,,No,Place,Fusioniere Dust 1:1 beliebig oft.,Done,Alex,
35,Deutsch,Reinigungsroboter,https://generationship.s3.eu-central-1.amazonaws.com/TTS/Tech/GS+Techs+44x67mm35.png,Metals,3,Wie befohlen.,,No,Place,"Recycle 1, aber erhalte den Vorrat zweimal.",Done,Daniel,
36,Deutsch,Reinigungsroboter,https://generationship.s3.eu-central-1.amazonaws.com/TTS/Tech/GS+Techs+44x67mm36.png,Metals,3,Wie befohlen.,,No,Place,"Recycle 1, aber erhalte den Vorrat zweimal.",Done,Daniel,
37,Deutsch,Tiefraumradar,https://generationship.s3.eu-central-1.amazonaws.com/TTS/Tech/GS+Techs+44x67mm37.png,Metals,2,Ping!,,No,Place,Decke 2 Expeditionen auf. Du darfst auf 1 bieten.,Done,Alex,
38,Deutsch,Tiefraumradar,https://generationship.s3.eu-central-1.amazonaws.com/TTS/Tech/GS+Techs+44x67mm38.png,Metals,2,Ping!,,No,Place,Decke 2 Expeditionen auf. Du darfst auf 1 bieten.,Done,Alex,
39,Deutsch,Robotische Arbeitskräfte,https://generationship.s3.eu-central-1.amazonaws.com/TTS/Tech/GS+Techs+44x67mm39.png,Metals,2,Man muss die Lohnkosten niedrig halten.,,No,Place,"Wenn dieser Sektor neu ist, recycle bis zu 2, ziehe dann ebenso viele.",Done,Daniel,
40,Deutsch,Robotische Arbeitskräfte,https://generationship.s3.eu-central-1.amazonaws.com/TTS/Tech/GS+Techs+44x67mm40.png,Metals,2,Man muss die Lohnkosten niedrig halten.,,No,Place,"Wenn dieser Sektor neu ist, recycle bis zu 2, ziehe dann ebenso viele.",Done,Daniel,
41,Deutsch,Transform. Rumpf,https://generationship.s3.eu-central-1.amazonaws.com/TTS/Tech/GS+Techs+44x67mm41.png,Metals,2,"Mehr, als man auf den ersten Blick sieht.",,No,Place,"Decke 1 Sektor auf, erhalte 1 Vorrat dieser Farbe. Du darfst darauf bieten.",Done,Daniel,
42,Deutsch,Transform. Rumpf,https://generationship.s3.eu-central-1.amazonaws.com/TTS/Tech/GS+Techs+44x67mm42.png,Metals,2,"Mehr, als man auf den ersten Blick sieht.",,No,Place,"Decke 1 Sektor auf, erhalte 1 Vorrat dieser Farbe. Du darfst darauf bieten.",Done,Daniel,
43,Deutsch,Frachtkapseln,https://generationship.s3.eu-central-1.amazonaws.com/TTS/Tech/GS+Techs+44x67mm43.png,Metals,1,Eine Erfolgsquote von 90 % reicht doch.,⭐,Yes,Score,⭐,Done,?,
44,Deutsch,Frachtkapseln,https://generationship.s3.eu-central-1.amazonaws.com/TTS/Tech/GS+Techs+44x67mm44.png,Metals,1,Eine Erfolgsquote von 90 % reicht doch.,⭐,Yes,Score,⭐,Done,Daniel,
45,Deutsch,Fracht-Lander,https://generationship.s3.eu-central-1.amazonaws.com/TTS/Tech/GS+Techs+44x67mm45.png,Metals,2,Hoffentlich gibt es da unten eine Tankstelle.,⭐⭐,Yes,Score,⭐⭐,Done,?,
46,Deutsch,Fracht-Lander,https://generationship.s3.eu-central-1.amazonaws.com/TTS/Tech/GS+Techs+44x67mm46.png,Metals,2,Hoffentlich gibt es da unten eine Tankstelle.,⭐⭐,Yes,Score,⭐⭐,Done,Daniel,
47,Deutsch,Müllpresse,https://generationship.s3.eu-central-1.amazonaws.com/TTS/Tech/GS+Techs+44x67mm47.png,Metals,3,Was für einen unglaublichen Geruch du entdeckt hast!,,No,Always,"Wenn du Dust-Karten recycelst, erhalte 1 zusätzlichen Dust.",Done,Daniel,
48,Deutsch,Müllpresse,https://generationship.s3.eu-central-1.amazonaws.com/TTS/Tech/GS+Techs+44x67mm48.png,Metals,3,Was für einen unglaublichen Geruch du entdeckt hast!,,No,Always,"Wenn du Dust-Karten recycelst, erhalte 1 zusätzlichen Dust.",Done,Daniel,
49,Deutsch,Abfallwirtschaft,https://generationship.s3.eu-central-1.amazonaws.com/TTS/Tech/GS+Techs+44x67mm49.png,Metals,2,Im Weltraum ist jeder ein Experte.,,No,Always,Kaufe Liquids-Karte Tech für -1.,Done,Daniel,
50,Deutsch,Strahlungsabsorber,https://generationship.s3.eu-central-1.amazonaws.com/TTS/Tech/GS+Techs+44x67mm50.png,Metals,3,Strahlend gut!,,No,Place,"Wenn dieser Sektor komplett ist, recycle bis zu 3, ziehe dann ebenso viele.",Done,?,
51,Deutsch,Strahlungsabsorber,https://generationship.s3.eu-central-1.amazonaws.com/TTS/Tech/GS+Techs+44x67mm51.png,Metals,3,Strahlend gut!,,No,Place,"Wenn dieser Sektor komplett ist, recycle bis zu 3, ziehe dann ebenso viele.",Done,Daniel,
52,Deutsch,Atmokontrollsystem,https://generationship.s3.eu-central-1.amazonaws.com/TTS/Tech/GS+Techs+44x67mm52.png,Liquids,1,Ahhhh.,,No,Place,"Wenn dieser Sektor neu ist, ziehe 1.",Done,Daniel,
53,Deutsch,Atmokontrollsystem,https://generationship.s3.eu-central-1.amazonaws.com/TTS/Tech/GS+Techs+44x67mm53.png,Liquids,1,Ahhhh.,,No,Place,"Wenn dieser Sektor neu ist, ziehe 1.",Done,Daniel,
54,Deutsch,Eisabbau,https://generationship.s3.eu-central-1.amazonaws.com/TTS/Tech/GS+Techs+44x67mm54.png,Liquids,1,"Harte Arbeit, damit du ein kaltes Getränk genießen kannst.",,No,Place,Decke 1 Expedition auf. Du darfst darauf bieten.,Done,Alex,
55,Deutsch,Eisabbau,https://generationship.s3.eu-central-1.amazonaws.com/TTS/Tech/GS+Techs+44x67mm55.png,Liquids,1,"Harte Arbeit, damit du ein kaltes Getränk genießen kannst.",,No,Place,Decke 1 Expedition auf. Du darfst darauf bieten.,Done,Alex,
56,Deutsch,Medizinisches Zentrum,https://generationship.s3.eu-central-1.amazonaws.com/TTS/Tech/GS+Techs+44x67mm56.png,Liquids,2,Das muss da rein. Ich bin Arzt.,,No,Place,"Ziehe 2, recycle 1 davon.",Done,Daniel,
57,Deutsch,Medizinisches Zentrum,https://generationship.s3.eu-central-1.amazonaws.com/TTS/Tech/GS+Techs+44x67mm57.png,Liquids,2,Das muss da rein. Ich bin Arzt.,,No,Place,"Ziehe 2, recycle 1 davon.",Done,Daniel,
58,Deutsch,Filter,https://generationship.s3.eu-central-1.amazonaws.com/TTS/Tech/GS+Techs+44x67mm58.png,Liquids,1,"Warum bin ich schon wieder der Einzige, der es auffüllt?",⭐,Yes,Score,⭐,Done,?,
59,Deutsch,Filter,https://generationship.s3.eu-central-1.amazonaws.com/TTS/Tech/GS+Techs+44x67mm59.png,Liquids,1,"Warum bin ich schon wieder der Einzige, der es auffüllt?",⭐,Yes,Score,⭐,Done,Daniel,
60,Deutsch,Bodenerzeuger,https://generationship.s3.eu-central-1.amazonaws.com/TTS/Tech/GS+Techs+44x67mm60.png,Liquids,2,"Dir ist klar, dass der Name unseres Planeten „Dreck“ bedeutet?",⭐⭐,Yes,Score,⭐⭐,Done,Daniel,
61,Deutsch,Bodenerzeuger,https://generationship.s3.eu-central-1.amazonaws.com/TTS/Tech/GS+Techs+44x67mm61.png,Liquids,2,"Dir ist klar, dass der Name unseres Planeten „Dreck“ bedeutet?",⭐⭐,Yes,Score,⭐⭐,Done,Daniel,
62,Deutsch,Biodome,https://generationship.s3.eu-central-1.amazonaws.com/TTS/Tech/GS+Techs+44x67mm62.png,Liquids,3,Ich hab alles da. Ich kann alles besorgen.,,No,Always,"Wenn du eine Liquids-Karte Karte platzierst, ziehe 1.
(auch bei dieser Karte).",Done,Alex,
63,Deutsch,Biodome,https://generationship.s3.eu-central-1.amazonaws.com/TTS/Tech/GS+Techs+44x67mm63.png,Liquids,3,Ich hab alles da. Ich kann alles besorgen.,,No,Always,"Wenn du eine Liquids-Karte Karte platzierst, ziehe 1.
(auch bei dieser Karte).",Done,Alex,
64,Deutsch,Eisschild,https://generationship.s3.eu-central-1.amazonaws.com/TTS/Tech/GS+Techs+44x67mm64.png,Liquids,3,Ein Schneepflug. Aber im Weltraum.,,No,Place,"Ziehe 2. Wenn dieser Sektor komplett ist, ziehe stattdessen 3.",Done,Alex,
65,Deutsch,Eisschild,https://generationship.s3.eu-central-1.amazonaws.com/TTS/Tech/GS+Techs+44x67mm65.png,Liquids,3,Ein Schneepflug. Aber im Weltraum.,,No,Place,"Ziehe 2. Wenn dieser Sektor komplett ist, ziehe stattdessen 3.",Done,Alex,
66,Deutsch,Aufblasbarer Rumpf,https://generationship.s3.eu-central-1.amazonaws.com/TTS/Tech/GS+Techs+44x67mm66.png,Liquids,3,"Die Inflation ist um 6,9 % gestiegen.",,No,Place,"Decke 3 Sektoren auf. Überspringe das Bieten, erhalte einen Dust- oder Liquids-Sektor kostenlos.",Done,?,
67,Deutsch,Aufblasbarer Rumpf,https://generationship.s3.eu-central-1.amazonaws.com/TTS/Tech/GS+Techs+44x67mm67.png,Liquids,3,"Die Inflation ist um 6,9 % gestiegen.",,No,Place,"Decke 3 Sektoren auf. Überspringe das Bieten, erhalte einen Dust- oder Liquids-Sektor kostenlos.",Done,Daniel,
68,Deutsch,Jahreszeiten,https://generationship.s3.eu-central-1.amazonaws.com/TTS/Tech/GS+Techs+44x67mm68.png,Liquids,4,Eine gut abgehangene Crew ist Gold wert.,,No,Always,Die nächste hier platzierte Techkarte kostet -2.,Done,Daniel,
69,Deutsch,Schwarzes Loch,https://generationship.s3.eu-central-1.amazonaws.com/TTS/Tech/GS+Techs+44x67mm69.png,Liquids,1,Dieses kleine Manöver wird uns 51 Jahre kosten.,,No,Place,"Mische bis zu 3 Expeditionen zurück in den Stapel, decke dann ebenso viele auf.",Done,Alex,
70,Deutsch,Schwarzes Loch,https://generationship.s3.eu-central-1.amazonaws.com/TTS/Tech/GS+Techs+44x67mm70.png,Liquids,1,Dieses kleine Manöver wird uns 51 Jahre kosten.,,No,Place,"Mische bis zu 3 Expeditionen zurück in den Stapel, decke dann ebenso viele auf.",Done,Alex,
71,Deutsch,Tag-Nacht-Zyklus,https://generationship.s3.eu-central-1.amazonaws.com/TTS/Tech/GS+Techs+44x67mm71.png,Liquids,2,"8 Stunden arbeiten, 8 Stunden schlafen, 8 Stunden feiern!",,No,Always,Die nächste hier platzierte Techkarte kostet -1.,Done,Alex,
72,Deutsch,Tag-Nacht-Zyklus,https://generationship.s3.eu-central-1.amazonaws.com/TTS/Tech/GS+Techs+44x67mm72.png,Liquids,2,"8 Stunden arbeiten, 8 Stunden schlafen, 8 Stunden feiern!",,No,Always,Die nächste hier platzierte Techkarte kostet -1.,Done,Alex,
73,Deutsch,Reflektoren,https://generationship.s3.eu-central-1.amazonaws.com/TTS/Tech/GS+Techs+44x67mm73.png,Liquids,2,Hier spricht Bowie an Bowie.,,No,Place,Kopiere den Platzierungseffekt einer anderen Karte in diesem Sektor.,Done,Daniel,
74,Deutsch,Reflektoren,https://generationship.s3.eu-central-1.amazonaws.com/TTS/Tech/GS+Techs+44x67mm74.png,Liquids,2,Hier spricht Bowie an Bowie.,,No,Place,Kopiere den Platzierungseffekt einer anderen Karte in diesem Sektor.,Done,Daniel,
75,Deutsch,Kryogenik,https://generationship.s3.eu-central-1.amazonaws.com/TTS/Tech/GS+Techs+44x67mm75.png,Liquids,2,Experten für flügellose Flüge.,,No,Place,"Lege bis zu 2 Karten verdeckt unter diesen Sektor, ziehe dann ebenso viele.",Done,Daniel,
76,Deutsch,Kryogenik,https://generationship.s3.eu-central-1.amazonaws.com/TTS/Tech/GS+Techs+44x67mm76.png,Liquids,2,Experten für flügellose Flüge.,,No,Place,"Lege bis zu 2 Karten verdeckt unter diesen Sektor, ziehe dann ebenso viele.",Done,Daniel,
77,Deutsch,Fische,https://generationship.s3.eu-central-1.amazonaws.com/TTS/Tech/GS+Techs+44x67mm77.png,Organix,1,Die Tau-Ceti-Teki-Maki ist köstlich.,⭐,Yes,Score,⭐,Done,Daniel,
78,Deutsch,Fische,https://generationship.s3.eu-central-1.amazonaws.com/TTS/Tech/GS+Techs+44x67mm78.png,Organix,1,Die Tau-Ceti-Teki-Maki ist köstlich.,⭐,Yes,Score,⭐,Done,Daniel,
79,Deutsch,Vögel,https://generationship.s3.eu-central-1.amazonaws.com/TTS/Tech/GS+Techs+44x67mm79.png,Organix,2,Tatsächlich von der Regierung geschickt.,⭐⭐,Yes,Score,⭐⭐,Done,Daniel,
80,Deutsch,Vögel,https://generationship.s3.eu-central-1.amazonaws.com/TTS/Tech/GS+Techs+44x67mm80.png,Organix,2,Tatsächlich von der Regierung geschickt.,⭐⭐,Yes,Score,⭐⭐,Done,Daniel,
81,Deutsch,Säugetiere,https://generationship.s3.eu-central-1.amazonaws.com/TTS/Tech/GS+Techs+44x67mm81.png,Organix,3,Katzen kennen keine Endgeschwindigkeit.,⭐⭐⭐,Yes,Score,⭐⭐⭐,Done,Daniel,
82,Deutsch,Säugetiere,https://generationship.s3.eu-central-1.amazonaws.com/TTS/Tech/GS+Techs+44x67mm82.png,Organix,3,Katzen kennen keine Endgeschwindigkeit.,⭐⭐⭐,Yes,Score,⭐⭐⭐,Done,Daniel,
83,Deutsch,Feldfrüchte,https://generationship.s3.eu-central-1.amazonaws.com/TTS/Tech/GS+Techs+44x67mm83.png,Organix,1,"Mmm, Weltraumkuchen!",⭐,Yes,Always,Erhalte 1 Organix pro aufgedrucktem ⭐ auf der nächsten hier platzierten Karte.,Done,Daniel,
84,Deutsch,Lebender Rumpf,https://generationship.s3.eu-central-1.amazonaws.com/TTS/Tech/GS+Techs+44x67mm84.png,Organix,2,"Das Leben, ähm, findet einen Weg.",⭐,Yes,Always,Ziehe 1 Karte pro aufgedrucktem ⭐ auf der nächsten hier platzierten Karte.,Done,Daniel,
85,Deutsch,Bestäuber,https://generationship.s3.eu-central-1.amazonaws.com/TTS/Tech/GS+Techs+44x67mm85.png,Organix,1,Liefert kleine Pakete voller Biovielfalt.,,No,Always,"Wenn du eine neue Farbe auf diesem Sektor platzierst, lagere 1 Vorrat dieser Farbe auf diesem Sektor.",Done,Daniel,
86,Deutsch,Laborfleisch,https://generationship.s3.eu-central-1.amazonaws.com/TTS/Tech/GS+Techs+44x67mm86.png,Organix,2,Regional angebaut.,,No,Place,"Wenn dieser Sektor vollständig optimiert ist, erhalte 6 Dust.",Done,Alex,
87,Deutsch,Laborfleisch,https://generationship.s3.eu-central-1.amazonaws.com/TTS/Tech/GS+Techs+44x67mm87.png,Organix,2,Regional angebaut.,,No,Place,"Wenn dieser Sektor vollständig optimiert ist, erhalte 6 Dust.",Done,Alex,
88,Deutsch,Künstlerviertel,https://generationship.s3.eu-central-1.amazonaws.com/TTS/Tech/GS+Techs+44x67mm88.png,Organix,2,Meist im Billigviertel.,,No,Place,"Lege 3 Karten verdeckt unter diesen Sektor. Wenn dieser Sektor vollständig optimiert ist, lege stattdessen 1 offen.",Done,Daniel,
89,Deutsch,Künstlerviertel,https://generationship.s3.eu-central-1.amazonaws.com/TTS/Tech/GS+Techs+44x67mm89.png,Organix,2,Meist im Billigviertel.,,No,Place,"Lege 3 Karten verdeckt unter diesen Sektor. Wenn dieser Sektor vollständig optimiert ist, lege stattdessen 1 offen.",Done,Daniel,
90,Deutsch,Saatgutbanken,https://generationship.s3.eu-central-1.amazonaws.com/TTS/Tech/GS+Techs+44x67mm90.png,Organix,2,Nicht DIESE Art von Bank.,,No,Place,"Recycle beliebige Karten, lagere die Vorräte aber stattdessen auf diesem Sektor.",Done,Daniel,
91,Deutsch,Saatgutbanken,https://generationship.s3.eu-central-1.amazonaws.com/TTS/Tech/GS+Techs+44x67mm91.png,Organix,2,Nicht DIESE Art von Bank.,,No,Place,"Recycle beliebige Karten, lagere die Vorräte aber stattdessen auf diesem Sektor.",Done,Daniel,
92,Deutsch,PC-Gedankenlink,https://generationship.s3.eu-central-1.amazonaws.com/TTS/Tech/GS+Techs+44x67mm92.png,Organix,3,"Schau Mama, ohne Hände!",,No,Place,"Ziehe 2. Wenn dieser Sektor komplett ist, ziehe stattdessen 4.",Done,?,
93,Deutsch,PC-Gedankenlink,https://generationship.s3.eu-central-1.amazonaws.com/TTS/Tech/GS+Techs+44x67mm93.png,Organix,3,"Schau Mama, ohne Hände!",,No,Place,"Ziehe 2. Wenn dieser Sektor komplett ist, ziehe stattdessen 4.",Done,Daniel,
94,Deutsch,Erdlaser,https://generationship.s3.eu-central-1.amazonaws.com/TTS/Tech/GS+Techs+44x67mm94.png,Organix,2,Nur noch 5 Jahre bis zur letzten Folge!,,No,Place,"Ziehe 3, lege 1 davon verdeckt unter diesen Sektor.",Done,Alex,
95,Deutsch,Erdlaser,https://generationship.s3.eu-central-1.amazonaws.com/TTS/Tech/GS+Techs+44x67mm95.png,Organix,2,Nur noch 5 Jahre bis zur letzten Folge!,,No,Place,"Ziehe 3, lege 1 davon verdeckt unter diesen Sektor.",Done,Alex,
96,Deutsch,Pilze,https://generationship.s3.eu-central-1.amazonaws.com/TTS/Tech/GS+Techs+44x67mm96.png,Organix,2,"Meine Güte, ist die Celia ein Spaßvogel.",,No,Place,"Lagere 1 beliebigen Vorrat. Wenn dieser Sektor vollständig ist, lagere stattdessen 2.",Done,Daniel,
97,Deutsch,Pilze,https://generationship.s3.eu-central-1.amazonaws.com/TTS/Tech/GS+Techs+44x67mm97.png,Organix,2,"Meine Güte, ist die Celia ein Spaßvogel.",,No,Place,"Lagere 1 beliebigen Vorrat. Wenn dieser Sektor vollständig ist, lagere stattdessen 2.",Done,Daniel,
98,Deutsch,Tragbarer Reaktor,https://generationship.s3.eu-central-1.amazonaws.com/TTS/Tech/GS+Techs+44x67mm98.png,Electrix,1,"Nein, man spricht das ‚nuklear‘ aus.",⭐,Yes,Score,⭐,Done,Daniel,
99,Deutsch,Tragbarer Reaktor,https://generationship.s3.eu-central-1.amazonaws.com/TTS/Tech/GS+Techs+44x67mm99.png,Electrix,1,"Nein, man spricht das ‚nuklear‘ aus.",⭐,Yes,Score,⭐,Done,Daniel,
100,Deutsch,Solarenergie,https://generationship.s3.eu-central-1.amazonaws.com/TTS/Tech/GS+Techs+44x67mm100.png,Electrix,2,Ein bisschen kosmische Strahlung einfangen.,⭐⭐,Yes,Score,⭐⭐,Done,Daniel,
101,Deutsch,Solarenergie,https://generationship.s3.eu-central-1.amazonaws.com/TTS/Tech/GS+Techs+44x67mm101.png,Electrix,2,Ein bisschen kosmische Strahlung einfangen.,⭐⭐,Yes,Score,⭐⭐,Done,Daniel,
102,Deutsch,Fusionsenergie,https://generationship.s3.eu-central-1.amazonaws.com/TTS/Tech/GS+Techs+44x67mm102.png,Electrix,3,Ich liebe Fusionsküche.,⭐⭐⭐,Yes,Score,⭐⭐⭐,Done,Daniel,
103,Deutsch,Fusionsenergie,https://generationship.s3.eu-central-1.amazonaws.com/TTS/Tech/GS+Techs+44x67mm103.png,Electrix,3,Ich liebe Fusionsküche.,⭐⭐⭐,Yes,Score,⭐⭐⭐,Done,Daniel,
104,Deutsch,Nanobots,https://generationship.s3.eu-central-1.amazonaws.com/TTS/Tech/GS+Techs+44x67mm104.png,Electrix,3,Da kann IKEA nicht mithalten.,,No,Place,Erhalte 1 Electrix pro unterschiedlicher Farbe auf diesem Sektor.,Done,Alex,
105,Deutsch,Nanobots,https://generationship.s3.eu-central-1.amazonaws.com/TTS/Tech/GS+Techs+44x67mm105.png,Electrix,3,Da kann IKEA nicht mithalten.,,No,Place,Erhalte 1 Electrix pro unterschiedlicher Farbe auf diesem Sektor.,Done,Daniel,
106,Deutsch,Bio-Drucker,https://generationship.s3.eu-central-1.amazonaws.com/TTS/Tech/GS+Techs+44x67mm106.png,Electrix,2,"Ich hoffe, du magst Brokkoli.",,No,Place,"Erhalte 1 Organix. Wenn dieser Sektor vollständig optimiert ist, erhalte stattdessen 2 Organix.",Done,Alex,
107,Deutsch,Bio-Drucker,https://generationship.s3.eu-central-1.amazonaws.com/TTS/Tech/GS+Techs+44x67mm107.png,Electrix,2,"Ich hoffe, du magst Brokkoli.",,No,Place,"Erhalte 1 Organix. Wenn dieser Sektor vollständig optimiert ist, erhalte stattdessen 2 Organix.",Done,Alex,
108,Deutsch,Quantenarchive,https://generationship.s3.eu-central-1.amazonaws.com/TTS/Tech/GS+Techs+44x67mm108.png,Electrix,2,Der Herr der Dateien.,⭐,Yes,Always,Lagere 1 beliebigen Vorrat pro aufgedrucktem ⭐ auf der nächsten hier platzierten Karte.,Done,Daniel,
109,Deutsch,Massenkonverter,https://generationship.s3.eu-central-1.amazonaws.com/TTS/Tech/GS+Techs+44x67mm109.png,Electrix,2,Gelb = Schub,,No,Place,Fusioniere 1:1 viermal.,Done,Daniel,
110,Deutsch,Massenkonverter,https://generationship.s3.eu-central-1.amazonaws.com/TTS/Tech/GS+Techs+44x67mm110.png,Electrix,2,Gelb = Schub,,No,Place,Fusioniere 1:1 viermal.,Done,Daniel,
111,Deutsch,Flotten Kommunikation,https://generationship.s3.eu-central-1.amazonaws.com/TTS/Tech/GS+Techs+44x67mm111.png,Electrix,1,"Wir haben die Freigabe, Clarence.",,No,Place,"Ziehe 1 pro Spieler. Behalte 1, gib die Karten dann nach links weiter, jeder Spieler behält 1.",Done,Daniel,
112,Deutsch,Flotten Kommunikation,https://generationship.s3.eu-central-1.amazonaws.com/TTS/Tech/GS+Techs+44x67mm112.png,Electrix,1,"Wir haben die Freigabe, Clarence.",,No,Place,"Ziehe 1 pro Spieler. Behalte 1, gib die Karten dann nach links weiter, jeder Spieler behält 1.",Done,Daniel,
113,Deutsch,Nanofertigung,https://generationship.s3.eu-central-1.amazonaws.com/TTS/Tech/GS+Techs+44x67mm113.png,Electrix,2,Größe spielt doch eine Rolle.,,No,Place,"Fusioniere 1:1 dreimal, oder sechsmal, wenn dieser Sektor komplett ist.",Done,Alex,
114,Deutsch,Nanofertigung,https://generationship.s3.eu-central-1.amazonaws.com/TTS/Tech/GS+Techs+44x67mm114.png,Electrix,2,Größe spielt doch eine Rolle.,,No,Place,"Fusioniere 1:1 dreimal, oder sechsmal, wenn dieser Sektor komplett ist.",Done,Alex,
115,Deutsch,Industrieakademie,https://generationship.s3.eu-central-1.amazonaws.com/TTS/Tech/GS+Techs+44x67mm115.png,Electrix,1,Sechsecken sind die bestecken.,,No,Always,Kaufe Metals-Karte Tech für -1.,Done,Daniel,
116,Deutsch,Klonlabor,https://generationship.s3.eu-central-1.amazonaws.com/TTS/Tech/GS+Techs+44x67mm116.png,Electrix,2,"Zwei Dumme, ein Gedanke",,No,Always,Kaufe Organix Tech für -1.,Done,Daniel,
117,Deutsch,Physikakademie,https://generationship.s3.eu-central-1.amazonaws.com/TTS/Tech/GS+Techs+44x67mm117.png,Electrix,2,Das kenn ich aus den Geschichtsbüchern. Der Big Apple!,,No,Always,Kaufe Electrix- Tech für -1.,Done,Daniel,
118,Deutsch,Himmelshaken,https://generationship.s3.eu-central-1.amazonaws.com/TTS/Tech/GS+Techs+44x67mm118.png,Electrix,3,"Eine Lieferung alle 7,4 Minuten eingeplant.",⭐,Yes,Always,"Kaufe (Star Card) Tech für -1.
(Karten mit aufgedrucktem ⭐)",Done,Daniel,
119,Deutsch,Märkte,https://generationship.s3.eu-central-1.amazonaws.com/TTS/Tech/GS+Techs+44x67mm119.png,Thrust,1,Meine gorram Aktien sind im Klo!,⭐,Yes,Score,⭐,Done,Daniel,
120,Deutsch,Märkte,https://generationship.s3.eu-central-1.amazonaws.com/TTS/Tech/GS+Techs+44x67mm120.png,Thrust,1,Meine gorram Aktien sind im Klo!,⭐,Yes,Score,⭐,Done,Daniel,
121,Deutsch,Theater,https://generationship.s3.eu-central-1.amazonaws.com/TTS/Tech/GS+Techs+44x67mm121.png,Thrust,2,"Kannst du mich hören, Major Tom?",⭐⭐⭐,Yes,Score,⭐⭐⭐,Done,Daniel,
122,Deutsch,Theater,https://generationship.s3.eu-central-1.amazonaws.com/TTS/Tech/GS+Techs+44x67mm122.png,Thrust,2,"Kannst du mich hören, Major Tom?",⭐⭐⭐,Yes,Score,⭐⭐⭐,Done,Daniel,
123,Deutsch,Zivile Regierung,https://generationship.s3.eu-central-1.amazonaws.com/TTS/Tech/GS+Techs+44x67mm123.png,Thrust,3,"In Eile eingestellt, in Ruhe bereut.",⭐⭐⭐⭐⭐,Yes,Score,⭐⭐⭐⭐⭐,Done,Daniel,
124,Deutsch,Zivile Regierung,https://generationship.s3.eu-central-1.amazonaws.com/TTS/Tech/GS+Techs+44x67mm124.png,Thrust,3,"In Eile eingestellt, in Ruhe bereut.",⭐⭐⭐⭐⭐,Yes,Score,⭐⭐⭐⭐⭐,Done,Daniel,
125,Deutsch,Galaktische Kultur,https://generationship.s3.eu-central-1.amazonaws.com/TTS/Tech/GS+Techs+44x67mm125.png,Thrust,4,7-Sterne-Restaurant!,⭐⭐⭐⭐⭐⭐⭐,Yes,Score,⭐⭐⭐⭐⭐⭐⭐,Done,?,
126,Deutsch,Galaktische Kultur,https://generationship.s3.eu-central-1.amazonaws.com/TTS/Tech/GS+Techs+44x67mm126.png,Thrust,4,7-Sterne-Restaurant!,⭐⭐⭐⭐⭐⭐⭐,Yes,Score,⭐⭐⭐⭐⭐⭐⭐,Done,Daniel,
127,Deutsch,1-G-Schub,https://generationship.s3.eu-central-1.amazonaws.com/TTS/Tech/GS+Techs+44x67mm127.png,Thrust,3,"Da ist schon wieder dieses Wort: stark.",,No,Always,"Wenn du einen Sektor komplettierst, erhalte 1 Thrust.",Done,Daniel,
128,Deutsch,1-G-Schub,https://generationship.s3.eu-central-1.amazonaws.com/TTS/Tech/GS+Techs+44x67mm128.png,Thrust,3,"Da ist schon wieder dieses Wort: stark.",,No,Always,"Wenn du einen Sektor komplettierst, erhalte 1 Thrust.",Done,Daniel,
129,Deutsch,Replikatoren,https://generationship.s3.eu-central-1.amazonaws.com/TTS/Tech/GS+Techs+44x67mm129.png,Thrust,3,Tee. Earl Grey. Heiß.,,No,Place,Lagere für jede Karte hier 1 Vorrat dieser Farbe auf diesem Sektor (auch für diese Karte).,Done,Daniel,
130,Deutsch,Replikatoren,https://generationship.s3.eu-central-1.amazonaws.com/TTS/Tech/GS+Techs+44x67mm130.png,Thrust,3,Tee. Earl Grey. Heiß.,,No,Place,Lagere für jede Karte hier 1 Vorrat dieser Farbe auf diesem Sektor (auch für diese Karte).,Done,Daniel,
131,Deutsch,Verschränktes Funkgerät,https://generationship.s3.eu-central-1.amazonaws.com/TTS/Tech/GS+Techs+44x67mm131.png,Thrust,2,Hier spricht wieder Bowie an Bowie.,,No,Place,"Recycle 2, lege sie verdeckt unter diesen Sektor, ziehe dann 2.",Done,Alex,
132,Deutsch,Verschränktes Funkgerät,https://generationship.s3.eu-central-1.amazonaws.com/TTS/Tech/GS+Techs+44x67mm132.png,Thrust,2,Hier spricht wieder Bowie an Bowie.,,No,Place,"Recycle 2, lege sie verdeckt unter diesen Sektor, ziehe dann 2.",Done,Alex,
133,Deutsch,Tektonischer Beschleuniger,https://generationship.s3.eu-central-1.amazonaws.com/TTS/Tech/GS+Techs+44x67mm133.png,Thrust,2,Kabuuum!,⭐,Yes,Place,Wenn du 6 vollständig optimierte Sektoren hast: 12⭐,Done,Daniel,
134,Deutsch,Magnetosphäre,https://generationship.s3.eu-central-1.amazonaws.com/TTS/Tech/GS+Techs+44x67mm134.png,Thrust,2,"Verdammte Magnete, wie funktionieren die?",⭐,Yes,Place,Wenn du 9+ verdeckte Karten hast: 12⭐,Done,Daniel,
135,Deutsch,Genesis-Gerät,https://generationship.s3.eu-central-1.amazonaws.com/TTS/Tech/GS+Techs+44x67mm135.png,Thrust,2,Im Weltraum geht dir nie der Platz aus!,⭐,Yes,Place,Wenn du 6+ Thrust-Karten hast: 12⭐,Done,Daniel,
136,Deutsch,Weltraumaufzug,https://generationship.s3.eu-central-1.amazonaws.com/TTS/Tech/GS+Techs+44x67mm136.png,Thrust,2,"Achte darauf, den richtigen Knopf zu drücken.",⭐,Yes,Place,Wenn du 9+ gelagerte Vorräte hast: 12⭐,Done,Daniel,
137,Deutsch,Atmosphärenprozessor,https://generationship.s3.eu-central-1.amazonaws.com/TTS/Tech/GS+Techs+44x67mm137.png,Thrust,2,"Es werde Baum, und es ward Baum.",⭐,Yes,Place,Wenn du 6 komplette Sektoren hast: 12⭐,Done,Daniel,
,Deutsch,,,,,,,,,,Done,Daniel,
