"No.","Name","Link","Effect 1","Done","Artist","Effect 2"
"1","Titan","https://generationship.s3.eu-central-1.amazonaws.com/TTS/Destinations/GS+Destiniations+89x63%2C5mm.png","Facile (interplanétaire) Court (2 Générations)","Done","Alex","Mission: 5⭐ par joueur.
Navette: 1 Dust pour envoyer une carte à un joueur."
"2","Mars","https://generationship.s3.eu-central-1.amazonaws.com/TTS/Destinations/GS+Destiniations+89x63%2C5mm2.png","Facile (interplanétaire) Court (2 Générations)","","","Mission: Stockez 3 matériels par joueur.
Navette: 1 Dust pour envoyer une carte à un joueur."
"3","Vénus","https://generationship.s3.eu-central-1.amazonaws.com/TTS/Destinations/GS+Destiniations+89x63%2C5mm3.png","Facile (interplanétaire) Court (2 Générations)","","","Mission: Chaque joueur a 5⭐.
Navette: 1 Dust pour envoyer une carte à un joueur."
"4","Europe","https://generationship.s3.eu-central-1.amazonaws.com/TTS/Destinations/GS+Destiniations+89x63%2C5mm4.png","Facile (interplanétaire) Court (2 Générations)","","","Mission: 2 secteurs entièrement optimisés par joueur.
Navette: 1 Dust pour envoyer une carte à un joueur."
"5","Jupiter","https://generationship.s3.eu-central-1.amazonaws.com/TTS/Destinations/GS+Destiniations+89x63%2C5mm5.png","Facile (interplanétaire) Court (2 Générations)","","","Mission: 1 carte Thrust par joueur.
Navette: 1 Dust pour envoyer une carte à un joueur."
"6","Luna","https://generationship.s3.eu-central-1.amazonaws.com/TTS/Destinations/GS+Destiniations+89x63%2C5mm6.png","Facile (interplanétaire) Court (2 Générations)","","","Mission : Chaque joueur a 2 secteurs complétés.
Navette : Payez 0 Dust pour envoyer une carte à n'importe quel joueur.
"
"7","Alpha du Centaure","https://generationship.s3.eu-central-1.amazonaws.com/TTS/Destinations/GS+Destiniations+89x63%2C5mm7.png","Normal (circumsolaire) Moyen (3 Générations)","","","Mission: 18⭐ par joueur.
Navette: 1 Dust pour envoyer une carte à un joueur."
"8","Sirius","https://generationship.s3.eu-central-1.amazonaws.com/TTS/Destinations/GS+Destiniations+89x63%2C5mm8.png","Normal (circumsolaire) Moyen (3 Générations)","","","Mission: Chaque joueur a 15⭐ & 1 matériel stocké.
Navette: 1 Dust pour envoyer une carte à un joueur."
"9","Tau Ceti","https://generationship.s3.eu-central-1.amazonaws.com/TTS/Destinations/GS+Destiniations+89x63%2C5mm9.png","Normal (circumsolaire) Moyen (3 Générations)","","","Mission: 15⭐ et archivez 3 cartes par joueur.
Navette: 1 Dust pour envoyer une carte à un joueur."
"10","Epsilon Eridani","https://generationship.s3.eu-central-1.amazonaws.com/TTS/Destinations/GS+Destiniations+89x63%2C5mm10.png","Normal (circumsolaire) Moyen (3 Générations)","","","Mission: Chaque joueur a 15⭐ et 3 cartes Liquids.
Navette: 1 Dust pour envoyer une carte à un joueur."
"11","Cygnus","https://generationship.s3.eu-central-1.amazonaws.com/TTS/Destinations/GS+Destiniations+89x63%2C5mm11.png","Normal (circumsolaire) Moyen (3 Générations)","","","Mission: 15⭐ et stockez 1 Thrust par joueur.
Navette: 1 Dust pour envoyer une carte à un joueur."
"12","Procyon","https://generationship.s3.eu-central-1.amazonaws.com/TTS/Destinations/GS+Destiniations+89x63%2C5mm12.png","Normal (circumsolaire) Moyen (3 Générations)","","","Mission: 7⭐ face visible par joueur (archivées ou posées).
Navette: 1 Dust pour envoyer une carte à un joueur."
"13","Beta Hydri","https://generationship.s3.eu-central-1.amazonaws.com/TTS/Destinations/GS+Destiniations+89x63%2C5mm13.png","Difficile (galactique) Long (4 Générations)","","","Mission: 30⭐ & 4 cartes Electrix par joueur.
Navette: 2 Dust pour envoyer une carte à un joueur."
"14","« Las » Vega","https://generationship.s3.eu-central-1.amazonaws.com/TTS/Destinations/GS+Destiniations+89x63%2C5mm14.png","Difficile (galactique) Long (4 Générations)","","","Mission: 30⭐ & 5⭐ sur des cartes archivées par joueur.
Navette: 2 Dust pour envoyer une carte à un joueur."
"15","Pollux","https://generationship.s3.eu-central-1.amazonaws.com/TTS/Destinations/GS+Destiniations+89x63%2C5mm15.png","Difficile (galactique) Long (4 Générations)","","","Mission: 30⭐ & stockez 3 Liquids par joueur.
Navette: 2 Dust pour envoyer une carte à un joueur."
"16","Arcturus","https://generationship.s3.eu-central-1.amazonaws.com/TTS/Destinations/GS+Destiniations+89x63%2C5mm16.png","Difficile (galactique) Long (4 Générations)","","","Mission : Chaque joueur a 30⭐ & 4 secteurs entièrement optimisés.
Navette : Payez 2 Dust pour envoyer une carte à n'importe quel joueur."
"17","Gamma Serpentis","https://generationship.s3.eu-central-1.amazonaws.com/TTS/Destinations/GS+Destiniations+89x63%2C5mm17.png","Difficile (galactique) Long (4 Générations)","","","Mission : 1 set de Dust, Metals, Liquids, Organix, Electrix, Thrust stockés par joueur.
Navette : Payez 2 Dust pour envoyer une carte à n'importe quel joueur."
"18","Thêta Persei","https://generationship.s3.eu-central-1.amazonaws.com/TTS/Destinations/GS+Destiniations+89x63%2C5mm18.png","Difficile (galactique) Long (4 Générations)","","","Mission: 40⭐ & stockez 3 Thrust par joueur.
Navette: 2 Dust pour envoyer une carte à un joueur."
