"key","de","it","pl","es","fr"
"adv:10:effect","Lagere 1 Liquids hier. Erhalte 1⭐ pro Liquids hier.","Immagazzina 1 Liquids qui. Guadagna 1⭐ per Liquids qui.","Zmagazynuj 1 Liquids tutaj. Zdobądź 1⭐ za Liquids tutaj.","Almacena 1 Liquids aquí. Gana 1⭐ por Liquids aquí.","Stockez 1 Liquids ici. Gagnez 1⭐ par Liquids ici."
"adv:10:name","Gewächshaus","Serra","Szklarnie","Invernadero","Serre"
"adv:11:effect","Ziehe 3","Pesca 3","Dobierz 3","Roba 3","Piochez 3"
"adv:11:name","Akademie","Accademie","Akademie","Academias","Académies"
"adv:12:effect","Ziehe 3","Pesca 3","Dobierz 3","Roba 3","Piochez 3"
"adv:12:name","Akademie","Accademie","Akademie","Academias","Académies"
"adv:13:effect","Lege 1 Karte offen hier ab.","Metti 1 carta a faccia in su qui.","Odłóż 1 kartę odkrytą tutaj.","Coloca 1 carta boca arriba aquí.","Empilez 1 carte face visible ici."
"adv:13:name","Exoproben","Esocampionamento","Egzopróbkowanie","Exomuestreo","Exo-échantillonnage"
"adv:14:effect","Lege 1 Karte offen hier ab.","Metti 1 carta a faccia in su qui.","Odłóż 1 kartę odkrytą tutaj.","Coloca 1 carta boca arriba aquí.","Empilez 1 carte face visible ici."
"adv:14:name","Exoproben","Esocampionamento","Egzopróbkowanie","Exomuestreo","Exo-échantillonnage"
"adv:15:effect","Ziehe so viele wie die aufgedruckten Kosten der gerade platzierten Karte.","Pesca tante quante il costo stampato della carta appena posizionata.","Dobierz tyle, ile wynosi wydrukowany koszt właśnie umieszczonej karty.","Roba tantas como el coste impreso de la carta recién colocada.","Piochez autant que le coût imprimé de la carte qui vient d’être posée."
"adv:15:name","Parlament","Parlamento","Parlament","Parlamento","Parlement"
"adv:16:effect","Ziehe so viele wie die aufgedruckten Kosten der gerade platzierten Karte.","Pesca tante quante il costo stampato della carta appena posizionata.","Dobierz tyle, ile wynosi wydrukowany koszt właśnie umieszczonej karty.","Roba tantas como el coste impreso de la carta recién colocada.","Piochez autant que le coût imprimé de la carte qui vient d’être posée."
"adv:16:name","Parlament","Parlamento","Parlament","Parlamento","Parlement"
"adv:17:effect","Ziehe 4, lege bis zu 4 Karten verdeckt unter beliebige Sektoren.","Pesca 4, metti fino a 4 carte a faccia in giù sotto qualsiasi settore.","Dobierz 4, odłóż do 4 kart zakrytych pod dowolnymi sektorami.","Roba 4, coloca hasta 4 cartas boca abajo bajo cualquier sector.","Piochez 4, empilez jusqu’à 4 cartes face cachée sous n’importe quels secteurs."
"adv:17:name","Kultivierung","Coltivazione","Uprawa","Cultivo","Culture"
"adv:18:effect","Ziehe 4, lege bis zu 4 Karten verdeckt unter beliebige Sektoren.","Pesca 4, metti fino a 4 carte a faccia in giù sotto qualsiasi settore.","Dobierz 4, odłóż do 4 kart zakrytych pod dowolnymi sektorami.","Roba 4, coloca hasta 4 cartas boca abajo bajo cualquier sector.","Piochez 4, empilez jusqu’à 4 cartes face cachée sous n’importe quels secteurs."
"adv:18:name","Kultivierung","Coltivazione","Uprawa","Cultivo","Culture"
"adv:19:effect","Lagere 2 beliebige Vorräte auf beliebigen Sektoren.","Immagazzina 2 risorse a scelta su qualsiasi settore.","Zmagazynuj 2 dowolne zasoby w dowolnych sektorach.","Almacena 2 suministros a elección en cualquier sector.","Stockez 2 matériels au choix sur n’importe quels secteurs."
"adv:19:name","Holodrucker","Olostampanti","Holodrukarki","Holoimpresoras","Holo-Imprimantes"
"adv:1:effect","Fusioniere 1:1 für jede Metals-Karte und Electrix-Karte hier. (einschließlich dieser)","Fondi 1:1 per ogni carta Metals e carta Electrix qui. (inclusa questa)","Połącz 1:1 za każdą kartę Metals i kartę Electrix tutaj. (włącznie z tą)","Fusiona 1:1 por cada carta Metals y carta Electrix aquí. (incluida esta)","Fusionnez 1:1 pour chaque carte Metals et carte Electrix ici. (y compris celle-ci)"
"adv:1:name","Zentraler Transport","Trasporto Centrale","Transport Centralny","Transporte Central","Transport Central"
"adv:20:effect","Lagere 2 beliebige Vorräte auf beliebigen Sektoren.","Immagazzina 2 risorse a scelta su qualsiasi settore.","Zmagazynuj 2 dowolne zasoby w dowolnych sektorach.","Almacena 2 suministros a elección en cualquier sector.","Stockez 2 matériels au choix sur n’importe quels secteurs."
"adv:20:name","Holodrucker","Olostampanti","Holodrukarki","Holoimpresoras","Holo-Imprimantes"
"adv:21:effect","Decke 1 Expedition auf. Du darfst auf eine beliebige Expedition bieten.","Rivela 1 espedizione. Puoi fare un’offerta per qualsiasi spedizione.","Odkryj 1 ekspedycję. Możesz licytować o dowolną ekspedycję.","Revela 1 expedición. Puedes pujar por cualquier expedición","Révélez 1 expédition. Vous pouvez enchérir sur n’importe quelle expédition."
"adv:21:name","Sondenstarter","Lanciatore di Sonde","Wyrzutnia Sond","Lanzador de Sondas","Lanceur de Sondes"
"adv:22:effect","Decke 1 Expedition auf. Du darfst auf eine beliebige Expedition bieten.","Rivela 1 espedizione. Puoi fare un’offerta per qualsiasi spedizione.","Odkryj 1 ekspedycję. Możesz licytować o dowolną ekspedycję.","Revela 1 expedición. Puedes pujar por cualquier expedición","Révélez 1 expédition. Vous pouvez enchérir sur n’importe quelle expédition."
"adv:22:name","Sondenstarter","Lanciatore di Sonde","Wyrzutnia Sond","Lanzador de Sondas","Lanceur de Sondes"
"adv:23:effect","Erhalte 1 Electrix pro Sektor, den du hast.","Guadagna 1 Electrix per ogni settore che possiedi.","Zdobądź 1 Electrix za każdy posiadany sektor.","Gana 1 Electrix por cada sector que tengas.","Gagnez 1 Electrix par secteur que vous possédez."
"adv:23:name","Triebwerke","Motori","Silniki","Motores","Moteurs"
"adv:24:effect","Erhalte 1 Electrix pro Sektor, den du hast.","Guadagna 1 Electrix per ogni settore che possiedi.","Zdobądź 1 Electrix za każdy posiadany sektor.","Gana 1 Electrix por cada sector que tengas.","Gagnez 1 Electrix par secteur que vous possédez."
"adv:24:name","Triebwerke","Motori","Silniki","Motores","Moteurs"
"adv:25:effect","Erhalte 2 Thrust.","Guadagna 2 Thrust.","Zdobądź 2 Thrust.","Gana 2 Thrust.","Gagnez 2 Thrust."
"adv:25:name","Astrogation","Astrogazione","Astrogacja","Astrogación","Astrogation"
"adv:26:effect","Erhalte 2 Thrust.","Guadagna 2 Thrust.","Zdobądź 2 Thrust.","Gana 2 Thrust.","Gagnez 2 Thrust."
"adv:26:name","Astrogation","Astrogazione","Astrogacja","Astrogación","Astrogation"
"adv:27:effect","Lagere 2 Thrust hier. Erhalte 2⭐ pro Thrust hier.","Immagazzina 2 Thrust qui. Guadagna 2⭐ per Thrust qui.","Zmagazynuj 2 Thrust tutaj. Zdobądź 2⭐ za Thrust tutaj.","Almacena 2 Thrust aquí. Gana 2⭐ por Thrust aquí.","Stockez 2 Thrust ici. Gagnez 2⭐ par Thrust ici."
"adv:27:name","Astra Cultura","Astra Cultura","Astra Cultura","Astra Cultura","Astra Cultura"
"adv:28:effect","Lagere 2 Thrust hier. Erhalte 2⭐ pro Thrust hier.","Immagazzina 2 Thrust qui. Guadagna 2⭐ per Thrust qui.","Zmagazynuj 2 Thrust tutaj. Zdobądź 2⭐ za Thrust tutaj.","Almacena 2 Thrust aquí. Gana 2⭐ por Thrust aquí.","Stockez 2 Thrust ici. Gagnez 2⭐ par Thrust ici."
"adv:28:name","Astra Cultura","Astra Cultura","Astra Cultura","Astra Cultura","Astra Cultura"
"adv:29:effect","Ziehe 3.","Pesca 3.","Dobierz 3.","Roba 3.","Piochez 3."
"adv:29:name","Zentrale KI","IA Centrale","Centralna SI","IA Central","IA Centrale"
"adv:2:effect","Fusioniere 1:1 für jede Metals-Karte und Electrix-Karte hier. (einschließlich dieser)","Fondi 1:1 per ogni carta Metals e carta Electrix qui. (inclusa questa)","Połącz 1:1 za każdą kartę Metals i kartę Electrix tutaj. (włącznie z tą)","Fusiona 1:1 por cada carta Metals y carta Electrix aquí. (incluida esta)","Fusionnez 1:1 pour chaque carte Metals et carte Electrix ici. (y compris celle-ci)"
"adv:2:name","Zentraler Transport","Trasporto Centrale","Transport Centralny","Transporte Central","Transport Central"
"adv:30:effect","Ziehe 3.","Pesca 3.","Dobierz 3.","Roba 3.","Piochez 3."
"adv:30:name","Zentrale KI","IA Centrale","Centralna SI","IA Central","IA Centrale"
"adv:3:effect","Erhalte 6 Dust ODER fusioniere 1:1, dreimal.","Guadagna 6 Dust O fondi 1:1, tre volte.","Zdobądź 6 Dust LUB połącz 1:1, trzy razy.","Gana 6 Dust O fusiona 1:1, tres veces.","Gagnez 6 Dust OU fusionnez 1:1, trois fois."
"adv:3:name","Fabrikation","Fabbricazione","Wytwórnia","Fabricación","Fabrication"
"adv:4:effect","Erhalte 6 Dust ODER fusioniere 1:1, dreimal.","Guadagna 6 Dust O fondi 1:1, tre volte.","Zdobądź 6 Dust LUB połącz 1:1, trzy razy.","Gana 6 Dust O fusiona 1:1, tres veces.","Gagnez 6 Dust OU fusionnez 1:1, trois fois."
"adv:4:name","Fabrikation","Fabbricazione","Wytwórnia","Fabricación","Fabrication"
"adv:5:effect","Erhalte 2 Dust pro unterschiedlicher Farbe hier, einschließlich dieser.","Guadagna 2 Dust per ogni colore diverso qui, inclusa questa","Zdobądź 2 Dust za każdy różny kolor tutaj, włącznie z tą.","Gana 2 Dust por cada color distinto aquí, incluido esto","Gagnez 2 Dust par couleur différente ici, y compris celle-ci."
"adv:5:name","Konservierung","Conservazione","Konserwacja","Conservación","Conservation"
"adv:6:effect","Erhalte 2 Dust pro unterschiedlicher Farbe hier, einschließlich dieser.","Guadagna 2 Dust per ogni colore diverso qui, inclusa questa","Zdobądź 2 Dust za każdy różny kolor tutaj, włącznie z tą.","Gana 2 Dust por cada color distinto aquí, incluido esto","Gagnez 2 Dust par couleur différente ici, y compris celle-ci."
"adv:6:name","Konservierung","Conservazione","Konserwacja","Conservación","Conservation"
"adv:7:effect","Recycle bis zu 3, ziehe dann ebenso viele.","Ricicla fino a 3, poi pesca altrettante.","Zutylizuj do 3, następnie dobierz tyle samo.","Recicla hasta 3, luego roba esa cantidad.","Recyclez jusqu’à 3, puis piochez autant."
"adv:7:name","Weltraumbasar","Bazar Spaziale","Kosmiczny Bazar","Bazar Espacial","Bazar Spatial"
"adv:8:effect","Recycle bis zu 3, ziehe dann ebenso viele.","Ricicla fino a 3, poi pesca altrettante.","Zutylizuj do 3, następnie dobierz tyle samo.","Recicla hasta 3, luego roba esa cantidad.","Recyclez jusqu’à 3, puis piochez autant."
"adv:8:name","Weltraumbasar","Bazar Spaziale","Kosmiczny Bazar","Bazar Espacial","Bazar Spatial"
"adv:9:effect","Lagere 1 Liquids hier. Erhalte 1⭐ pro Liquids hier.","Immagazzina 1 Liquids qui. Guadagna 1⭐ per Liquids qui.","Zmagazynuj 1 Liquids tutaj. Zdobądź 1⭐ za Liquids tutaj.","Almacena 1 Liquids aquí. Gana 1⭐ por Liquids aquí.","Stockez 1 Liquids ici. Gagnez 1⭐ par Liquids ici."
"adv:9:name","Gewächshaus","Serra","Szklarnie","Invernadero","Serre"
"dust:Bioreactors:effect","Recycle bis zu 4 Karten, ziehe dann ebenso viele.","Ricicla fino a 4 carte, poi pesca altrettante.","Zutylizuj do 4 kart, następnie dobierz tyle samo.","Recicla hasta 4 cartas, luego roba esa cantidad.","Recyclez jusqu’à 4 cartes, puis piochez autant."
"dust:Bioreactors:name","Bioreaktor","Bioreattore","Bioreaktor","Biorreactor","Bioréacteurs"
"dust:Cargo Bays:effect","Decke bis zu 3 Sektoren auf. Du darfst auf einen bieten.","Rivela fino a 3 settori. Puoi fare un’offerta per uno.","Odkryj do 3 sektorów. Możesz licytować o jeden z nich.","Revela hasta 3 sectores. Puedes pujar por uno.","Révélez jusqu’à 3 secteurs. Vous pouvez enchérir sur l’un d’eux."
"dust:Cargo Bays:name","Frachträume","Stive da Carico","Ładownie","Bodegas de Carga","Soutes à Cargo"
"dust:Habitation Ring:effect","Erhalte 8 Dust.","Guadagna 8 Dust.","Zdobądź 8 Dust.","Gana 8 Dust.","Gagnez 8 Dust."
"dust:Habitation Ring:name","Wohnring","Anello Abitativo","Pierścień Mieszkalny","Anillo de Habitación","Anneau d’Habitation"
"dust:Hibernators:effect","Lagere 3 dust auf beliebigen Sektoren.","Immagazzina 3 su qualsiasi settore.","Zmagazynuj 3 w dowolnych sektorach.","Almacena 3 en cualquier sector.","Stockez 3 Dust sur n’importe quel secteurs."
"dust:Hibernators:name","Winterschläfer","Ibernati","Hibernatorzy","Hibernantes","Hibernants"
"dust:Operations:effect","Decke 1 Expedition auf, erhalte 1 Vorrat dieser Farbe. Du darfst darauf bieten.","Rivela 1 spedizione, guadagna 1 risorsa di quel colore. Puoi fare un’offerta per essa.","Odkryj 1 ekspedycję, zdobądź 1 zasób tego koloru. Możesz o nią licytować.","Revela 1 expedición, gana 1 suministro de ese color. Puedes pujar por ella.","Révélez 1 expédition, gagnez 1 matériel de cette couleur. Vous pouvez enchérir dessus."
"dust:Operations:name","Operationen","Operazioni","Operacje","Operaciones","Opérations"
"dust:Simulators:effect","Ziehe 2.","Pesca 2.","Dobierz 2.","Roba 2.","Piochez 2."
"dust:Simulators:name","Simulatoren","Simulatori","Symulatory","Simuladores","Simulateurs"
"expedition:10:effect","Ziehe 3. Lege bis zu 3 Karten offen unter diesen Sektor.","Pesca 3. Metti fino a 3 carte a faccia in su sotto questo settore.","Dobierz 3. Odłóż do 3 kart odkrytych pod tym sektorem.","Roba 3. Coloca hasta 3 cartas boca arriba bajo este sector.","Piochez 3. Empilez jusqu’à 3 cartes face visible sous ce secteur."
"expedition:10:name","DNA-Formung","Scultura del DNA","Rzeźbienie DNA","Escultura de ADN","Sculpture ADN"
"expedition:11:effect","Erhalte 1⭐ pro Organix-Karte. (einschließlich dieser)","Guadagna 1⭐ per ogni carta Organix. (inclusa questa)","Zdobądź 1⭐ za każdą kartę Organix. (włącznie z tą)","Gana 1⭐ por cada carta Organix. (incluida esta)","Gagnez 1⭐ par carte Organix ou plus.
(y compris celle-ci)"
"expedition:11:name","Kompatible Welt","Mondo Compatibile","Biokompatybilny Świat","Mundo Compatible","Monde Compatible"
"expedition:12:effect","Erhalte 3⭐ pro Sektor mit 2+ abgelegten Karten.","Guadagna 3⭐ per ogni settore con 2 o più carte messe da parte.","Zdobądź 3⭐ za każdy sektor z 2+ odłożonymi kartami.","Gana 3⭐ por cada sector con 2 o más cartas colocadas.","Gagnez 3⭐ par secteur avec 2 cartes empilées ou plus."
"expedition:12:name","Astrobio-Ausbreitung","Propagazione Astrobio","Astrobiologiczna Ekspansja","Propagación Astrobio","Propagation Astrobio"
"expedition:13:effect","Erhalte 2⭐ pro unterschiedlicher Sektorfarbe.","Guadagna 2⭐ per ogni colore di settore diverso.","Zdobądź 2⭐ za każdy różny kolor sektora.","Gana 2⭐ por cada color de sector diferente.","Gagnez 2⭐ par couleur de secteur différente."
"expedition:13:name","Äon-Arche","Arca degli Eoni","Arka Eonów","Arca del Eón","Arche des Éons"
"expedition:14:effect","Erhalte 1⭐ pro verdeckt abgelegter Karte.","Guadagna 1⭐ per ogni carta messa da parte a faccia in giù.","Zdobądź 1⭐ za każdą zakrytą odłożoną kartę.","Gana 1⭐ por cada carta colocada boca abajo.","Gagnez 1⭐ par carte empilée face cachée."
"expedition:14:name","Wolkenkolonie","Colonia delle Nuvole","Kolonia Chmur","Colonia de las Nubes","Colonie des Nuages"
"expedition:15:effect","Erhalte 1 Electrix, wenn du eine Expedition kaufst.","Guadagna 1 Electrix quando acquisti una spedizione.","Zdobądź 1 Electrix, gdy kupujesz ekspedycję.","Gana 1 Electrix cuando compras una expedición.","Gagnez 1 Electrix quand vous achetez une expédition."
"expedition:15:name","Industrielle Wiege","Culla Industriale","Kolebka Przemysłu","Cuna Industrial","Berceau Industriel"
"expedition:16:effect","Erhalte 1⭐ pro Electrix-Karte. (einschließlich dieser)","Guadagna 1⭐ per ogni carta Electrix. (inclusa questa)","Zdobądź 1⭐ za każdą kartę Electrix. (włącznie z tą)","Gana 1⭐ por cada carta Electrix. (incluida esta)","Gagnez 1⭐ par carte Electrix ou plus.
(y compris celle-ci)"
"expedition:16:name","Schwarmbewusstsein","Mente Alveare","Umysł Ula","Mente Colmena","Esprit de Ruche"
"expedition:17:effect","Erhalte 3⭐ pro komplettem und vollständig optimiertem Sektor.","Guadagna 3⭐ per ogni settore completo e completamente ottimizzato.","Zdobądź 3⭐ za każdy kompletny i w pełni zoptymali- zowany sektor.","Gana 3⭐ por cada sector completo y totalmente optimizado.","Gagnez 3⭐ par secteur complet et entièrement optimisé."
"expedition:17:name","Asteroidenkolonien","Colonie di Asteroidi","Kolonie Asteroid","Colonias de Asteroides","Colonies d’Astéroïdes"
"expedition:18:effect","Erhalte 15⭐ pro Satz gelagerter Vorräte (Dust, Metals, Liquids, Organix, Electrix, Thrust)","Guadagna 15⭐ per ogni set di risorse immagazzinate (Dust, Metals, Liquids, Organix, Electrix, Thrust)","Zdobądź 15⭐ za każdy zestaw zmagazynowanych zasobów (Dust, Metals, Liquids, Organix, Electrix, Thrust)","Gana 15⭐ por cada set de suministros almacenados (Dust, Metals, Liquids, Organix, Electrix, Thrust)","Gagnez 15⭐ par set de matériels stockés (Dust, Metals, Liquids, Organix, Electrix, Thrust)"
"expedition:18:name","Urbanisierter Planet","Pianeta Urbanizzato","Zurbanizowana Planeta","Planeta Urbanizado","Planète Urbanisée"
"expedition:19:effect","Erhalte 2⭐ pro komplettem Sektor.","Guadagna 2⭐ per ogni settore completo.","Zdobądź 2⭐ za każdy kompletny sektor.","Gana 2⭐ por cada sector completo.","Gagnez 2⭐ par secteur complet."
"expedition:19:name","Millionen von Kolonisten","Milioni di Coloni","Miliony Kolonistów","Millones de Colonos","Millions de Colons"
"expedition:1:effect","Wenn du eine (Star Card) platzierst, lagere 1 Vorrat dieser Farbe auf diesem Sektor.","Quando posizioni una (Star Card), immagazzina 1 risorsa di quel colore su quel settore.","Gdy umieszczasz (Star Card), zmagazynuj 1 zasób tego koloru w tym sektorze.","Cuando colocas una (Star Card), almacena 1 suministro de ese color en ese sector.","Quand vous posez une (Star Card), stockez 1 matériel de cette couleur sur ce secteur."
"expedition:1:name","Einstein-Rosen-Portal","Portale di Einstein-Rosen","Portal Einstein-Rosen","Portal de Einstein-Rosen","Portail d’Einstein-Rosen"
"expedition:20:effect","Erhalte 2⭐ pro Expedition, die ein anderer Spieler hat.","Guadagna 2⭐ per ogni spedizione che un altro giocatore possiede.","Zdobądź 2⭐ za każdą ekspedycję posiadaną przez innego gracza.","Gana 2⭐ por cada expedición que tenga otro jugador.","Gagnez 2⭐ par expédition qu’un autre joueur possède."
"expedition:20:name","Allianz","Alleanza","Sojusz","Alianza","Alliance"
"expedition:21:effect","Erhalte 2⭐ pro unterschiedlicher Farbe gelagerter Vorräte auf einem Sektor.","Guadagna 2⭐ per ogni colore diverso di risorsa immagazzinata su un settore.","Zdobądź 2⭐ za każdy różny kolor zmagazynowanego zasobu w jednym sektorze.","Gana 2⭐ por cada color diferente de suministro almacenado en un sector.","Gagnez 2⭐ par couleur différente de matériel stocké sur un secteur."
"expedition:21:name","Polarplanet","Pianeta Polare","Planeta Polarna","Planeta Polar","Planète Polaire"
"expedition:22:effect","Erhalte 2⭐ pro Sektor mit 1+ Liquids-Karte.","Guadagna 2⭐ per ogni settore con 1 o più carte Liquids.","Zdobądź 2⭐ za każdy sektor z 1+ kartą Liquids.","Gana 2⭐ por cada sector con 1 o más cartas Liquids.","Gagnez 2⭐ par secteur avec 1 carte Liquids ou plus."
"expedition:22:name","Wasserwelt","Mondo Acquatico","Wodny Świat","Mundo Acuático","Monde Aquatique"
"expedition:23:effect","Erhalte 2⭐ pro Metals-Karte in einem deiner Sektoren. (einschließlich dieser)","Guadagna 2⭐ per ogni carta Metals in uno dei tuoi settori. (inclusa questa)","Zdobądź 2⭐ za każdą kartę Metals w jednym z twoich sektorów. (włącznie z tą)","Gana 2⭐ por cada carta Metals en uno de tus sectores.
(incluido esto)","Gagnez 2⭐ par carte Metals dans l’un de vos secteurs.
(y compris celle-ci)"
"expedition:23:name","Selbstreplikation","Autoreplicazione","Samoreplikacja","Autorreplicación","Auto-Réplication"
"expedition:24:effect","Erhalte 2⭐ pro vollständig optimiertem Sektor.","Guadagna 2⭐ per ogni settore completamente ottimizzato.","Zdobądź 2⭐ za ażdy w pełni zoptymalizowany sektor.","Gana 2⭐ por cada sector totalmente optimizado.","Gagnez 2⭐ par secteur entièrement optimisé."
"expedition:24:name","Lagrange-Komplex","Complesso di Lagrange","Kompleks Lagrange’a","Complejo de Lagrange","Complexe de Lagrange"
"expedition:25:effect","Erhalte 2⭐ pro Sektor mit 2+ gelagerten Vorräten.","Guadagna 2⭐ per ogni settore con 2 o più risorse immagazzinate.","Zdobądź 2⭐ za każdy sektor z 2+ zmagazynowanymi zasobami.","Gana 2⭐ por cada sector con 2 o más suministros almacenados.","Gagnez 2⭐ par secteur avec 2 matériels stockés ou plus."
"expedition:25:name","Handelshafen","Porto Commerciale","Port Handlowy","Puerto Comercial","Port Commercial"
"expedition:26:effect","Recycle beliebige Karten von 1 Sektor und lagere die Vorräte auf diesem Sektor.","Ricicla un numero qualsiasi di carte da 1 settore e immagazzina le risorse su quel settore.","Zutylizuj dowolne karty z 1 sektora i zmagazynuj zasoby w tym sektorze.","Recicla cualquier cantidad de cartas de 1 sector y almacena los suministros en ese sector.","Recyclez n’importe quelles cartes d’1 secteur et stockez les matériels sur ce secteur."
"expedition:26:name","Kaldera-Kolonie","Colonia della Caldera","Kolonia Kaldery","Colonia de la Caldera","Colonie de la Caldeira"
"expedition:2:effect","Erhalte 2⭐ pro (Star Card).
(Jede Karte mit aufgedrucktem ⭐)","Guadagna 2⭐ per ogni carta una (Star Card).
(Qualsiasi carta con stampata)","Zdobądź 2⭐ za każdą kartę (Star Card).
(Karta z ydrukowaną⭐)","Gana 2⭐ por cada carta (Star Card).
(Una carta con ⭐ impreso)","Gagnez 2⭐ par carte une (Star Card) ou plus.
(Toute carte avec ⭐ imprimée)"
"expedition:2:name","Erde 2.0","Terra 2.0","Ziemia 2.0","Tierra 2.0","Terre 2.0"
"expedition:3:effect","Erhalte 2 ⭐ pro Thrust-Karte. (einschließlich dieser)","Guadagna 2 ⭐ per ogni carta Thrust. (inclusa questa)","Zdobądź 2 ⭐ za każdą kartę Thrust. (włącznie z tą)","Gana 2 ⭐ por cada carta Thrust. (incluida esta)","Gagnez 2⭐ par carte Thrust ou plus.
(y compris celle-ci)"
"expedition:3:name","Exodus-Flotten","Flotte dell’Esodo","Floty Exodusu","Flotas del Éxodo","Flottes de l’Exode"
"expedition:4:effect","Kopiere bis zu 6⭐ von der obersten Karte in jedem Sektor.","Copia fino a 6⭐ dalla carta in cima in ogni settore.","Skopiuj do 6⭐ z wierzchniej karty w każdym sektorze.","Copia hasta 6⭐ de la carta superior en cada sector.","Copiez jusqu’à 6⭐ de la carte du dessus dans chaque secteur."
"expedition:4:name","Äquatorialer Superloop","Superloop Equatoriale","Równikowy Superloop","Superbucle Ecuatorial","Superboucle Équatoriale"
"expedition:5:effect","Erhalte 3⭐ pro unterschiedlicher Expeditionsfarbe.","Guadagna 3⭐ per ogni colore di spedizione diverso.","Zdobądź 3⭐ za każdy różny kolor ekspedycji.","Gana 3⭐ por cada color de expedición diferente.","Gagnez 3⭐ par couleur d’expédition différente."
"expedition:5:name","Vergnügungsplanet","Pianeta del Piacere","Planeta Przyjemności","Planeta del Placer","Planète du Plaisir"
"expedition:6:effect","Ziehe 1, wenn du eine Expedition kaufst.","Pesca 1 quando acquisti una spedizione.","Dobierz 1, gdy kupujesz ekspedycję.","Roba 1 cuando compras una expedición.","Piochez 1 quand vous achetez une expédition."
"expedition:6:name","Galaktische Hauptstadt","Capitale Galattica","Galaktyczna Stolica","Capital Galáctica","Capitale Galactique"
"expedition:7:effect","Recycle und lege bis zu 4 Karten verdeckt ab. Du darfst die recycelten Vorräte lagern.","Ricicla e metti fino a 4 carte a faccia in giù. Puoi immagazzinare le risorse riciclate.","Zutylizuj i odłóż do 4 kart zakrytych. Możesz zmagazynować zutylizowane zasoby.","Recicla y coloca hasta 4 cartas boca abajo. Puedes almacenar los suministros reciclados.","Recyclez et empilez jusqu’à 4 cartes face cachée.
Vous pouvez stocker les matériels recyclés."
"expedition:7:name","Terraformter Planet","Pianeta Terraformato","Terraformowana Planeta","Planeta Terraformado","Planète Terraformée"
"expedition:8:effect","Lege 1 Karte offen oder verdeckt ab, wenn du eine Expedition kaufst.","Metti 1 carta a faccia in su o in giù quando acquisti una spedizione.","Odłóż 1 kartę odkrytą lub zakrytą, gdy kupujesz ekspedycję.","Coloca 1 carta boca arriba o boca abajo cuando compras una expedición.","Empilez 1 carte face visible ou face cachée quand vous achetez une expédition."
"expedition:8:name","Galaktisches Museum","Museo Galattico","Muzeum Galaktyczne","Museo Galáctico","Musée Galactique"
"expedition:9:effect","Ziehe 6. Lege bis zu 6 Karten verdeckt ab.","Pesca 6. Metti fino a 6 carte a faccia in giù.","Dobierz 6. Odłóż do 6 kart zakrytych.","Roba 6. Coloca hasta 6 cartas boca abajo.","Piochez 6. Empilez jusqu’à 6 cartes face cachée."
"expedition:9:name","Persönlichkeitsbibliothek","Personalità","Biblioteka Osobowości","Personalidades","Personnalités"
"promo:1:effect","Zählt beim Platzieren als Farbe deiner Wahl.
(Kann einen Sektor zweimal optimieren)","Conta come un colore a tua scelta mentre viene posizionata.
(Può ottimizzare un settore due volte)","Podczas umieszczania liczy się jako wybrany przez ciebie kolor.
(Może dwukrotnie zoptymalizować sektor)","Cuenta como un color de tu elección mientras se coloca.
(Puede optimizar un sector dos veces)","Compte comme une couleur de votre choix lorsqu’elle est placée.
(Peut optimiser un secteur deux fois)"
"promo:1:name","Karma Chameleon","Karma Chameleon","Karma Chameleon","Karma Chameleon","Karma Chameleon"
"promo:2:effect","Wenn du diese Karte recycelst, erhalte oder lagere stattdessen 2 Metals.","Se ricicli questa carta, guadagna o immagazzina invece 2 Metals.","Jeśli zutylizujesz tę kartę, zdobądź lub zmagazynuj zamiast tego 2 Metals.","Si reciclas esta carta, gana o almacena 2 Metals en su lugar.","Si vous recyclez cette carte, gagnez ou stockez 2 Metals à la place."
"promo:2:name","Reicher Asteroid","Asteroide Ricco","Bogata Asteroida","Asteroide Rico","Astéroïde Riche"
"promo:3:effect","Recycle eine Karte von einem deiner Sektoren.","Ricicla una carta da uno qualsiasi dei tuoi settori.","Zutylizuj kartę z dowolnego ze swoich sektorów.","Recicla una carta de cualquiera de tus sectores.","Recyclez une carte de n’importe lequel de vos secteurs."
"promo:3:name","Eis 9","Ghiaccio 9","Lód 9","Hielo 9","Glace 9"
"promo:4:effect","Erhalte 1 Vorrat jeder unterschiedlichen Farbe auf diesem Sektor.","Guadagna 1 risorsa di ogni colore diverso presente su questo settore.","Zdobądź po 1 zasobie każdego koloru występującego na tym sektorze.","Gana 1 suministro de cada color distinto de este sector.","Gagnez 1 matériel de chaque couleur différente présente sur ce secteur."
"promo:4:name","Biodiversität","Biodiversità","Bioróżnorodność","Biodiversidad","Biodiversité"
"promo:5:effect","Sage eine Farbe voraus, ziehe 6, behalte alle dieser Farbe, wirf den Rest ab.","Prevedi un colore, pesca 6, tieni quelle di quel colore, scarta le altre.","Wskaż kolor, dobierz 6, zatrzymaj karty w tym kolorze, resztę odrzuć.","Predice un color, roba 6, quédate las de ese color y descarta el resto.","Prédisez une couleur, piochez 6, gardez celles de cette couleur, défaussez le reste."
"promo:5:name","Hilfe von der Erde","Supporto Terrestre","Wsparcie z Ziemi","Apoyo Terrestre","Soutien Terrestre"
"promo:6:effect","Starte eine Auktion und ändere die Farbe der Karte bis zum Auktionsende.","Avvia un’offerta e cambia il colore della carta fino a fine asta.","Rozpocznij licytację i zmień kolor tej karty do końca licytacji.","Inicia una puja y cambia el color de esa carta hasta el final de la subasta.","Lancez une enchère et changez la couleur de la carte jusqu’à sa fin."
"promo:6:name","Wurmloch-Surfen","Surf nel Wormhole","Surfing Czasoprzestrzenny","Surf en Agujero de Gusano","Surf dans un Trou de Ver"
"tech:100:effect","⭐⭐","⭐⭐","⭐⭐","⭐⭐","⭐⭐"
"tech:100:name","Solarenergie","Energia Solare","Energia Słoneczna","Energía Solar","Énergie Solaire"
"tech:101:effect","⭐⭐","⭐⭐","⭐⭐","⭐⭐","⭐⭐"
"tech:101:name","Solarenergie","Energia Solare","Energia Słoneczna","Energía Solar","Énergie Solaire"
"tech:102:effect","⭐⭐⭐","⭐⭐⭐","⭐⭐⭐","⭐⭐⭐","⭐⭐⭐"
"tech:102:name","Fusionsenergie","Energia da Fusione","Energia Fuzji","Energía de Fusión","Énergie de Fusion"
"tech:103:effect","⭐⭐⭐","⭐⭐⭐","⭐⭐⭐","⭐⭐⭐","⭐⭐⭐"
"tech:103:name","Fusionsenergie","Energia da Fusione","Energia Fuzji","Energía de Fusión","Énergie de Fusion"
"tech:104:effect","Erhalte 1 Electrix pro unterschiedlicher Farbe auf diesem Sektor.","Guadagna 1 Electrix per ogni colore diverso su questo settore.","Zdobądź 1 Electrix za każdy różny kolor w tym sektorze.","Gana 1 Electrix por cada color diferente en este sector.","Gagnez 1 Electrix par couleur différente sur ce secteur."
"tech:104:name","Nanobots","Nanobot","Nanoboty","Nanobots","Nanobots"
"tech:105:effect","Erhalte 1 Electrix pro unterschiedlicher Farbe auf diesem Sektor.","Guadagna 1 Electrix per ogni colore diverso su questo settore.","Zdobądź 1 Electrix za każdy różny kolor w tym sektorze.","Gana 1 Electrix por cada color diferente en este sector.","Gagnez 1 Electrix par couleur différente sur ce secteur."
"tech:105:name","Nanobots","Nanobot","Nanoboty","Nanobots","Nanobots"
"tech:106:effect","Erhalte 1 Organix. Wenn dieser Sektor vollständig optimiert ist, erhalte stattdessen 2 Organix.","Guadagna 1 Organix. Se questo settore è completamente ottimizzato, guadagna 2 Organix invece.","Zdobądź 1 Organix. Jeśli ten sektor jest w pełni zoptymalizowany, zdobądź zamiast tego 2 Organix.","Gana 1 Organix extra.
Si este sector está totalmente optimizado, gana 2 Organix en su lugar.","Gagnez 1 Organix. Si ce secteur est entièrement optimisé, gagnez 2 Organix à la place."
"tech:106:name","Bio-Drucker","Biostampante","Biodrukarka","Bioimpresora","Bio-Imprimante"
"tech:107:effect","Erhalte 1 Organix. Wenn dieser Sektor vollständig optimiert ist, erhalte stattdessen 2 Organix.","Guadagna 1 Organix. Se questo settore è completamente ottimizzato, guadagna 2 Organix invece.","Zdobądź 1 Organix. Jeśli ten sektor jest w pełni zoptymalizowany, zdobądź zamiast tego 2 Organix.","Gana 1 Organix extra.
Si este sector está totalmente optimizado, gana 2 Organix en su lugar.","Gagnez 1 Organix. Si ce secteur est entièrement optimisé, gagnez 2 Organix à la place."
"tech:107:name","Bio-Drucker","Biostampante","Biodrukarka","Bioimpresora","Bio-Imprimante"
"tech:108:effect","Lagere 1 beliebigen Vorrat pro aufgedrucktem ⭐ auf der nächsten hier platzierten Karte.","Immagazzina 1 risorsa a scelta per ogni ⭐ stampata sulla prossima carta posizionata qui.","Zmagazynuj 1 dowolny zasób za każdą wydrukowaną ⭐ na następnej karcie umieszczonej tutaj.","Almacena 1 suministro cualquiera por cada ⭐ impresa en la siguiente carta colocada aquí.","Stockez 1 matériel au choix par ⭐ imprimée sur la prochaine carte posée ici."
"tech:108:name","Quantenarchive","Archivi Quantistici","Archiwa Kwantowe","Archivos Cuánticos","Archives Quantiques"
"tech:109:effect","Fusioniere 1:1 viermal.","Fondi 1:1 quattro volte.","Połącz 1:1 cztery razy.","Fusiona 1:1 cuatro veces.","Fusionnez 1:1 quatre fois."
"tech:109:name","Massenkonverter","Convertitore di Massa","Konwerter Masy","Convertidor de Masa","Convertisseur de Masse"
"tech:10:effect","Fusioniere 1:1 zweimal. Wenn dieser Sektor vollständig optimiert ist, erhalte zusätzlich 2 Dust.","Fondi 1:1 due volte. Se questo settore è completamente ottimizzato, guadagna anche 2 Dust.","Połącz 1:1 dwa razy. Jeśli ten sektor jest w pełni zoptymalizowany, zdobądź dodatkowo 2 Dust.","Fusiona 1:1 dos veces. Si este sector está totalmente optimizado, gana también 2 Dust extra.","Fusionnez 1:1 deux fois. Si ce secteur est entièrement optimisé, gagnez aussi 2 Dust."
"tech:10:name","Chemielabore","Laboratori Chimici","Laboratoria Chemiczne","Laboratorios Químicos","Laboratoires Chimiques"
"tech:110:effect","Fusioniere 1:1 viermal.","Fondi 1:1 quattro volte.","Połącz 1:1 cztery razy.","Fusiona 1:1 cuatro veces.","Fusionnez 1:1 quatre fois."
"tech:110:name","Massenkonverter","Convertitore di Massa","Konwerter Masy","Convertidor de Masa","Convertisseur de Masse"
"tech:111:effect","Ziehe 1 pro Spieler. Behalte 1, gib die Karten dann nach links weiter, jeder Spieler behält 1.","Pesca 1 per giocatore. Tienine 1, poi passa le carte a sinistra, ogni giocatore ne tiene 1.","Dobierz 1 na gracza. Zatrzymaj 1, następnie przekaż karty w lewo, każdy gracz zatrzymuje 1.","Roba 1 por jugador. Quédate con 1, luego pasa las cartas a la izquierda, cada jugador se queda con 1.","Piochez 1 par joueur. Gardez-en 1, puis passez les cartes à gauche, chaque joueur en garde 1."
"tech:111:name","Flotten Kommunikation","Comunicazioni Interflotta","Łączność Międzyflotowa","Comunicaciones Interflota","Comms Interflotte"
"tech:112:effect","Ziehe 1 pro Spieler. Behalte 1, gib die Karten dann nach links weiter, jeder Spieler behält 1.","Pesca 1 per giocatore. Tienine 1, poi passa le carte a sinistra, ogni giocatore ne tiene 1.","Dobierz 1 na gracza. Zatrzymaj 1, następnie przekaż karty w lewo, każdy gracz zatrzymuje 1.","Roba 1 por jugador. Quédate con 1, luego pasa las cartas a la izquierda, cada jugador se queda con 1.","Piochez 1 par joueur. Gardez-en 1, puis passez les cartes à gauche, chaque joueur en garde 1."
"tech:112:name","Flotten Kommunikation","Comunicazioni Interflotta","Łączność Międzyflotowa","Comunicaciones Interflota","Comms Interflotte"
"tech:113:effect","Fusioniere 1:1 dreimal, oder sechsmal, wenn dieser Sektor komplett ist.","Fondi 1:1 tre volte, o sei volte se questo settore è completo.","Połącz 1:1 trzy razy, lub sześć razy, jeśli ten sektor jest kompletny.","Fusiona 1:1 tres veces, o seis veces si este sector está completo.","Fusionnez 1:1 trois fois, ou six fois si ce secteur est complet."
"tech:113:name","Nanofertigung","Nanoassemblaggio","Nanomontaż","Nanoensamblaje","Nano-Assemblage"
"tech:114:effect","Fusioniere 1:1 dreimal, oder sechsmal, wenn dieser Sektor komplett ist.","Fondi 1:1 tre volte, o sei volte se questo settore è completo.","Połącz 1:1 trzy razy, lub sześć razy, jeśli ten sektor jest kompletny.","Fusiona 1:1 tres veces, o seis veces si este sector está completo.","Fusionnez 1:1 trois fois, ou six fois si ce secteur est complet."
"tech:114:name","Nanofertigung","Nanoassemblaggio","Nanomontaż","Nanoensamblaje","Nano-Assemblage"
"tech:115:effect","Kaufe Metals-Karte Tech für -1.","Acquista carte tecnologia Metals per -1.","Kupuj karty technologii Metals za -1.","Compra cartas de tecnología Metals por -1.","Achetez les cartes technologie Metals pour -1."
"tech:115:name","Industrieakademie","Accademia Industriale","Akademia Przemysłowa","Academia Industrial","Académie Industrielle"
"tech:116:effect","Kaufe Organix Tech für -1.","Acquista carte tecnologia Organix per -1.","Kupuj karty technologii Organix za -1.","Compra cartas de tecnología Organix por -1.","Achetez les cartes technologie Organix pour -1."
"tech:116:name","Klonlabor","Laboratorio di Clonazione","Laboratoria Klonowania","Laboratorio de Clonación","Laboratoires de Clonage"
"tech:117:effect","Kaufe Electrix- Tech für -1.","Acquista carte tecnologia Electrix per -1.","Kupuj karty technologii Electrix za -1.","Compra cartas de tecnología Electrix por -1.","Achetez les cartes technologie Electrix pour -1."
"tech:117:name","Physikakademie","Accademia di Fisica","Akademia Fizyki","Academia de Física","Académie de Physique"
"tech:118:effect","Kaufe (Star Card) Tech für -1.
(Karten mit aufgedrucktem ⭐)","Acquista carte tecnologia (Star Cards) per -1. (Qualsiasi carta con una ⭐ stampata)","Kupuj karty technologii (Star Cards) za -1. (Dowolna karta z wydrukowaną ⭐)","Compra cartas de tecnología (Star Cards) por -1. (Cualquier carta con ⭐ impresa)","Achetez les cartes technologie (Star Cards) pour -1. (Toute carte avec une ⭐ imprimée)"
"tech:118:name","Himmelshaken","Gancio Celeste","Niebiański Hak","Gancho Celeste","Crochet Céleste"
"tech:119:effect","⭐","⭐","⭐","⭐","⭐"
"tech:119:name","Märkte","Mercati","Rynki","Mercados","Marchés"
"tech:11:effect","Wenn dieser Sektor neu ist, erhalte 3 Dust.","Se questo settore è nuovo, guadagna 3 Dust.","Jeśli ten sektor jest nowy, zdobądź 3 Dust.","Si este sector es nuevo, gana 3 Dust extra.","Si ce secteur est nouveau, gagnez 3 Dust."
"tech:11:name","Hangar","Hangar","Hangary","Hangares","Hangars"
"tech:120:effect","⭐","⭐","⭐","⭐","⭐"
"tech:120:name","Märkte","Mercati","Rynki","Mercados","Marchés"
"tech:121:effect","⭐⭐⭐","⭐⭐⭐","⭐⭐⭐","⭐⭐⭐","⭐⭐⭐"
"tech:121:name","Theater","Teatri","Teatry","Teatros","Théâtres"
"tech:122:effect","⭐⭐⭐","⭐⭐⭐","⭐⭐⭐","⭐⭐⭐","⭐⭐⭐"
"tech:122:name","Theater","Teatri","Teatry","Teatros","Théâtres"
"tech:123:effect","⭐⭐⭐⭐⭐","⭐⭐⭐⭐⭐","⭐⭐⭐⭐⭐","⭐⭐⭐⭐⭐","⭐⭐⭐⭐⭐"
"tech:123:name","Zivile Regierung","Governo Civico","Rząd Obywatelski","Gobierno Cívico","Gouvernement Civique"
"tech:124:effect","⭐⭐⭐⭐⭐","⭐⭐⭐⭐⭐","⭐⭐⭐⭐⭐","⭐⭐⭐⭐⭐","⭐⭐⭐⭐⭐"
"tech:124:name","Zivile Regierung","Governo Civico","Rząd Obywatelski","Gobierno Cívico","Gouvernement Civique"
"tech:125:effect","⭐⭐⭐⭐⭐⭐⭐","⭐⭐⭐⭐⭐⭐⭐","⭐⭐⭐⭐⭐⭐⭐","⭐⭐⭐⭐⭐⭐⭐","⭐⭐⭐⭐⭐⭐⭐"
"tech:125:name","Galaktische Kultur","Cultura Galattica","Kosmokultura","Cultura Galáctica","Culture Galactique"
"tech:126:effect","⭐⭐⭐⭐⭐⭐⭐","⭐⭐⭐⭐⭐⭐⭐","⭐⭐⭐⭐⭐⭐⭐","⭐⭐⭐⭐⭐⭐⭐","⭐⭐⭐⭐⭐⭐⭐"
"tech:126:name","Galaktische Kultur","Cultura Galattica","Kosmokultura","Cultura Galáctica","Culture Galactique"
"tech:127:effect","Wenn du einen Sektor komplettierst, erhalte 1 Thrust.","Quando completi un settore, guadagna 1 Thrust.","Gdy kompletujesz sektor, zdobądź 1 Thrust.","Cuando completas un sector, gana 1 Thrust extra.","Quand vous complétez un secteur, gagnez 1 Thrust."
"tech:127:name","1-G-Schub","Spinta 1-G","Ciąg 1-G","Empuje 1-G","Poussée 1-G"
"tech:128:effect","Wenn du einen Sektor komplettierst, erhalte 1 Thrust.","Quando completi un settore, guadagna 1 Thrust.","Gdy kompletujesz sektor, zdobądź 1 Thrust.","Cuando completas un sector, gana 1 Thrust extra.","Quand vous complétez un secteur, gagnez 1 Thrust."
"tech:128:name","1-G-Schub","Spinta 1-G","Ciąg 1-G","Empuje 1-G","Poussée 1-G"
"tech:129:effect","Lagere für jede Karte hier 1 Vorrat dieser Farbe auf diesem Sektor (auch für diese Karte).","Per ogni carta qui, immagazzina 1 risorsa di quel colore su questo settore.
(inclusa questa)","Za każdą kartę tutaj, zmagazynuj 1 zasób tego koloru w tym sektorze. (włącznie z tą)","Por cada carta aquí, almacena 1 suministro de ese color en este sector (incluida esta).","Pour chaque carte ici, stockez 1 matériel de cette couleur sur ce secteur (y compris celle-ci)."
"tech:129:name","Replikatoren","Replicatori","Replikatory","Replicadores","Réplicateurs"
"tech:12:effect","Wenn dieser Sektor neu ist, erhalte 3 Dust.","Se questo settore è nuovo, guadagna 3 Dust.","Jeśli ten sektor jest nowy, zdobądź 3 Dust.","Si este sector es nuevo, gana 3 Dust extra.","Si ce secteur est nouveau, gagnez 3 Dust."
"tech:12:name","Hangar","Hangar","Hangary","Hangares","Hangars"
"tech:130:effect","Lagere für jede Karte hier 1 Vorrat dieser Farbe auf diesem Sektor (auch für diese Karte).","Per ogni carta qui, immagazzina 1 risorsa di quel colore su questo settore.
(inclusa questa)","Za każdą kartę tutaj, zmagazynuj 1 zasób tego koloru w tym sektorze. (włącznie z tą)","Por cada carta aquí, almacena 1 suministro de ese color en este sector (incluida esta).","Pour chaque carte ici, stockez 1 matériel de cette couleur sur ce secteur (y compris celle-ci)."
"tech:130:name","Replikatoren","Replicatori","Replikatory","Replicadores","Réplicateurs"
"tech:131:effect","Recycle 2, lege sie verdeckt unter diesen Sektor, ziehe dann 2.","Ricicla 2, mettile a faccia in giù sotto questo settore, poi pesca 2.","Zutylizuj 2, odłóż je zakryte pod tym sektorem, następnie dobierz 2.","Recicla 2, colócalas boca abajo bajo este sector, luego roba 2.","Recyclez 2, empilez-les face cachée sous ce secteur, puis piochez 2."
"tech:131:name","Verschränktes Funkgerät","Radio a Entanglement","Radio Splątania Kwantowego","Radio Entrelazada","Radio Intriquée"
"tech:132:effect","Recycle 2, lege sie verdeckt unter diesen Sektor, ziehe dann 2.","Ricicla 2, mettile a faccia in giù sotto questo settore, poi pesca 2.","Zutylizuj 2, odłóż je zakryte pod tym sektorem, następnie dobierz 2.","Recicla 2, colócalas boca abajo bajo este sector, luego roba 2.","Recyclez 2, empilez-les face cachée sous ce secteur, puis piochez 2."
"tech:132:name","Verschränktes Funkgerät","Radio a Entanglement","Radio Splątania Kwantowego","Radio Entrelazada","Radio Intriquée"
"tech:133:effect","Wenn du 6 vollständig optimierte Sektoren hast: 12⭐","Se hai 6 settori completamente ottimizzati: 12⭐","Jeśli masz 6 w pełni zoptymalizowanych sektorów: 12⭐","Si tienes 6 sectores totalmente optimizados: 12⭐","Si vous avez 6 secteurs entièrement optimisés: 12⭐"
"tech:133:name","Tektonischer Beschleuniger","Acceleratore Tettonico","Akcelerator Tektoniczny","Acelerador Tectónico","Accélérateur Tectonique"
"tech:134:effect","Wenn du 9+ verdeckte Karten hast: 12⭐","Se hai 9 o più carte messe da parte: 12⭐","Jeśli masz 9+ odłożonych kart: 12⭐","Si tienes 9 o más cartas colocadas:
12⭐","Si vous avez 9 cartes empilées ou plus: 12⭐"
"tech:134:name","Magnetosphäre","Magnetosfera","Magnetosfera","Magnetosfera","Magnétosphère"
"tech:135:effect","Wenn du 6+ Thrust-Karten hast: 12⭐","Se hai 6 o più carte Thrust: 12⭐","Jeśli masz 6+ kart Thrust: 12⭐","Si tienes 6 o más cartas Thrust: 12⭐","Si vous avez 6+ cartes Thrust: 12⭐"
"tech:135:name","Genesis-Gerät","Dispositivo Genesi","Urządzenie Genesis","Dispositivo Génesis","Dispositif Genèse"
"tech:136:effect","Wenn du 9+ gelagerte Vorräte hast: 12⭐","Se hai 9 o più risorse immagazzinate: 12⭐","Jeśli masz 9+ zmagazynowanych zasobów: 12⭐","Si tienes 9 o más suministros almacenados: 12⭐","Si vous avez 9+ matériels stockés: 12⭐"
"tech:136:name","Weltraumaufzug","Ascensore Spaziale","Winda Kosmiczna","Ascensor Espacial","Ascenseur Spatial"
"tech:137:effect","Wenn du 6 komplette Sektoren hast: 12⭐","Se hai 6 settori completati:
12⭐","Jeśli masz 6+ skompletowanych sektorów: 9 ⭐","Si tienes 6 sectores completos:
12⭐","Si vous avez 6 secteurs complétés:
12⭐"
"tech:137:name","Atmosphärenprozessor","Processore Atmosferico","Procesor Atmosfery","Procesador de Atmósfera","Processeur Atmosphérique"
"tech:13:effect","Decke 1 Sektor auf, erhalte 1 Vorrat dieser Farbe. Du darfst darauf bieten.","Rivela 1 settore, guadagna 1 risorsa di quel colore. Puoi fare un’offerta per esso.","Odkryj 1 sektor, zdobądź 1 zasób tego koloru. Możesz o niego licytować.","Revela 1 sector, gana 1 suministro de ese color. Puedes pujar por él.","Révélez 1 secteur, gagnez 1 matériel de cette couleur. Vous pouvez enchérir dessus."
"tech:13:name","Uralte Luftschleuse","Portello Antico","Starożytna Śluza","Esclusa Antigua","Sas Ancien"
"tech:14:effect","Decke 1 Sektor auf, erhalte 1 Vorrat dieser Farbe. Du darfst darauf bieten.","Rivela 1 settore, guadagna 1 risorsa di quel colore. Puoi fare un’offerta per esso.","Odkryj 1 sektor, zdobądź 1 zasób tego koloru. Możesz o niego licytować.","Revela 1 sector, gana 1 suministro de ese color. Puedes pujar por él.","Révélez 1 secteur, gagnez 1 matériel de cette couleur. Vous pouvez enchérir dessus."
"tech:14:name","Uralte Luftschleuse","Portello Antico","Starożytna Śluza","Esclusa Antigua","Sas Ancien"
"tech:15:effect","Lege 1 Karte verdeckt unter diesen Sektor, ziehe dann 1.","Metti 1 carta a faccia in giù sotto questo settore, poi pesca 1.","Odłóż 1 kartę zakrytą pod tym sektorem, następnie dobierz 1.","Coloca 1 carta boca abajo bajo este sector, luego roba 1.","Empilez 1 carte face cachée sous ce secteur, puis piochez 1."
"tech:15:name","Chemischer Synthesizer","Sintetizzatore Chimico","Syntezator Chemiczny","Sintetizador Químico","Synthétiseur Chimique"
"tech:16:effect","Lege 1 Karte verdeckt unter diesen Sektor, ziehe dann 1.","Metti 1 carta a faccia in giù sotto questo settore, poi pesca 1.","Odłóż 1 kartę zakrytą pod tym sektorem, następnie dobierz 1.","Coloca 1 carta boca abajo bajo este sector, luego roba 1.","Empilez 1 carte face cachée sous ce secteur, puis piochez 1."
"tech:16:name","Chemischer Synthesizer","Sintetizzatore Chimico","Syntezator Chemiczny","Sintetizador Químico","Synthétiseur Chimique"
"tech:17:effect","Fusioniere 1:1 zweimal. Wenn dieser Sektor neu ist, ziehe zusätzlich 1.","Fondi 1:1 due volte. Se questo settore è nuovo, pesca anche 1.","Połącz 1:1 dwa razy. Jeśli ten sektor jest nowy, dobierz dodatkowo 1.","Fusiona 1:1 dos veces. Si este sector es nuevo, roba también 1.","Fusionnez 1:1 deux fois. Si ce secteur est nouveau, piochez aussi 1."
"tech:17:name","Asteroideneinfang","Cattura di Asteroidi","Przechwytywanie Asteroid","Captura de Asteroides","Capture d’Astéroïde"
"tech:18:effect","Fusioniere 1:1 zweimal. Wenn dieser Sektor neu ist, ziehe zusätzlich 1.","Fondi 1:1 due volte. Se questo settore è nuovo, pesca anche 1.","Połącz 1:1 dwa razy. Jeśli ten sektor jest nowy, dobierz dodatkowo 1.","Fusiona 1:1 dos veces. Si este sector es nuevo, roba también 1.","Fusionnez 1:1 deux fois. Si ce secteur est nouveau, piochez aussi 1."
"tech:18:name","Asteroideneinfang","Cattura di Asteroidi","Przechwytywanie Asteroid","Captura de Asteroides","Capture d’Astéroïde"
"tech:19:effect","Lege 1 Karte verdeckt unter diesen Sektor. Wenn dieser vollständig optimiert ist, ziehe zusätzlich 2.","Metti 1 carta a faccia in giù sotto questo settore. Se è completamente ottimizzato, pesca anche 2.","Odłóż 1 kartę zakrytą pod tym sektorem. Jeśli jest w pełni zoptymalizowany, dobierz dodatkowo 2.","Coloca 1 carta boca abajo bajo este sector. Si está totalmente optimizado, roba también 2.","Empilez 1 carte face cachée sous ce secteur. Si celui-ci est entièrement optimisé, piochez aussi 2."
"tech:19:name","Gedruckte Bibliothek","Biblioteca Stampata","Drukowana Biblioteka","Biblioteca Impresa","Bibliothèque Imprimée"
"tech:1:effect","Kein Effekt","Nessun effetto","Brak efektu","Sin efecto","Aucun effet"
"tech:1:name","Magnetnetz","Rete Magnetica","Sieć Magnetyczna","Red Magnética","Filet Magnétique"
"tech:20:effect","Lege 1 Karte verdeckt unter diesen Sektor. Wenn dieser vollständig optimiert ist, ziehe zusätzlich 2.","Metti 1 carta a faccia in giù sotto questo settore. Se è completamente ottimizzato, pesca anche 2.","Odłóż 1 kartę zakrytą pod tym sektorem. Jeśli jest w pełni zoptymalizowany, dobierz dodatkowo 2.","Coloca 1 carta boca abajo bajo este sector. Si está totalmente optimizado, roba también 2.","Empilez 1 carte face cachée sous ce secteur. Si celui-ci est entièrement optimisé, piochez aussi 2."
"tech:20:name","Gedruckte Bibliothek","Biblioteca Stampata","Drukowana Biblioteka","Biblioteca Impresa","Bibliothèque Imprimée"
"tech:21:effect","Jeder Spieler zieht 1.","Ogni giocatore pesca 1.","Każdy gracz dobiera 1.","Cada jugador roba 1.","Chaque joueur pioche 1."
"tech:21:name","Gaswolke","Nube di Gas","Obłok Gazu","Nube de Gas","Nuage de Gaz"
"tech:22:effect","Jeder Spieler zieht 1.","Ogni giocatore pesca 1.","Każdy gracz dobiera 1.","Cada jugador roba 1.","Chaque joueur pioche 1."
"tech:22:name","Gaswolke","Nube di Gas","Obłok Gazu","Nube de Gas","Nuage de Gaz"
"tech:23:effect","Recycle 1, ziehe dann 1.","Ricicla 1, poi pesca 1.","Zutylizuj 1, następnie dobierz 1.","Recicla 1, luego roba 1.","Recyclez 1, puis piochez 1."
"tech:23:name","Osmosefilter","Filtro a Osmosi","Filtr Osmotyczny","Filtro de Ósmosis","Filtre à Osmose"
"tech:24:effect","Recycle 1, ziehe dann 1.","Ricicla 1, poi pesca 1.","Zutylizuj 1, następnie dobierz 1.","Recicla 1, luego roba 1.","Recyclez 1, puis piochez 1."
"tech:24:name","Osmosefilter","Filtro a Osmosi","Filtr Osmotyczny","Filtro de Ósmosis","Filtre à Osmose"
"tech:25:effect","Ziehe 1, recycle sie dann.","Pesca 1, poi riciclala.","Dobierz 1, następnie zutylizuj ją.","Roba 1, luego recíclala.","Piochez 1, puis recyclez-la."
"tech:25:name","passierter Komet","Cometa di Passaggio","Przelatująca Kometa","Cometa de Paso","Comète de Passage"
"tech:26:effect","Ziehe 1, recycle sie dann.","Pesca 1, poi riciclala.","Dobierz 1, następnie zutylizuj ją.","Roba 1, luego recíclala.","Piochez 1, puis recyclez-la."
"tech:26:name","passierter Komet","Cometa di Passaggio","Przelatująca Kometa","Cometa de Paso","Comète de Passage"
"tech:27:effect","Wenn dieser Sektor komplett ist, erhalte 1 Organix oder 1 Electrix.","Se questo settore è completo, guadagna 1 Organix o 1 Electrix.","Jeśli ten sektor jest kompletny, zdobądź 1 Organix lub 1 Electrix.","Si este sector está completo, gana 1 Organix o 1 Electrix extra.","Si ce secteur est complet, gagnez 1 Organix ou 1 Electrix."
"tech:27:name","Magnet Rumpf","Scafo Magnetizzato","Namagnesowany Kadłub","Casco Magnetizado","Coque Magnétisée"
"tech:28:effect","Wenn dieser Sektor komplett ist, erhalte 1 Organix oder 1 Electrix.","Se questo settore è completo, guadagna 1 Organix o 1 Electrix.","Jeśli ten sektor jest kompletny, zdobądź 1 Organix lub 1 Electrix.","Si este sector está completo, gana 1 Organix o 1 Electrix extra.","Si ce secteur est complet, gagnez 1 Organix ou 1 Electrix."
"tech:28:name","Magnet Rumpf","Scafo Magnetizzato","Namagnesowany Kadłub","Casco Magnetizado","Coque Magnétisée"
"tech:29:effect","Wenn dieser Sektor neu ist, fusioniere 1:1 zweimal.","Se questo settore è nuovo, fondi 1:1 due volte.","Jeśli ten sektor jest nowy, połącz 1:1 dwa razy.","Si este sector es nuevo, fusiona 1:1 dos veces.","Si ce secteur est nouveau, fusionnez 1:1 deux fois."
"tech:29:name","Wasserstoffzelle","Cella a Idrogeno","Ogniwo Wodorowe","Celda de Hidrógeno","Cellule à Hydrogène"
"tech:2:effect","Kein Effekt","Nessun effetto","Brak efektu","Sin efecto","Aucun effet"
"tech:2:name","Magnetnetz","Rete Magnetica","Sieć Magnetyczna","Red Magnética","Filet Magnétique"
"tech:30:effect","Wenn dieser Sektor neu ist, fusioniere 1:1 zweimal.","Se questo settore è nuovo, fondi 1:1 due volte.","Jeśli ten sektor jest nowy, połącz 1:1 dwa razy.","Si este sector es nuevo, fusiona 1:1 dos veces.","Si ce secteur est nouveau, fusionnez 1:1 deux fois."
"tech:30:name","Wasserstoffzelle","Cella a Idrogeno","Ogniwo Wodorowe","Celda de Hidrógeno","Cellule à Hydrogène"
"tech:31:effect","Fusioniere 1:1 dreimal. Wenn dieser Sektor vollständig optimiert ist, lagere 1 Metals.","Fondi 1:1 tre volte. Se questo settore è completamente ottimizzato, immagazzina 1 Metals.","Połącz 1:1 trzy razy. Jeśli ten sektor jest w pełni zoptymalizowany, zmagazynuj 1 Metals.","Fusiona 1:1 tres veces.
Si este sector está totalmente optimizado, almacena 1 Metals extra.","Fusionnez 1:1 trois fois. Si ce secteur est entièrement optimisé, stockez 1 Metals."
"tech:31:name","Schmelze","Fonderia","Huta","Fundición","Fonderie"
"tech:32:effect","Fusioniere 1:1 dreimal. Wenn dieser Sektor vollständig optimiert ist, lagere 1 Metals.","Fondi 1:1 tre volte. Se questo settore è completamente ottimizzato, immagazzina 1 Metals.","Połącz 1:1 trzy razy. Jeśli ten sektor jest w pełni zoptymalizowany, zmagazynuj 1 Metals.","Fusiona 1:1 tres veces.
Si este sector está totalmente optimizado, almacena 1 Metals extra.","Fusionnez 1:1 trois fois. Si ce secteur est entièrement optimisé, stockez 1 Metals."
"tech:32:name","Schmelze","Fonderia","Huta","Fundición","Fonderie"
"tech:33:effect","Fusioniere Dust 1:1 beliebig oft.","Fusione Dust 1:1 quante volte vuoi.","Łącz Dust 1:1 dowolną liczbę razy.","Fusiona 1:1 cualquier Dust extra.","Fusionnez 1:1 n’importe quel Dust."
"tech:33:name","Fusionssynthesizer","Sintetizzatore a Fusione","Syntezator Fuzyjny","Sintetizador de Fusión","Synthétiseur à Fusion"
"tech:34:effect","Fusioniere Dust 1:1 beliebig oft.","Fusione Dust 1:1 quante volte vuoi.","Łącz Dust 1:1 dowolną liczbę razy.","Fusiona 1:1 cualquier Dust extra.","Fusionnez 1:1 n’importe quel Dust."
"tech:34:name","Fusionssynthesizer","Sintetizzatore a Fusione","Syntezator Fuzyjny","Sintetizador de Fusión","Synthétiseur à Fusion"
"tech:35:effect","Recycle 1, aber erhalte den Vorrat zweimal.","Ricicla 1, ma guadagna la risorsa due volte.","Zutylizuj 1, ale zdobądź zasób dwa razy.","Recicla 1, pero gana el suministro dos veces.","Recyclez 1, mais gagnez le matériel deux fois."
"tech:35:name","Reinigungsroboter","Robot Pulitore","Robot Sprzątający","Robot de Limpieza","Robot Nettoyeur"
"tech:36:effect","Recycle 1, aber erhalte den Vorrat zweimal.","Ricicla 1, ma guadagna la risorsa due volte.","Zutylizuj 1, ale zdobądź zasób dwa razy.","Recicla 1, pero gana el suministro dos veces.","Recyclez 1, mais gagnez le matériel deux fois."
"tech:36:name","Reinigungsroboter","Robot Pulitore","Robot Sprzątający","Robot de Limpieza","Robot Nettoyeur"
"tech:37:effect","Decke 2 Expeditionen auf. Du darfst auf 1 bieten.","Rivela 2 spedizioni.
Puoi fare un’offerta per 1.","Odkryj 2 ekspedycje. Możesz licytować o 1.","Revela 2 expediciones. Puedes pujar por 1.","Révélez 2 expéditions. Vous pouvez enchérir sur 1."
"tech:37:name","Tiefraumradar","Radar dello Spazio","Radar Kosmosu","Radar del Espacio Profundo","Radar de l’Espace"
"tech:38:effect","Decke 2 Expeditionen auf. Du darfst auf 1 bieten.","Rivela 2 spedizioni.
Puoi fare un’offerta per 1.","Odkryj 2 ekspedycje. Możesz licytować o 1.","Revela 2 expediciones. Puedes pujar por 1.","Révélez 2 expéditions. Vous pouvez enchérir sur 1."
"tech:38:name","Tiefraumradar","Radar dello Spazio","Radar Kosmosu","Radar del Espacio Profundo","Radar de l’Espace"
"tech:39:effect","Wenn dieser Sektor neu ist, recycle bis zu 2, ziehe dann ebenso viele.","Se questo settore è nuovo, ricicla fino a 2, poi pesca altrettante.","Jeśli ten sektor jest nowy, zutylizuj do 2, następnie dobierz tyle samo.","Si este sector es nuevo, recicla hasta 2, luego roba esa cantidad.","Si ce secteur est nouveau, recyclez jusqu’à 2, puis piochez autant."
"tech:39:name","Robotische Arbeitskräfte","Manodopera Robotica","Robotyczna Siła Robocza","Mano de Obra Robótica","Main-d’Œuvre Robotique"
"tech:3:effect","⭐","⭐","⭐","⭐","⭐"
"tech:3:name","Aufblasbare Habitate","Habitat Gonfiabili","Nadmuchiwane Habitaty","Hábitats Inflables","Habitats Gonflables"
"tech:40:effect","Wenn dieser Sektor neu ist, recycle bis zu 2, ziehe dann ebenso viele.","Se questo settore è nuovo, ricicla fino a 2, poi pesca altrettante.","Jeśli ten sektor jest nowy, zutylizuj do 2, następnie dobierz tyle samo.","Si este sector es nuevo, recicla hasta 2, luego roba esa cantidad.","Si ce secteur est nouveau, recyclez jusqu’à 2, puis piochez autant."
"tech:40:name","Robotische Arbeitskräfte","Manodopera Robotica","Robotyczna Siła Robocza","Mano de Obra Robótica","Main-d’Œuvre Robotique"
"tech:41:effect","Decke 1 Sektor auf, erhalte 1 Vorrat dieser Farbe. Du darfst darauf bieten.","Rivela 1 settore, guadagna 1 risorsa di quel colore. Puoi fare un’offerta per esso.","Odkryj 1 sektor, zdobądź 1 zasób tego koloru. Możesz o niego licytować.","Revela 1 sector, gana 1 suministro de ese color. Puedes pujar por él.","Révélez 1 secteur, gagnez 1 matériel de cette couleur. Vous pouvez enchérir dessus."
"tech:41:name","Transform. Rumpf","Scafo Trasformabile","Przekształcalny Kadłub","Casco Transformable","Coque Transformable"
"tech:42:effect","Decke 1 Sektor auf, erhalte 1 Vorrat dieser Farbe. Du darfst darauf bieten.","Rivela 1 settore, guadagna 1 risorsa di quel colore. Puoi fare un’offerta per esso.","Odkryj 1 sektor, zdobądź 1 zasób tego koloru. Możesz o niego licytować.","Revela 1 sector, gana 1 suministro de ese color. Puedes pujar por él.","Révélez 1 secteur, gagnez 1 matériel de cette couleur. Vous pouvez enchérir dessus."
"tech:42:name","Transform. Rumpf","Scafo Trasformabile","Przekształcalny Kadłub","Casco Transformable","Coque Transformable"
"tech:43:effect","⭐","⭐","⭐","⭐","⭐"
"tech:43:name","Frachtkapseln","Capsule da Carico","Kapsuły Transportowe","Cápsulas de Carga","Capsules Cargo"
"tech:44:effect","⭐","⭐","⭐","⭐","⭐"
"tech:44:name","Frachtkapseln","Capsule da Carico","Kapsuły Transportowe","Cápsulas de Carga","Capsules Cargo"
"tech:45:effect","⭐⭐","⭐⭐","⭐⭐","⭐⭐","⭐⭐"
"tech:45:name","Fracht-Lander","Lander da Carico","Lądowniki Transportowe","Módulos de Carga","Atterrisseurs Cargo"
"tech:46:effect","⭐⭐","⭐⭐","⭐⭐","⭐⭐","⭐⭐"
"tech:46:name","Fracht-Lander","Lander da Carico","Lądowniki Transportowe","Módulos de Carga","Atterrisseurs Cargo"
"tech:47:effect","Wenn du Dust-Karten recycelst, erhalte 1 zusätzlichen Dust.","Always","Gdy utylizujesz karty Dust, zdobądź 1 dodatkowy Dust.","Cuando reciclas cartas Dust, gana 1 Dust extra.","Always"
"tech:47:name","Müllpresse","Compattatore di Rifiuti","Zgniatarka Śmieci","Compactador de Basura","Compacteur à Déchets"
"tech:48:effect","Wenn du Dust-Karten recycelst, erhalte 1 zusätzlichen Dust.","Always","Gdy utylizujesz karty Dust, zdobądź 1 dodatkowy Dust.","Cuando reciclas cartas Dust, gana 1 Dust extra.","Always"
"tech:48:name","Müllpresse","Compattatore di Rifiuti","Zgniatarka Śmieci","Compactador de Basura","Compacteur à Déchets"
"tech:49:effect","Kaufe Liquids-Karte Tech für -1.","Acquista carte tecnologia Liquids per -1.","Kupuj karty technologii Liquids za -1.","Compra cartas de tecnología Liquids por -1.","Achetez les cartes technologie Liquids pour -1."
"tech:49:name","Abfallwirtschaft","Gestione dei Rifiuti","Gospodarka Odpadami","Gestión de Residuos","Gestion des Déchets"
"tech:4:effect","⭐","⭐","⭐","⭐","⭐"
"tech:4:name","Aufblasbare Habitate","Habitat Gonfiabili","Nadmuchiwane Habitaty","Hábitats Inflables","Habitats Gonflables"
"tech:50:effect","Wenn dieser Sektor komplett ist, recycle bis zu 3, ziehe dann ebenso viele.","Se questo settore è completo, ricicla fino a 3, poi pesca altrettante.","Jeśli ten sektor jest kompletny, zutylizuj do 3, następnie dobierz tyle samo.","Si este sector está completo, recicla hasta 3, luego roba esa cantidad.","Si ce secteur est complet, recyclez jusqu’à 3, puis piochez autant."
"tech:50:name","Strahlungsabsorber","Assorbitore di Radiazioni","Absorber Promieniowania","Absorbente de Radiación","Absorbeur de Radiations"
"tech:51:effect","Wenn dieser Sektor komplett ist, recycle bis zu 3, ziehe dann ebenso viele.","Se questo settore è completo, ricicla fino a 3, poi pesca altrettante.","Jeśli ten sektor jest kompletny, zutylizuj do 3, następnie dobierz tyle samo.","Si este sector está completo, recicla hasta 3, luego roba esa cantidad.","Si ce secteur est complet, recyclez jusqu’à 3, puis piochez autant."
"tech:51:name","Strahlungsabsorber","Assorbitore di Radiazioni","Absorber Promieniowania","Absorbente de Radiación","Absorbeur de Radiations"
"tech:52:effect","Wenn dieser Sektor neu ist, ziehe 1.","Se questo settore è nuovo, pesca 1.","Jeśli ten sektor jest nowy, dobierz 1.","Si este sector es nuevo, roba 1.","Si ce secteur est nouveau, piochez 1."
"tech:52:name","Atmokontrollsystem","Controllo Atmosferico","Kontroli Atmosfery","Control Atmosférico","Contrôle Atmosphérique"
"tech:53:effect","Wenn dieser Sektor neu ist, ziehe 1.","Se questo settore è nuovo, pesca 1.","Jeśli ten sektor jest nowy, dobierz 1.","Si este sector es nuevo, roba 1.","Si ce secteur est nouveau, piochez 1."
"tech:53:name","Atmokontrollsystem","Controllo Atmosferico","Kontroli Atmosfery","Control Atmosférico","Contrôle Atmosphérique"
"tech:54:effect","Decke 1 Expedition auf. Du darfst darauf bieten.","Rivela 1 spedizione. Puoi fare un’offerta per essa.","Odkryj 1 ekspedycję. Możesz o nią licytować.","Revela 1 expedición. Puedes pujar por ella.","Révélez 1 expédition. Vous pouvez enchérir dessus."
"tech:54:name","Eisabbau","Estrazione di Ghiaccio","Wydobycie Lodu","Minería de Hielo","Extraction de Glace"
"tech:55:effect","Decke 1 Expedition auf. Du darfst darauf bieten.","Rivela 1 spedizione. Puoi fare un’offerta per essa.","Odkryj 1 ekspedycję. Możesz o nią licytować.","Revela 1 expedición. Puedes pujar por ella.","Révélez 1 expédition. Vous pouvez enchérir dessus."
"tech:55:name","Eisabbau","Estrazione di Ghiaccio","Wydobycie Lodu","Minería de Hielo","Extraction de Glace"
"tech:56:effect","Ziehe 2, recycle 1 davon.","Pesca 2, riciclane 1.","Dobierz 2, zutylizuj 1 z nich.","Roba 2, recicla 1 de ellas.","Piochez 2, recyclez-en 1."
"tech:56:name","Medizinisches Zentrum","Centro Medico","Centrum Medyczne","Centro Médico","Centre Médical"
"tech:57:effect","Ziehe 2, recycle 1 davon.","Pesca 2, riciclane 1.","Dobierz 2, zutylizuj 1 z nich.","Roba 2, recicla 1 de ellas.","Piochez 2, recyclez-en 1."
"tech:57:name","Medizinisches Zentrum","Centro Medico","Centrum Medyczne","Centro Médico","Centre Médical"
"tech:58:effect","⭐","⭐","⭐","⭐","⭐"
"tech:58:name","Filter","Purificatore","Oczyszczacz","Purificador","Purificateur"
"tech:59:effect","⭐","⭐","⭐","⭐","⭐"
"tech:59:name","Filter","Purificatore","Oczyszczacz","Purificador","Purificateur"
"tech:5:effect","Du darfst gelagerte Vorräte und verdeckte Karten zwischen Sektoren bewegen.","Puoi spostare le risorse immagazzinate e le carte messe da parte tra i settori.","Możesz przenosić zmagazynowane zasoby i odłożone karty między sektorami.","Puedes mover suministros almacenados y cartas colocadas entre sectores.","Vous pouvez déplacer les matériels stockés et les cartes empilées entre les secteurs."
"tech:5:name","Frachtdrohnen","Droni da Carico","Drony Transportowe","Drones de Carga","Drones Cargo"
"tech:60:effect","⭐⭐","⭐⭐","⭐⭐","⭐⭐","⭐⭐"
"tech:60:name","Bodenerzeuger","Generatore di Suolo","Generator Gleby","Generador de Suelo","Générateur de Sol"
"tech:61:effect","⭐⭐","⭐⭐","⭐⭐","⭐⭐","⭐⭐"
"tech:61:name","Bodenerzeuger","Generatore di Suolo","Generator Gleby","Generador de Suelo","Générateur de Sol"
"tech:62:effect","Wenn du eine Liquids-Karte Karte platzierst, ziehe 1.
(auch bei dieser Karte).","Quando posizioni Liquids: Pesca 1.
(inclusa questa)","Gdy umieszczasz Liquids: dobierz 1.
(włącznie z tą)","Cuando coloques Liquids: roba 1.
(incluido esto)","Quand vous posez Liquids: Piochez 1.
(y compris celle-ci)"
"tech:62:name","Biodome","Biodomi","Biokopuły","Biodomos","Biodômes"
"tech:63:effect","Wenn du eine Liquids-Karte Karte platzierst, ziehe 1.
(auch bei dieser Karte).","Quando posizioni Liquids: Pesca 1.
(inclusa questa)","Gdy umieszczasz Liquids: dobierz 1.
(włącznie z tą)","Cuando coloques Liquids: roba 1.
(incluido esto)","Quand vous posez Liquids: Piochez 1.
(y compris celle-ci)"
"tech:63:name","Biodome","Biodomi","Biokopuły","Biodomos","Biodômes"
"tech:64:effect","Ziehe 2. Wenn dieser Sektor komplett ist, ziehe stattdessen 3.","Pesca 2. Se questo settore è completo, pesca 3 invece.","Dobierz 2. Jeśli ten sektor jest kompletny, dobierz zamiast tego 3.","Roba 2. Si este sector está completo, roba 3 en su lugar.","Piochez 2. Si ce secteur est complet, piochez 3 à la place."
"tech:64:name","Eisschild","Scudo di Ghiaccio","Tarcza Lodowa","Escudo de Hielo","Bouclier de Glace"
"tech:65:effect","Ziehe 2. Wenn dieser Sektor komplett ist, ziehe stattdessen 3.","Pesca 2. Se questo settore è completo, pesca 3 invece.","Dobierz 2. Jeśli ten sektor jest kompletny, dobierz zamiast tego 3.","Roba 2. Si este sector está completo, roba 3 en su lugar.","Piochez 2. Si ce secteur est complet, piochez 3 à la place."
"tech:65:name","Eisschild","Scudo di Ghiaccio","Tarcza Lodowa","Escudo de Hielo","Bouclier de Glace"
"tech:66:effect","Decke 3 Sektoren auf. Überspringe das Bieten, erhalte einen Dust- oder Liquids-Sektor kostenlos.","Rivela 3 settori.
Salta l’offerta, guadagna Dust o Liquids settore gratuitamente.","Odkryj 3 sektory.
Pomiń licytację, zdobądź Dust lub Liquids sektor za darmo.","Revela 3 sectores.
Sin pujar, gana un sector Dust o Liquids gratis.","Révélez 3 secteurs.
Sautez les enchères, gagnez Dust ou Liquids secteur gratuitement."
"tech:66:name","Aufblasbarer Rumpf","Scafo Gonfiabile","Nadmuchiwany Kadłub","Casco Inflable","Coque Gonflable"
"tech:67:effect","Decke 3 Sektoren auf. Überspringe das Bieten, erhalte einen Dust- oder Liquids-Sektor kostenlos.","Rivela 3 settori.
Salta l’offerta, guadagna Dust o Liquids settore gratuitamente.","Odkryj 3 sektory.
Pomiń licytację, zdobądź Dust lub Liquids sektor za darmo.","Revela 3 sectores.
Sin pujar, gana un sector Dust o Liquids gratis.","Révélez 3 secteurs.
Sautez les enchères, gagnez Dust ou Liquids secteur gratuitement."
"tech:67:name","Aufblasbarer Rumpf","Scafo Gonfiabile","Nadmuchiwany Kadłub","Casco Inflable","Coque Gonflable"
"tech:68:effect","Die nächste hier platzierte Techkarte kostet -2.","La prossima carta tecnologia posizionata qui costa -2.","Następna karta technologii umieszczona tutaj kosztuje -2.","La próxima carta de tecnología colocada aquí cuesta -2.","La prochaine carte technologie posée ici coûte -2."
"tech:68:name","Jahreszeiten","Stagioni","Pory Roku","Estaciones","Saisons"
"tech:69:effect","Mische bis zu 3 Expeditionen zurück in den Stapel, decke dann ebenso viele auf.","Rimescola fino a 3 spedizioni nel mazzo, poi rivelane altrettante.","Wtasuj do 3 ekspedycji z powrotem do talii, następnie odkryj tyle samo.","Mezcla hasta 3 expediciones de vuelta al mazo, luego revela esa cantidad.","Mélangez jusqu’à 3 expéditions dans la pioche, puis révélez-en autant."
"tech:69:name","Schwarzes Loch","Incontro con un Buco Nero","Spotkanie z Czarną Dziurą","Agujero Negro","Trou Noir"
"tech:6:effect","Du darfst gelagerte Vorräte und verdeckte Karten zwischen Sektoren bewegen.","Puoi spostare le risorse immagazzinate e le carte messe da parte tra i settori.","Możesz przenosić zmagazynowane zasoby i odłożone karty między sektorami.","Puedes mover suministros almacenados y cartas colocadas entre sectores.","Vous pouvez déplacer les matériels stockés et les cartes empilées entre les secteurs."
"tech:6:name","Frachtdrohnen","Droni da Carico","Drony Transportowe","Drones de Carga","Drones Cargo"
"tech:70:effect","Mische bis zu 3 Expeditionen zurück in den Stapel, decke dann ebenso viele auf.","Rimescola fino a 3 spedizioni nel mazzo, poi rivelane altrettante.","Wtasuj do 3 ekspedycji z powrotem do talii, następnie odkryj tyle samo.","Mezcla hasta 3 expediciones de vuelta al mazo, luego revela esa cantidad.","Mélangez jusqu’à 3 expéditions dans la pioche, puis révélez-en autant."
"tech:70:name","Schwarzes Loch","Incontro con un Buco Nero","Spotkanie z Czarną Dziurą","Agujero Negro","Trou Noir"
"tech:71:effect","Die nächste hier platzierte Techkarte kostet -1.","La prossima carta tecnologia posizionata qui costa -1.","Następna karta technologii umieszczona tutaj kosztuje -1.","La próxima carta de tecnología colocada aquí cuesta -1.","La prochaine carte technologie posée ici coûte -1."
"tech:71:name","Tag-Nacht-Zyklus","Ciclo Giorno-Notte","Cykl Dnia i Nocy","Ciclo Día-Noche","Cycle Jour-Nuit"
"tech:72:effect","Die nächste hier platzierte Techkarte kostet -1.","La prossima carta tecnologia posizionata qui costa -1.","Następna karta technologii umieszczona tutaj kosztuje -1.","La próxima carta de tecnología colocada aquí cuesta -1.","La prochaine carte technologie posée ici coûte -1."
"tech:72:name","Tag-Nacht-Zyklus","Ciclo Giorno-Notte","Cykl Dnia i Nocy","Ciclo Día-Noche","Cycle Jour-Nuit"
"tech:73:effect","Kopiere den Platzierungseffekt einer anderen Karte in diesem Sektor.","Copia l’effetto di posizionamento di un’altra carta in questo settore.","Skopiuj efekt umieszczenia innej karty w tym sektorze.","Copia el efecto de colocación de otra carta en este sector.","Copiez l’effet de pose d’une autre carte de ce secteur."
"tech:73:name","Reflektoren","Riflettori","Reflektory","Reflectores","Réflecteurs"
"tech:74:effect","Kopiere den Platzierungseffekt einer anderen Karte in diesem Sektor.","Copia l’effetto di posizionamento di un’altra carta in questo settore.","Skopiuj efekt umieszczenia innej karty w tym sektorze.","Copia el efecto de colocación de otra carta en este sector.","Copiez l’effet de pose d’une autre carte de ce secteur."
"tech:74:name","Reflektoren","Riflettori","Reflektory","Reflectores","Réflecteurs"
"tech:75:effect","Lege bis zu 2 Karten verdeckt unter diesen Sektor, ziehe dann ebenso viele.","Metti fino a 2 carte a faccia in giù sotto questo settore, poi pesca altrettante.","Odłóż do 2 kart zakrytych pod tym sektorem, następnie dobierz tyle samo.","Coloca hasta 2 cartas boca abajo bajo este sector, luego roba esa cantidad.","Empilez jusqu’à 2 cartes face cachée sous ce secteur, puis piochez autant."
"tech:75:name","Kryogenik","Criogenia","Krionika","Criogenia","Cryogénie"
"tech:76:effect","Lege bis zu 2 Karten verdeckt unter diesen Sektor, ziehe dann ebenso viele.","Metti fino a 2 carte a faccia in giù sotto questo settore, poi pesca altrettante.","Odłóż do 2 kart zakrytych pod tym sektorem, następnie dobierz tyle samo.","Coloca hasta 2 cartas boca abajo bajo este sector, luego roba esa cantidad.","Empilez jusqu’à 2 cartes face cachée sous ce secteur, puis piochez autant."
"tech:76:name","Kryogenik","Criogenia","Krionika","Criogenia","Cryogénie"
"tech:77:effect","⭐","⭐","⭐","⭐","⭐"
"tech:77:name","Fische","Pesci","Ryby","Peces","Poissons"
"tech:78:effect","⭐","⭐","⭐","⭐","⭐"
"tech:78:name","Fische","Pesci","Ryby","Peces","Poissons"
"tech:79:effect","⭐⭐","⭐⭐","⭐⭐","⭐⭐","⭐⭐"
"tech:79:name","Vögel","Uccelli","Ptaki","Aves","Oiseaux"
"tech:7:effect","Lagere 1 Dust, 1 Metals oder 1 Liquids.","Immagazzina 1 Dust, 1 Metals o 1 Liquids.","Zmagazynuj 1 Dust, 1 Metals lub 1 Liquids.","Almacena 1 Dust, 1 Metals o 1 Liquids extra.","Stockez 1 Dust, 1 Metals ou 1 Liquids."
"tech:7:name","Container","Container","Kontenery","Contenedores","Conteneurs"
"tech:80:effect","⭐⭐","⭐⭐","⭐⭐","⭐⭐","⭐⭐"
"tech:80:name","Vögel","Uccelli","Ptaki","Aves","Oiseaux"
"tech:81:effect","⭐⭐⭐","⭐⭐⭐","⭐⭐⭐","⭐⭐⭐","⭐⭐⭐"
"tech:81:name","Säugetiere","Mammiferi","Ssaki","Mamíferos","Mammifères"
"tech:82:effect","⭐⭐⭐","⭐⭐⭐","⭐⭐⭐","⭐⭐⭐","⭐⭐⭐"
"tech:82:name","Säugetiere","Mammiferi","Ssaki","Mamíferos","Mammifères"
"tech:83:effect","Erhalte 1 Organix pro aufgedrucktem ⭐ auf der nächsten hier platzierten Karte.","Guadagna 1 Organix per ogni ⭐ stampata sulla prossima carta posizionata qui.","Zdobądź 1 Organix za każdą wydrukowaną ⭐ na następnej karcie umieszczonej tutaj.","Gana 1 Organix por cada ⭐ impresa en la siguiente carta colocada aquí.","Gagnez 1 Organix par ⭐ imprimée sur la prochaine carte posée ici."
"tech:83:name","Feldfrüchte","Colture","Uprawy","Cultivos","Récoltes"
"tech:84:effect","Ziehe 1 Karte pro aufgedrucktem ⭐ auf der nächsten hier platzierten Karte.","Pesca 1 carta per ogni ⭐ stampata sulla prossima carta posizionata qui.","Dobierz 1 kartę za każdą wydrukowaną ⭐ na następnej karcie umieszczonej tutaj.","Roba 1 por cada ⭐ impresa en la siguiente carta colocada aquí.","Piochez 1 carte par ⭐ imprimée sur la prochaine carte posée ici."
"tech:84:name","Lebender Rumpf","Scafo Vivente","Żywy Kadłub","Casco Viviente","Coque Vivante"
"tech:85:effect","Wenn du eine neue Farbe auf diesem Sektor platzierst, lagere 1 Vorrat dieser Farbe auf diesem Sektor.","Quando posizioni un nuovo colore su questo settore, immagazzina 1 risorsa di quel colore su questo settore.","Gdy umieszczasz kartę nowego koloru w tym sektorze, zmagazynuj 1 zasób tego koloru w tym sektorze.","Cuando colocas un nuevo color en este sector, almacena 1 suministro de ese color en este sector.","Quand vous posez une nouvelle couleur sur ce secteur, stockez 1 matériel de cette couleur sur ce secteur."
"tech:85:name","Bestäuber","Impollinatori","Owady","Polinizadores","Pollinisateurs"
"tech:86:effect","Wenn dieser Sektor vollständig optimiert ist, erhalte 6 Dust.","Se questo settore è completamente ottimizzato, guadagna 6 Dust.","Jeśli ten sektor jest w pełni zoptymalizowany, zdobądź 6 Dust.","Si este sector está totalmente optimizado, gana 6 Dust extra.","Si ce secteur est entièrement optimisé, gagnez 6 Dust."
"tech:86:name","Laborfleisch","Carni da Laboratorio","Mięso Laboratoryjne","Carnes de Laboratorio","Viandes de Laboratoire"
"tech:87:effect","Wenn dieser Sektor vollständig optimiert ist, erhalte 6 Dust.","Se questo settore è completamente ottimizzato, guadagna 6 Dust.","Jeśli ten sektor jest w pełni zoptymalizowany, zdobądź 6 Dust.","Si este sector está totalmente optimizado, gana 6 Dust extra.","Si ce secteur est entièrement optimisé, gagnez 6 Dust."
"tech:87:name","Laborfleisch","Carni da Laboratorio","Mięso Laboratoryjne","Carnes de Laboratorio","Viandes de Laboratoire"
"tech:88:effect","Lege 3 Karten verdeckt unter diesen Sektor. Wenn dieser Sektor vollständig optimiert ist, lege stattdessen 1 offen.","Metti 3 carte a faccia in giù sotto questo settore. Se questo settore è completamente ottimizzato, mettine invece 1 a faccia in su.","Odłóż 3 karty zakryte pod tym sektorem. Jeśli ten sektor jest w pełni zoptymalizowany, odłóż zamiast tego 1 odkrytą.","Coloca 3 cartas boca abajo bajo este sector. Si este sector está totalmente optimizado, coloca en su lugar 1 boca arriba.","Empilez 3 cartes face cachée sous ce secteur. Si ce secteur est entièrement optimisé, empilez plutôt 1 carte face visible."
"tech:88:name","Künstlerviertel","Quartiere degli Artisti","Dzielnica Artystów","Barrio de Artistas","Quartier des Artistes"
"tech:89:effect","Lege 3 Karten verdeckt unter diesen Sektor. Wenn dieser Sektor vollständig optimiert ist, lege stattdessen 1 offen.","Metti 3 carte a faccia in giù sotto questo settore. Se questo settore è completamente ottimizzato, mettine invece 1 a faccia in su.","Odłóż 3 karty zakryte pod tym sektorem. Jeśli ten sektor jest w pełni zoptymalizowany, odłóż zamiast tego 1 odkrytą.","Coloca 3 cartas boca abajo bajo este sector. Si este sector está totalmente optimizado, coloca en su lugar 1 boca arriba.","Empilez 3 cartes face cachée sous ce secteur. Si ce secteur est entièrement optimisé, empilez plutôt 1 carte face visible."
"tech:89:name","Künstlerviertel","Quartiere degli Artisti","Dzielnica Artystów","Barrio de Artistas","Quartier des Artistes"
"tech:8:effect","Lagere 1 Dust, 1 Metals oder 1 Liquids.","Immagazzina 1 Dust, 1 Metals o 1 Liquids.","Zmagazynuj 1 Dust, 1 Metals lub 1 Liquids.","Almacena 1 Dust, 1 Metals o 1 Liquids extra.","Stockez 1 Dust, 1 Metals ou 1 Liquids."
"tech:8:name","Container","Container","Kontenery","Contenedores","Conteneurs"
"tech:90:effect","Recycle beliebige Karten, lagere die Vorräte aber stattdessen auf diesem Sektor.","Ricicla un numero qualsiasi di carte, ma immagazzina le risorse su questo settore invece.","Zutylizuj dowolne karty, ale zmagazynuj zasoby w tym sektorze zamiast tego.","Recicla cualquier cantidad de cartas, pero almacena los suministros en este sector en su lugar.","Recyclez n’importe quelles cartes, mais stockez les matériels sur ce secteur à la place."
"tech:90:name","Saatgutbanken","Banche dei Semi","Banki Nasion","Bancos de Semillas","Banques de Graines"
"tech:91:effect","Recycle beliebige Karten, lagere die Vorräte aber stattdessen auf diesem Sektor.","Ricicla un numero qualsiasi di carte, ma immagazzina le risorse su questo settore invece.","Zutylizuj dowolne karty, ale zmagazynuj zasoby w tym sektorze zamiast tego.","Recicla cualquier cantidad de cartas, pero almacena los suministros en este sector en su lugar.","Recyclez n’importe quelles cartes, mais stockez les matériels sur ce secteur à la place."
"tech:91:name","Saatgutbanken","Banche dei Semi","Banki Nasion","Bancos de Semillas","Banques de Graines"
"tech:92:effect","Ziehe 2. Wenn dieser Sektor komplett ist, ziehe stattdessen 4.","Pesca 2. Se questo settore è completo, pesca 4 invece.","Dobierz 2. Jeśli ten sektor jest kompletny, dobierz zamiast tego 4.","Roba 2. Si este sector está completo, roba 4 en su lugar.","Piochez 2. Si ce secteur est complet, piochez 4 à la place."
"tech:92:name","PC-Gedankenlink","Collegamento Mentale PC","Link Umysł-Komputer","Enlace Mental PC","Lien Mental PC"
"tech:93:effect","Ziehe 2. Wenn dieser Sektor komplett ist, ziehe stattdessen 4.","Pesca 2. Se questo settore è completo, pesca 4 invece.","Dobierz 2. Jeśli ten sektor jest kompletny, dobierz zamiast tego 4.","Roba 2. Si este sector está completo, roba 4 en su lugar.","Piochez 2. Si ce secteur est complet, piochez 4 à la place."
"tech:93:name","PC-Gedankenlink","Collegamento Mentale PC","Link Umysł-Komputer","Enlace Mental PC","Lien Mental PC"
"tech:94:effect","Ziehe 3, lege 1 davon verdeckt unter diesen Sektor.","Pesca 3, mettine 1 a faccia in giù sotto questo settore.","Dobierz 3, odłóż 1 z nich zakrytą pod tym sektorem.","Roba 3, coloca 1 de ellas boca abajo bajo este sector.","Piochez 3, empilez-en 1 face cachée sous ce secteur."
"tech:94:name","Erdlaser","Laser Terrestre","Laser Ziemski","Láser Terrestre","Laser Terrestre"
"tech:95:effect","Ziehe 3, lege 1 davon verdeckt unter diesen Sektor.","Pesca 3, mettine 1 a faccia in giù sotto questo settore.","Dobierz 3, odłóż 1 z nich zakrytą pod tym sektorem.","Roba 3, coloca 1 de ellas boca abajo bajo este sector.","Piochez 3, empilez-en 1 face cachée sous ce secteur."
"tech:95:name","Erdlaser","Laser Terrestre","Laser Ziemski","Láser Terrestre","Laser Terrestre"
"tech:96:effect","Lagere 1 beliebigen Vorrat. Wenn dieser Sektor vollständig ist, lagere stattdessen 2.","Immagazzina 1 risorsa a scelta. Se questo settore è completo, immagazzinane 2 invece.","Zmagazynuj 1 dowolny zasób. Jeśli ten sektor jest kompletny, zmagazynuj zamiast tego 2.","Almacena 1 suministro a elección. Si este sector está completo, almacena 2 en su lugar.","Stockez 1 matériel au choix. Si ce secteur est complet, stockez-en 2 à la place."
"tech:96:name","Pilze","Funghi","Grzyby","Hongos","Champignons"
"tech:97:effect","Lagere 1 beliebigen Vorrat. Wenn dieser Sektor vollständig ist, lagere stattdessen 2.","Immagazzina 1 risorsa a scelta. Se questo settore è completo, immagazzinane 2 invece.","Zmagazynuj 1 dowolny zasób. Jeśli ten sektor jest kompletny, zmagazynuj zamiast tego 2.","Almacena 1 suministro a elección. Si este sector está completo, almacena 2 en su lugar.","Stockez 1 matériel au choix. Si ce secteur est complet, stockez-en 2 à la place."
"tech:97:name","Pilze","Funghi","Grzyby","Hongos","Champignons"
"tech:98:effect","⭐","⭐","⭐","⭐","⭐"
"tech:98:name","Tragbarer Reaktor","Reattore Portatile","Przenośny Reaktor","Reactor Portátil","Réacteur Portable"
"tech:99:effect","⭐","⭐","⭐","⭐","⭐"
"tech:99:name","Tragbarer Reaktor","Reattore Portatile","Przenośny Reaktor","Reactor Portátil","Réacteur Portable"
"tech:9:effect","Fusioniere 1:1 zweimal. Wenn dieser Sektor vollständig optimiert ist, erhalte zusätzlich 2 Dust.","Fondi 1:1 due volte. Se questo settore è completamente ottimizzato, guadagna anche 2 Dust.","Połącz 1:1 dwa razy. Jeśli ten sektor jest w pełni zoptymalizowany, zdobądź dodatkowo 2 Dust.","Fusiona 1:1 dos veces. Si este sector está totalmente optimizado, gana también 2 Dust extra.","Fusionnez 1:1 deux fois. Si ce secteur est entièrement optimisé, gagnez aussi 2 Dust."
"tech:9:name","Chemielabore","Laboratori Chimici","Laboratoria Chemiczne","Laboratorios Químicos","Laboratoires Chimiques"
