No.,Name,Link,Color,Cost,Art,Flavor,Printed Star,Star Card,Backside,Optimize 1,Optimize 2,Optimize 3,Effect,Effect 2,Done,Artist,Code
1,Central Transport,GS Sector 1 67x44mm.png,Metals,2,,"Tech bros reinventing trains, again.",,No,Hibernators,Metals,Metals,Metals,Fuse 1:1 for each Metals card and Electrix card here. (including this),(Optimize three times to fully optimize),Done,Daniel,400
2,Central Transport,GS Sector 1 67x44mm.png,Metals,2,,"Tech bros reinventing trains, again.",,No,Simulators,Metals,Metals,Metals,Fuse 1:1 for each Metals card and Electrix card here. (including this),(Optimize three times to fully optimize),Done,Daniel,400
3,Fabrication,GS Sector 3 67x44mm.png,Metals,3,,We learned about this at the academy!,,No,Bioreactors,"Dust, Dust","Metals, Metals",,"Gain 6 Dust OR fuse 1:1, three times.
",(Optimize twice to fully optimize),Done,Daniel,401
4,Fabrication,GS Sector 3 67x44mm.png,Metals,3,,We learned about this at the academy!,,No,Habitation Ring,"Dust, Dust","Metals, Metals",,"Gain 6 Dust OR fuse 1:1, three times.
",(Optimize twice to fully optimize),Done,Daniel,401
5,Preservation,GS Sector 5 67x44mm.png,Metals,3,,1 part spacefruit 3 parts sugar.,,No,Operations,"Any, Any","Any, Any",,"Gain 2 Dust per different color here, including this",(Optimize twice to fully optimize),Done,Daniel,402
6,Preservation,GS Sector 5 67x44mm.png,Metals,3,,1 part spacefruit 3 parts sugar.,,No,Cargo Bays,"Any, Any","Any, Any",,"Gain 2 Dust per different color here, including this",(Optimize twice to fully optimize),Done,Daniel,402
7,Space Bazaar,GS Sector 1 67x44mm2.png,Liquids,2,,Feel the quality. That’s none of your goat.,,No,Hibernators,"Dust, Electrix","Liquids, Liquids",,"Recycle up to 3, then draw that many.
",(Optimize twice to fully optimize),Done,Daniel,403
8,Space Bazaar,GS Sector 1 67x44mm2.png,Liquids,2,,Feel the quality. That’s none of your goat.,,No,Simulators,"Dust, Electrix","Liquids, Liquids",,"Recycle up to 3, then draw that many.
",(Optimize twice to fully optimize),Done,Daniel,403
9,Greenhouse,GS Sector 3 67x44mm2.png,Liquids,2,,Green is not a creative color.,⭐⭐,Yes,Bioreactors,Liquids,Liquids,Liquids,"Store 1 Liquids here. Gain 1⭐ per Liquids here.
",(Stored supplies are 1⭐ ),Done,Daniel,404
10,Greenhouse,GS Sector 3 67x44mm2.png,Liquids,2,,Green is not a creative color.,⭐⭐,Yes,Habitation Ring,Liquids,Liquids,Liquids,"Store 1 Liquids here. Gain 1⭐ per Liquids here.
",(Stored supplies are 1⭐ ),Done,Daniel,404
11,Academies,GS Sector 5 67x44mm2.png,Liquids,2,,Publish or perish!,,No,Operations,"Liquids, Metals, Organix",,,"Draw 3
",(Optimize once to fully optimize),Done,Daniel,405
12,Academies,GS Sector 5 67x44mm2.png,Liquids,2,,Publish or perish!,,No,Cargo Bays,"Liquids, Metals, Organix",,,"Draw 3
",(Optimize once to fully optimize),Done,Daniel,405
13,Exosampling,GS Sector 1 67x44mm3.png,Organix,2,,Wow! Superfish!,⭐,Yes,Hibernators,Organix,Organix,Organix,"Archive 1 card faceup here. 
",(Gain printed ⭐ on faceup cards),Done,Daniel,406
14,Exosampling,GS Sector 1 67x44mm3.png,Organix,2,,Wow! Superfish!,⭐,Yes,Simulators,Organix,Organix,Organix,"Archive 1 card faceup here. 
",(Gain printed ⭐ on faceup cards),Done,Daniel,406
15,Parliament,GS Sector 3 67x44mm3.png,Organix,2,,"Most of all, help them find the funk.",,No,Bioreactors,"Metals, Liquids","Organix, Thrust",,"Draw equal to the printed cost of the card just placed.
",(Optimize twice to fully optimize),Done,Daniel,407
16,Parliament,GS Sector 3 67x44mm3.png,Organix,2,,"Most of all, help them find the funk.",,No,Habitation Ring,"Metals, Liquids","Organix, Thrust",,"Draw equal to the printed cost of the card just placed.
",(Optimize twice to fully optimize),Done,Daniel,407
17,Cultivation,GS Sector 5 67x44mm3.png,Organix,2,,Introducing mosqitoes to new planets.,⭐,Yes,Operations,"Organix, Metals, Electrix, Thrust",,,"Draw 4, archive up to 4 cards facedown under any sectors.
",(Facedown cards are 1⭐ ),Done,Daniel,408
18,Cultivation,GS Sector 5 67x44mm3.png,Organix,2,,Introducing mosqitoes to new planets.,⭐,Yes,Cargo Bays,"Organix, Metals, Electrix, Thrust",,,"Draw 4, archive up to 4 cards facedown under any sectors.
",(Facedown cards are 1⭐ ),Done,Daniel,408
19,Holoprinters,GS Sector 1 67x44mm4.png,Electrix,2,,Let your imagination run wild.,⭐,Yes,Hibernators,"Dust, Metals","Organix, Electrix",,"Store any 2 supplies on any sectors.
",(Stored supplies are 1⭐ ),Done,Daniel,409
20,Holoprinters,GS Sector 1 67x44mm4.png,Electrix,2,,Let your imagination run wild.,⭐,Yes,Simulators,"Dust, Metals","Organix, Electrix",,"Store any 2 supplies on any sectors.
",(Stored supplies are 1⭐ ),Done,Daniel,409
21,Probe Launcher,GS Sector 3 67x44mm4.png,Electrix,2,,Probing Uranus.,⭐,Yes,Bioreactors,Electrix,Electrix,Electrix,Reveal 1 expedition. You may bid on any expedition,(Optimize three times to fully optimize),Done,Daniel,410
22,Probe Launcher,GS Sector 3 67x44mm4.png,Electrix,2,,Probing Uranus.,⭐,Yes,Habitation Ring,Electrix,Electrix,Electrix,Reveal 1 expedition. You may bid on any expedition,(Optimize three times to fully optimize),Done,Daniel,410
23,Engines,GS Sector 5 67x44mm4.png,Electrix,2,,More mass means you can accelerate faster.,,No,Operations,"Metals, Liquids","Electrix, Thrust",,"Gain 1 Electrix per sector you have.
",(Optimize twice to fully optimize),Done,Daniel,411
24,Engines,GS Sector 5 67x44mm4.png,Electrix,2,,More mass means you can accelerate faster.,,No,Cargo Bays,"Metals, Liquids","Electrix, Thrust",,"Gain 1 Electrix per sector you have.
",(Optimize twice to fully optimize),Done,Daniel,411
25,Astrogation,GS Sector 1 67x44mm5.png,Thrrust,2,,Stars in a galaxy are like cream in your coffee.,,No,Hibernators,"Dust, Organix","Liquids, Electrix",,"Gain 2 Thrust.
",(Optimize twice to fully optimize),Done,Daniel,412
26,Astrogation,GS Sector 1 67x44mm5.png,Thrrust,2,,Stars in a galaxy are like cream in your coffee.,,No,Simulators,"Dust, Organix","Liquids, Electrix",,"Gain 2 Thrust.
",(Optimize twice to fully optimize),Done,Daniel,412
27,Astra Cultura,GS Sector 3 67x44mm5.png,Thrrust,3,,The sky is no longer the limit.,⭐,Yes,Bioreactors,"Metals, Electrix, Thrust",,,"Store 2 Thrust here. Gain 2⭐ per Thrust  here.
",(Optimize once to fully optimize),Done,Daniel,413
28,Astra Cultura,GS Sector 3 67x44mm5.png,Thrrust,3,,The sky is no longer the limit.,⭐,Yes,Habitation Ring,"Metals, Electrix, Thrust",,,"Store 2 Thrust here. Gain 2⭐ per Thrust  here.
",(Optimize once to fully optimize),Done,Daniel,413
29,Central AI,GS Sector 5 67x44mm5.png,Thrrust,3,,"I can’t do that, due to copyright issues.",,No,Operations,"Dust, Organix","Metals, Thrust",,"Draw 3.
",(Optimize twice to fully optimize),Done,Daniel,414
30,Central AI,GS Sector 5 67x44mm5.png,Thrrust,3,,"I can’t do that, due to copyright issues.",,No,Cargo Bays,"Dust, Organix","Metals, Thrust",,"Draw 3.
",(Optimize twice to fully optimize),Done,Daniel,414
