Qty,Avg,No.,Name,Link,Color,Cost,Flavor,Printed Star,Star Card,Type,Effect,Done,Artist,Check,Code
,,1,Mag-Net,GS Techs 44x67mm.png,Dust,0,Dust is mostly hydrogen.,,No,Place,No effect,Done,Alex,,1
,,2,Mag-Net,GS Techs 44x67mm2.png,Dust,0,Dust is mostly hydrogen.,,No,Place,No effect,Done,Alex,,1
,,3,Inflatable Habs,GS Techs 44x67mm3.png,Dust,2,Puff. Puff. Planet.,⭐,Yes,Score,⭐,Done,Daniel,,2
,,4,Inflatable Habs,GS Techs 44x67mm4.png,Dust,2,Puff. Puff. Planet.,⭐,Yes,Score,⭐,Done,Daniel,,2
,,5,Cargo Drones,GS Techs 44x67mm5.png,Dust,2,What is the address again?,,No,Place,You may move stored supplies and archived cards between sectors.,Done,Daniel,,3
,,6,Cargo Drones,GS Techs 44x67mm6.png,Dust,2,What is the address again?,,No,Place,You may move stored supplies and archived cards between sectors.,Done,Daniel,,3
,,7,Containers,GS Techs 44x67mm7.png,Dust,2,Bringing globalization to a planet near you.,,No,Place,"Store 1 Dust, 1 Metals or 1 Liquids.",Done,?,,4
,,8,Containers,GS Techs 44x67mm8.png,Dust,2,Bringing globalization to a planet near you.,,No,Place,"Store 1 Dust, 1 Metals or 1 Liquids.",Done,Daniel,,4
,,9,Chemlabs,GS Techs 44x67mm9.png,Dust,2,"We have great chemistry, honey.",,No,Place,"Fuse 1:1 twice. If this sector is fully optimized, also gain 2 Dust.",Done,Daniel,,5
,,10,Chemlabs,GS Techs 44x67mm10.png,Dust,2,"We have great chemistry, honey.",,No,Place,"Fuse 1:1 twice. If this sector is fully optimized, also gain 2 Dust.",Done,Daniel,,5
,,11,Hangars,GS Techs 44x67mm11.png,Dust,1,Beam you up? With what?,,No,Place,"If this sector is new, gain 3 Dust.",Done,?,,6
,,12,Hangars,GS Techs 44x67mm12.png,Dust,1,Beam you up? With what?,,No,Place,"If this sector is new, gain 3 Dust.",Done,Daniel,,6
,,13,Ancient Airlock,GS Techs 44x67mm13.png,Dust,2,Rediscovering the ancient ways.,,No,Place,"Reveal 1 Sector, gain 1 supply of that color. You may bid on it.",Done,Daniel,,7
,,14,Ancient Airlock,GS Techs 44x67mm14.png,Dust,2,Rediscovering the ancient ways.,,No,Place,"Reveal 1 Sector, gain 1 supply of that color. You may bid on it.",Done,Daniel,,7
,,15,Chemical Synthesizer,GS Techs 44x67mm15.png,Dust,2,Hundreds of flavors that all taste the same.,,No,Place,"Archive 1 card facedown under this sector, then draw 1.",Done,Daniel,,8
,,16,Chemical Synthesizer,GS Techs 44x67mm16.png,Dust,2,Hundreds of flavors that all taste the same.,,No,Place,"Archive 1 card facedown under this sector, then draw 1.",Done,Daniel,,8
,,17,Asteroid Capture,GS Techs 44x67mm17.png,Dust,2,"Look I caught a geo, dude!",,No,Place,"Fuse 1:1 twice.
If this sector is new, also draw 1.",Done,Daniel,,9
,,18,Asteroid Capture,GS Techs 44x67mm18.png,Dust,2,"Look I caught a geo, dude!",,No,Place,"Fuse 1:1 twice.
If this sector is new, also draw 1.",Done,Daniel,,9
,,19,Printed Library,GS Techs 44x67mm19.png,Dust,2,Paper or plastic?,,No,Place,"Archive 1 card facedown under this sector. If this is fully optimized, also draw 2.",Done,Daniel,,10
,,20,Printed Library,GS Techs 44x67mm20.png,Dust,2,Paper or plastic?,,No,Place,"Archive 1 card facedown under this sector. If this is fully optimized, also draw 2.",Done,Daniel,,10
,,21,Gas Cloud,GS Techs 44x67mm21.png,Dust,0,Remnants of a supernova.,,No,Place,Every player draws 1.,Done,Nebula,,11
,,22,Gas Cloud,GS Techs 44x67mm22.png,Dust,0,Remnants of a supernova.,,No,Place,Every player draws 1.,Done,Daniel,,11
,,23,Osmosis Filter,GS Techs 44x67mm23.png,Dust,1,Best not think about where it comes from.,,No,Place,"Recycle 1, then draw 1.",Done,Daniel,,12
,,24,Osmosis Filter,GS Techs 44x67mm24.png,Dust,1,Best not think about where it comes from.,,No,Place,"Recycle 1, then draw 1.",Done,Daniel,,12
,,25,Passing Comet,GS Techs 44x67mm25.png,Dust,1,Stay on target!,,No,Place,"Draw 1, then recycle it.",Done,Alex,,13
26,"1,46",26,Passing Comet,GS Techs 44x67mm26.png,Dust,1,Stay on target!,,No,Place,"Draw 1, then recycle it.",Done,Daniel,,13
,,27,Magnetized Hull,GS Techs 44x67mm27.png,Metals,1,What’s up?,,No,Place,"If this sector is complete, gain 1 Organix  or 1 Electrix.",Done,Daniel,,14
,,28,Magnetized Hull,GS Techs 44x67mm28.png,Metals,1,What’s up?,,No,Place,"If this sector is complete, gain 1 Organix  or 1 Electrix.",Done,Daniel,,14
,,29,Hydrogen Cell,GS Techs 44x67mm29.png,Metals,1,75% of the mass of the universe.,,No,Place,"If this sector is new, fuse 1:1 twice.",Done,Daniel,,15
,,30,Hydrogen Cell,GS Techs 44x67mm30.png,Metals,1,75% of the mass of the universe.,,No,Place,"If this sector is new, fuse 1:1 twice.",Done,Daniel,,15
,,31,Smelter,GS Techs 44x67mm31.png,Metals,2,"He who smelt it, dealt it.",,No,Place,"Fuse 1:1 three times.If this sector is fully optimized, store 1 Metals.",Done,Daniel,,16
,,32,Smelter,GS Techs 44x67mm32.png,Metals,2,"He who smelt it, dealt it.",,No,Place,"Fuse 1:1 three times.If this sector is fully optimized, store 1 Metals.",Done,Daniel,,16
,,33,Fusion Synthesizer,GS Techs 44x67mm33.png,Metals,2,The all-chemist.,,No,Place,Fuse Dust 1:1 any number of times.,Done,Alex,,17
,,34,Fusion Synthesizer,GS Techs 44x67mm34.png,Metals,2,The all-chemist.,,No,Place,Fuse Dust 1:1 any number of times.,Done,Alex,,17
,,35,Cleaning Robot,GS Techs 44x67mm35.png,Metals,3,By your command.,,No,Place,Recycle 1 but gain the supply twice.,Done,Daniel,,18
,,36,Cleaning Robot,GS Techs 44x67mm36.png,Metals,3,By your command.,,No,Place,Recycle 1 but gain the supply twice.,Done,Daniel,,18
,,37,Deep Space Radar,GS Techs 44x67mm37.png,Metals,2,Ping!,,No,Place,Reveal 2 expeditions. You may bid on 1.,Done,Alex,,19
,,38,Deep Space Radar,GS Techs 44x67mm38.png,Metals,2,Ping!,,No,Place,Reveal 2 expeditions. You may bid on 1.,Done,Alex,,19
,,39,Robotic Workforce,GS Techs 44x67mm39.png,Metals,2,Gotta keep those labor costs down.,,No,Place,"If this sector is new, recycle up to 2,then draw that many.",Done,Daniel,,20
,,40,Robotic Workforce,GS Techs 44x67mm40.png,Metals,2,Gotta keep those labor costs down.,,No,Place,"If this sector is new, recycle up to 2,then draw that many.",Done,Daniel,,20
,,41,Transforming Hull,GS Techs 44x67mm41.png,Metals,2,More than meets the eye.,,No,Place,"Reveal 1 Sector, gain 1 supply of that color. You may bid on it.",Done,Daniel,,21
,,42,Transforming Hull,GS Techs 44x67mm42.png,Metals,2,More than meets the eye.,,No,Place,"Reveal 1 Sector, gain 1 supply of that color. You may bid on it.",Done,Daniel,,21
,,43,Cargo Pods,GS Techs 44x67mm43.png,Metals,1,A 90% success rate is good enough.,⭐,Yes,Score,⭐,Done,?,,22
,,44,Cargo Pods,GS Techs 44x67mm44.png,Metals,1,A 90% success rate is good enough.,⭐,Yes,Score,⭐,Done,Daniel,,22
,,45,Cargo Landers,GS Techs 44x67mm45.png,Metals,2,Hope there is a gas station down there.,⭐⭐,Yes,Score,⭐⭐,Done,?,,23
,,46,Cargo Landers,GS Techs 44x67mm46.png,Metals,2,Hope there is a gas station down there.,⭐⭐,Yes,Score,⭐⭐,Done,Daniel,,23
,,47,Trash Compactor,GS Techs 44x67mm47.png,Metals,3,What an incredible smell you’ve discovered!,,No,Always,When you recycle Dust cards  gain 1 extra Dust.,Done,Daniel,,24
,,48,Trash Compactor,GS Techs 44x67mm48.png,Metals,3,What an incredible smell you’ve discovered!,,No,Always,When you recycle Dust cards  gain 1 extra Dust.,Done,Daniel,,24
,,49,Waste Management,GS Techs 44x67mm49.png,Metals,2,"In space, everyone’s an expert.",,No,Always,Buy liquids tech for -1.,Done,Daniel,,25
,,50,Radiation Absorber,GS Techs 44x67mm50.png,Metals,3,That’s rad.,,No,Place,"If this sector is complete, recycle up to 3,then draw that many.",Done,?,,26
25,"2,00",51,Radiation Absorber,GS Techs 44x67mm51.png,Metals,3,That’s rad.,,No,Place,"If this sector is complete, recycle up to 3,then draw that many.",Done,Daniel,,26
,,52,Atmospheric System,GS Techs 44x67mm52.png,Liquids,1,Ahhhh.,,No,Place,"If this sector is new, draw 1.",Done,Daniel,,27
,,53,Atmospheric System,GS Techs 44x67mm53.png,Liquids,1,Ahhhh.,,No,Place,"If this sector is new, draw 1.",Done,Daniel,,27
,,54,Ice Mining,GS Techs 44x67mm54.png,Liquids,1,Working hard so you can have a cold drink.,,No,Place,Reveal 1 expedition. You may bid on it.,Done,Alex,,28
,,55,Ice Mining,GS Techs 44x67mm55.png,Liquids,1,Working hard so you can have a cold drink.,,No,Place,Reveal 1 expedition. You may bid on it.,Done,Alex,,28
,,56,Medical Hub,GS Techs 44x67mm56.png,Liquids,2,This needs to go up there. I’m a doctor.,,No,Place,"Draw 2, recycle 1 of them.",Done,Daniel,,29
,,57,Medical Hub,GS Techs 44x67mm57.png,Liquids,2,This needs to go up there. I’m a doctor.,,No,Place,"Draw 2, recycle 1 of them.",Done,Daniel,,29
,,58,Purifier,GS Techs 44x67mm58.png,Liquids,1,Why am I the only one filling it up again?,⭐,Yes,Score,⭐,Done,?,,30
,,59,Purifier,GS Techs 44x67mm59.png,Liquids,1,Why am I the only one filling it up again?,⭐,Yes,Score,⭐,Done,Daniel,,30
,,60,Soil Maker,GS Techs 44x67mm60.png,Liquids,2,"You realize our planet’s name means dirt, right?",⭐⭐,Yes,Score,⭐⭐,Done,Daniel,,31
,,61,Soil Maker,GS Techs 44x67mm61.png,Liquids,2,"You realize our planet’s name means dirt, right?",⭐⭐,Yes,Score,⭐⭐,Done,Daniel,,31
,,62,Biodomes,GS Techs 44x67mm62.png,Liquids,3,"“No, I said DOME farming!”",,No,Always,"When you place liquids card: Draw 1.
(including this)",Done,Alex,,32
,,63,Biodomes,GS Techs 44x67mm63.png,Liquids,3,"“No, I said DOME farming!”",,No,Always,"When you place liquids card: Draw 1.
(including this)",Done,Alex,,32
,,64,Ice Shield,GS Techs 44x67mm64.png,Liquids,3,"It’s a snow plow, but it in space.",,No,Place,"Draw 2. If this sector is complete, draw 3 instead.",Done,Alex,,33
,,65,Ice Shield,GS Techs 44x67mm65.png,Liquids,3,"It’s a snow plow, but it in space.",,No,Place,"Draw 2. If this sector is complete, draw 3 instead.",Done,Alex,,33
,,66,Inflatable Hull,GS Techs 44x67mm66.png,Liquids,3,Inflation is up by 6.9%.,,No,Place,"Reveal 3 sectors. Skip bidding, gain Dust sector or Liquids sector for free.",Done,?,,34
,,67,Inflatable Hull,GS Techs 44x67mm67.png,Liquids,3,Inflation is up by 6.9%.,,No,Place,"Reveal 3 sectors. Skip bidding, gain Dust sector or Liquids sector for free.",Done,Daniel,,34
,,68,Seasons,GS Techs 44x67mm68.png,Liquids,4,A well-seasoned crew is essential.,,No,Always,The next tech card placed here costs -2.,Done,Daniel,,35
,,69,Black Hole Encounter,GS Techs 44x67mm69.png,Liquids,1,This little maneuver’s gonna cost us 51 years. ,,No,Place,"Shuffle up to 3 expeditions back into the deck, then reveal that many.",Done,Alex,,36
,,70,Black Hole Encounter,GS Techs 44x67mm70.png,Liquids,1,This little maneuver’s gonna cost us 51 years. ,,No,Place,"Shuffle up to 3 expeditions back into the deck, then reveal that many.",Done,Alex,,36
,,71,Day-Night Cycle,GS Techs 44x67mm71.png,Liquids,2,"8 hours work, 8 hours sleep, 8 hours party!",,No,Always,The next tech card placed here costs -1.,Done,Alex,,37
,,72,Day-Night Cycle,GS Techs 44x67mm72.png,Liquids,2,"8 hours work, 8 hours sleep, 8 hours party!",,No,Always,The next tech card placed here costs -1.,Done,Alex,,37
,,73,Reflectors,GS Techs 44x67mm73.png,Liquids,2,This is Bowie to Bowie...,,No,Place,Copy the place effect of another card in this sector.,Done,Daniel,,38
,,74,Reflectors,GS Techs 44x67mm74.png,Liquids,2,This is Bowie to Bowie...,,No,Place,Copy the place effect of another card in this sector.,Done,Daniel,,38
,,75,Cryogenics,GS Techs 44x67mm75.png,Liquids,2,Experts in wingless flights.,,No,Place,"Archive up to 2 cards facedown under this sector, then draw that many.",Done,Daniel,,39
25,"2,00",76,Cryogenics,GS Techs 44x67mm76.png,Liquids,2,Experts in wingless flights.,,No,Place,"Archive up to 2 cards facedown under this sector, then draw that many.",Done,Daniel,,39
,,77,Fish,GS Techs 44x67mm77.png,Organix,1,The Tau Ceti Teki Maki is delicious.,⭐,Yes,Score,⭐,Done,Daniel,,40
,,78,Fish,GS Techs 44x67mm78.png,Organix,1,The Tau Ceti Teki Maki is delicious.,⭐,Yes,Score,⭐,Done,Daniel,,40
,,79,Birds,GS Techs 44x67mm79.png,Organix,2,"Sent by the government, actually.",⭐⭐,Yes,Score,⭐⭐,Done,Daniel,,41
,,80,Birds,GS Techs 44x67mm80.png,Organix,2,"Sent by the government, actually.",⭐⭐,Yes,Score,⭐⭐,Done,Daniel,,41
,,81,Mammals,GS Techs 44x67mm81.png,Organix,3,Cats have no terminal velocity.,⭐⭐⭐,Yes,Score,⭐⭐⭐,Done,Daniel,,42
,,82,Mammals,GS Techs 44x67mm82.png,Organix,3,Cats have no terminal velocity.,⭐⭐⭐,Yes,Score,⭐⭐⭐,Done,Daniel,,42
,,83,Crops,GS Techs 44x67mm83.png,Organix,1,"Mmm, spacecakes!",⭐,Yes,Always,Gain 1 Organix per printed ⭐ on the next card placed here.                      ,Done,Daniel,,43
,,84,Living Hull,GS Techs 44x67mm84.png,Organix,2,"Life, uh, finds a way.",⭐,Yes,Always,Draw 1 per printed ⭐ on the next card placed here.,Done,Daniel,,44
,,85,Pollinators,GS Techs 44x67mm85.png,Organix,1,Delivering packets of bio-diversity.,,No,Always,"When you place a new color on this sector, store 1 supply of that color on this sector.",Done,Daniel,,45
,,86,Lab Meats,GS Techs 44x67mm86.png,Organix,2,Locally grown.,,No,Place,"If this sector is fully optimized, gain 6 Dust .",Done,Alex,,46
,,87,Lab Meats,GS Techs 44x67mm87.png,Organix,2,Locally grown.,,No,Place,"If this sector is fully optimized, gain 6 Dust .",Done,Alex,,46
,,88,Artists' Quarter,GS Techs 44x67mm88.png,Organix,2,Usually in the low rent disctrict.,,No,Place,"Archive 3 cards facedown under this sector. If this sector is fully optimized, archive 1 faceup.",Done,Daniel,,47
,,89,Artists' Quarter,GS Techs 44x67mm89.png,Organix,2,Usually in the low rent disctrict.,,No,Place,"Archive 3 cards facedown under this sector. If this sector is fully optimized, archive 1 faceup.",Done,Daniel,,47
,,90,Seedbanks,GS Techs 44x67mm90.png,Organix,2,Not THAT kinda bank.,,No,Place,"Recycle any cards, but store supplies on this sector instead.",Done,Daniel,,48
,,91,Seedbanks,GS Techs 44x67mm91.png,Organix,2,Not THAT kinda bank.,,No,Place,"Recycle any cards, but store supplies on this sector instead.",Done,Daniel,,48
,,92,PC-Mind-Link,GS Techs 44x67mm92.png,Organix,3,Look mum no hands!,,No,Place,"Draw 2. If this sector is complete, draw 4 instead.",Done,?,,49
,,93,PC-Mind-Link,GS Techs 44x67mm93.png,Organix,3,Look mum no hands!,,No,Place,"Draw 2. If this sector is complete, draw 4 instead.",Done,Daniel,,49
,,94,Earth Laser,GS Techs 44x67mm94.png,Organix,2,Only 5 years until the final episode!,,No,Place,"Draw 3, archive 1 of them facedown under this sector.",Done,Alex,,50
,,95,Earth Laser,GS Techs 44x67mm95.png,Organix,2,Only 5 years until the final episode!,,No,Place,"Draw 3, archive 1 of them facedown under this sector.",Done,Alex,,50
,,96,Fungi,GS Techs 44x67mm96.png,Organix,2,"My, Celia is a fun gal.",,No,Place,"Store 1 supply. If this sector is complete, store 2 instead.",Done,Daniel,,51
21,"2,00",97,Fungi,GS Techs 44x67mm97.png,Organix,2,"My, Celia is a fun gal.",,No,Place,"Store 1 supply. If this sector is complete, store 2 instead.",Done,Daniel,,51
,,98,Portable Reactor,GS Techs 44x67mm98.png,Electrix,1,"No, it’s pronounced nuclear.",⭐,Yes,Score,⭐,Done,Daniel,,52
,,99,Portable Reactor,GS Techs 44x67mm99.png,Electrix,1,"No, it’s pronounced nuclear.",⭐,Yes,Score,⭐,Done,Daniel,,52
,,100,Solar Power,GS Techs 44x67mm100.png,Electrix,2,Catching some cosmic rays.,⭐⭐,Yes,Score,⭐⭐,Done,Daniel,,53
,,101,Solar Power,GS Techs 44x67mm101.png,Electrix,2,Catching some cosmic rays.,⭐⭐,Yes,Score,⭐⭐,Done,Daniel,,53
,,102,Fusion Power,GS Techs 44x67mm102.png,Electrix,3,I love fusion cuisine.,⭐⭐⭐,Yes,Score,⭐⭐⭐,Done,Daniel,,54
,,103,Fusion Power,GS Techs 44x67mm103.png,Electrix,3,I love fusion cuisine.,⭐⭐⭐,Yes,Score,⭐⭐⭐,Done,Daniel,,54
,,104,Nanobots,GS Techs 44x67mm104.png,Electrix,3,IKEA has nothing on this.,,No,Place,Gain 1 Electrix per different color on this sector.,Done,Alex,,55
,,105,Nanobots,GS Techs 44x67mm105.png,Electrix,3,IKEA has nothing on this.,,No,Place,Gain 1 Electrix per different color on this sector.,Done,Daniel,,55
,,106,Bio Printer,GS Techs 44x67mm106.png,Electrix,2,I hope you like broccoli.,,No,Place,"Gain 1 Organix . If this sector is fully optimized, gain 2 Organix instead.",Done,Alex,,56
,,107,Bio Printer,GS Techs 44x67mm107.png,Electrix,2,I hope you like broccoli.,,No,Place,"Gain 1 Organix . If this sector is fully optimized, gain 2 Organix instead.",Done,Alex,,56
,,108,Quantum Archives,GS Techs 44x67mm108.png,Electrix,2,Lord of the files.,⭐,Yes,Always,Store any 1 supply per printed⭐ on the next card placed here.                                         ,Done,Daniel,,57
,,109,Mass Converter,GS Techs 44x67mm109.png,Electrix,2,Yellow = Thrust,,No,Place,Fuse 1:1 four times.,Done,Daniel,,58
,,110,Mass Converter,GS Techs 44x67mm110.png,Electrix,2,Yellow = Thrust,,No,Place,Fuse 1:1 four times.,Done,Daniel,,58
,,111,Interfleet Comms,GS Techs 44x67mm111.png,Electrix,1,We have clearance Clarence.,,No,Place,"Draw 1 per player.
Keep 1, then pass cards, each player keeps 1.",Done,Daniel,,59
,,112,Interfleet Comms,GS Techs 44x67mm112.png,Electrix,1,We have clearance Clarence.,,No,Place,"Draw 1 per player.
Keep 1, then pass cards, each player keeps 1.",Done,Daniel,,59
,,113,Nanoassembly,GS Techs 44x67mm113.png,Electrix,2,Size does matter.,,No,Place,"Fuse 1:1 three times, or six times if this sector is complete.",Done,Alex,,60
,,114,Nanoassembly,GS Techs 44x67mm114.png,Electrix,2,Size does matter.,,No,Place,"Fuse 1:1 three times, or six times if this sector is complete.",Done,Alex,,60
,,115,Industrial Academy,GS Techs 44x67mm115.png,Electrix,1,Hexagons are Bestagons!,,No,Always,Buy metals tech for -1.,Done,Daniel,,61
,,116,Cloning Lab,GS Techs 44x67mm116.png,Electrix,2,Great minds think alike!,,No,Always,Buy organix tech for -1.,Done,Daniel,,62
,,117,Physics Academy,GS Techs 44x67mm117.png,Electrix,2,I’ve seen this in history books. The big apple!,,No,Always,Buy electrix tech for -1.,Done,Daniel,,63
21,"2,00",118,Skyhook,GS Techs 44x67mm118.png,Electrix,3,A delivery scheduled every 7.4 minutes.,⭐,Yes,Always,"Buy (Star Card) tech for -1.
(Any card with a printed⭐)",Done,Daniel,,64
,,119,Markets,GS Techs 44x67mm119.png,Thrust,1,My gorram shares are in the toilet!,⭐,Yes,Score,⭐,Done,Daniel,,65
,,120,Markets,GS Techs 44x67mm120.png,Thrust,1,My gorram shares are in the toilet!,⭐,Yes,Score,⭐,Done,Daniel,,65
,,121,Theaters,GS Techs 44x67mm121.png,Thrust,2,Can you hear me Major Tom?,⭐⭐⭐,Yes,Score,⭐⭐⭐,Done,Daniel,,66
,,122,Theaters,GS Techs 44x67mm122.png,Thrust,2,Can you hear me Major Tom?,⭐⭐⭐,Yes,Score,⭐⭐⭐,Done,Daniel,,66
,,123,Civic Government,GS Techs 44x67mm123.png,Thrust,3,"Hire in haste, repent at leisure.",⭐⭐⭐⭐⭐,Yes,Score,⭐⭐⭐⭐⭐,Done,Daniel,,67
,,124,Civic Government,GS Techs 44x67mm124.png,Thrust,3,"Hire in haste, repent at leisure.",⭐⭐⭐⭐⭐,Yes,Score,⭐⭐⭐⭐⭐,Done,Daniel,,67
,,125,Galactic Culture,GS Techs 44x67mm125.png,Thrust,4,7-star restaurant!,⭐⭐⭐⭐⭐⭐⭐,Yes,Score,⭐⭐⭐⭐⭐⭐⭐,Done,?,,68
,,126,Galactic Culture,GS Techs 44x67mm126.png,Thrust,4,7-star restaurant!,⭐⭐⭐⭐⭐⭐⭐,Yes,Score,⭐⭐⭐⭐⭐⭐⭐,Done,Daniel,,68
,,127,1-G Thrust,GS Techs 44x67mm127.png,Thrust,3,"There is that word again, heavy.",,No,Always,When you complete a sector gain 1 Thrust.,Done,Daniel,,69
,,128,1-G Thrust,GS Techs 44x67mm128.png,Thrust,3,"There is that word again, heavy.",,No,Always,When you complete a sector gain 1 Thrust.,Done,Daniel,,69
,,129,Replicators,GS Techs 44x67mm129.png,Thrust,3,Tea. Earl Grey. Hot.,,No,Place,"For each card here, store 1 supply of that color on this sector.(Including this)",Done,Daniel,,70
,,130,Replicators,GS Techs 44x67mm130.png,Thrust,3,Tea. Earl Grey. Hot.,,No,Place,"For each card here, store 1 supply of that color on this sector.(Including this)",Done,Daniel,,70
,,131,Entangled Radio,GS Techs 44x67mm131.png,Thrust,2,This is Bowie back to Bowie.,,No,Place,"Recycle 2, archive them facedown under this sector, then draw 2.",Done,Alex,,71
,,132,Entangled Radio,GS Techs 44x67mm132.png,Thrust,2,This is Bowie back to Bowie.,,No,Place,"Recycle 2, archive them facedown under this sector, then draw 2.",Done,Alex,,71
,,133,Tectonic Accelerator,GS Techs 44x67mm133.png,Thrust,2,Kaabooom!,⭐,Yes,Place,"If you have 6 fully optimized sectors:
12⭐",Done,Daniel,,72
,,134,Magnetosphere,GS Techs 44x67mm134.png,Thrust,2,"Flippin’ magnets, how do they work?",⭐,Yes,Place,"If you have 9+ archived cards:
12⭐",Done,Daniel,,73
,,135,Genesis Device,GS Techs 44x67mm135.png,Thrust,2,You’ll never run out of space in space!,⭐,Yes,Place,If you have 6+ thrust cards: 12⭐,Done,Daniel,,74
,,136,Space Elevator,GS Techs 44x67mm136.png,Thrust,2,Make sure you press the right button.,⭐,Yes,Place,"If you have 9+ stored supply:
12⭐",Done,Daniel,,75
19,"2,42",137,Atmosphere Processor,GS Techs 44x67mm137.png,Thrust,2,"Let there be tree, and there was tree.",⭐,Yes,Place,"If you have 6 complete sectors:
12⭐",Done,Daniel,,76
,,,,,,,,,,,,Done,Daniel,,
