No.,Name,Link,Color,Cost,Art,Flavor,Star Card,Optimize 1,Effect,Done,Artist,Effect 2,Code
1,Hibernators,GS Sector 1 Back 67x44mm.png,Dust,2,,Cargo class is always a bit chilly.,No,"Dust, Metals, Liquids","Store 3  on any sectors.
",Done,Daniel,(Optimize once to fully optimize),450
2,Simulators,GS Sector 2 Back 67x44mm.png,Dust,2,,It’s bigger on the inside!,No,"Dust, Metals, Electrix",Draw 2.,Done,Daniel,(Optimize once to fully optimize),451
3,Bioreactors,GS Sector 3 Back  67x44mm.png,Dust,2,,Waste not want not.,No,"Dust, Liquids, Organix","Recycle up to 4 cards, then draw that many.
",Done,Daniel,(Optimize once to fully optimize),452
4,Habitation Ring,GS Sector 4 Back  67x44mm.png,Dust,2,,If you like it then you shoulda put a ring on it.,No,"Dust, Liquids, Liquids",Gain 8 Dust.,Done,Daniel,(Optimize once to fully optimize),453
5,Operations,GS Sector 5 Back  67x44mm.png,Dust,2,,"If you fail to plan, you plan to fail.",No,"Dust, Metals, Metals","Reveal 1 expedition, gain 1 supply of that color. You may bid on it.
",Done,Daniel,(Optimize once to fully optimize),454
6,Cargo Bays,GS Sector 6  Back  67x44mm.png,Dust,2,,This belongs in a museum.,No,"Any, Any, Any, Any",Reveal up to 3 sectors. You may bid on one.,Done,Daniel,(Optimize once to fully optimize),455
