Category,EN,DE,IT,PL,ES,FR,Notes
Card type,Sector,Sektor,Settore,Sektor,Sector,Secteur,
Card type,Tech (card),Tech,Tech,Tech,Tecnología,Tech,
Card type,Expedition,Expedition,Spedizione,Ekspedycja,Expedición,Expédition,
Card type,Dust Sector,Staub-Sektor,Settore Polvere,Sektor Pyłu,Sector de Polvo,Secteur Poussière,
Card type,Destination,Ziel,destinazione,cel,destino,destination,
Card type,Danger,,,,,,No standalone UI string yet — translate on first use
Card type,Advanced Sector,,,,,,No standalone UI string yet — translate on first use
Supply,Supply (generic),Vorrat / Vorräte,risorsa / risorse,zasób / zasoby,suministro,ressource,
Supply,Dust,Staub,Polvere,Pył,Polvo,Poussière,
Supply,Metals,Metalle,Metalli,Metale,Metales,Métaux,
Supply,Liquids,Wasser,Liquidi,Płyny,Líquidos,Liquides,Shortened from literal Flüssigkeiten in DE — too long for supply label/icon UI
Supply,Organix,Organix,Organix,Organix,Organix,Organix,Unchanged in every language
Supply,Electrix,Electrix,Electrix,Electrix,Electrix,Electrix,Unchanged in every language
Supply,Thrust,Schub,Spinta,Napęd,Empuje,Poussée,
Action,Fuse,verschmelzen,fondere,połączyć,fusionar,fusionner,
Action,Recycle,recyceln,riciclare,poddać recyklingowi,reciclar,recycler,
Action,Research,Forschung / forschen,ricerca,badania,investigación,recherche,
Action,Pass,passen,passare,pasować,pasar,passer,
Action,Bid,Gebot / bieten,offerta,oferta / licytacja,puja,enchère,
Action,Auction,Auktion,asta,aukcja,subasta,enchère,FR uses the same word for Bid and Auction — translate by context
UI/meta,Market,Markt,Mercato,Rynek,Mercado,Marché,
UI/meta,Star,Stern,stella,gwiazdka,estrella,étoile,
UI/meta,Rulebook,Regelbuch,Regolamento,Instrukcja,Reglamento,Livret de règles,
UI/meta,Pause Menu,Pausenmenü,Menu di pausa,Menu pauzy,Menú de pausa,Menu pause,
UI/meta,Settings,Einstellungen,Impostazioni,Ustawienia,Ajustes,Paramètres,
UI/meta,Language,Sprache,Lingua,Język,Idioma,Langue,
UI/meta,Done,Fertig,Fatto,Gotowe,Hecho,Terminé,
UI/meta,Interfleet Comms,Interfleet Comms,Interfleet Comms,Interfleet Comms,Interfleet Comms,Interfleet Comms,Proper noun/brand term — kept untranslated everywhere
