keys,en,de,it,pl,es,fr
LANG_EN,English,Englisch,Inglese,Angielski,Inglés,Anglais
LANG_DE,German,Deutsch,Tedesco,Niemiecki,Alemán,Allemand
LANG_IT,Italian,Italienisch,Italiano,Włoski,Italiano,Italien
LANG_PL,Polish,Polnisch,Polacco,Polski,Polaco,Polonais
LANG_ES,Spanish,Spanisch,Spagnolo,Hiszpański,Español,Espagnol
LANG_FR,French,Französisch,Francese,Francuski,Francés,Français
"Click a card in your hand to discard it","Click a card in your hand to discard it","Klicke auf eine Karte in deiner Hand, um sie abzulegen","Clicca su una carta in mano per scartarla","Kliknij kartę w ręce, aby ją odrzucić","Haz clic en una carta de tu mano para descartarla","Cliquez sur une carte de votre main pour la défausser"
"Waiting for %s to pick a card (Interfleet Comms)…","Waiting for %s to pick a card (Interfleet Comms)…","Warte, bis %s eine Karte auswählt (Interfleet Comms)…","In attesa che %s scelga una carta (Interfleet Comms)…","Oczekiwanie, aż %s wybierze kartę (Interfleet Comms)…","Esperando a que %s elija una carta (Interfleet Comms)…","En attente que %s choisisse une carte (Interfleet Comms)…"
"Click a free sector slot in the Market panel to reveal it","Click a free sector slot in the Market panel to reveal it","Klicke auf einen freien Sektorplatz im Marktbildschirm, um ihn aufzudecken","Clicca su uno slot settore libero nel pannello del Mercato per rivelarlo","Kliknij wolny slot sektora na panelu rynku, aby go odkryć","Haz clic en una ranura de sector libre en el panel del Mercado para revelarla","Cliquez sur un emplacement de secteur libre dans le panneau du Marché pour le révéler"
"Click an expedition slot in the Market panel to reveal it","Click an expedition slot in the Market panel to reveal it","Klicke auf einen Expeditionsplatz im Marktbildschirm, um ihn aufzudecken","Clicca su uno slot spedizione nel pannello del Mercato per rivelarlo","Kliknij slot ekspedycji na panelu rynku, aby go odkryć","Haz clic en una ranura de expedición en el panel del Mercado para revelarla","Cliquez sur un emplacement d'expédition dans le panneau du Marché pour le révéler"
"Click up to 3 expeditions to shuffle back — then click Done","Click up to 3 expeditions to shuffle back — then click Done","Klicke bis zu 3 Expeditionen an, um sie zurückzumischen — dann klicke auf Fertig","Clicca fino a 3 spedizioni per rimescolarle — poi clicca Fatto","Kliknij do 3 ekspedycji, aby wtasować je z powrotem — a następnie kliknij Gotowe","Haz clic en hasta 3 expediciones para volver a mezclarlas — luego haz clic en Hecho","Cliquez sur jusqu'à 3 expéditions pour les remélanger — puis cliquez sur Terminé"
"Click up to %d more expedition(s) to shuffle back — or Done","Click up to %d more expedition(s) to shuffle back — or Done","Klicke bis zu %d weitere Expedition(en) an, um sie zurückzumischen — oder Fertig","Clicca fino a %d altre spedizioni per rimescolarle — o Fatto","Kliknij jeszcze do %d ekspedycji, aby wtasować je z powrotem — lub Gotowe","Haz clic en hasta %d expediciones más para volver a mezclarlas — o Hecho","Cliquez sur jusqu'à %d expéditions de plus pour les remélanger — ou Terminé"
"Press the End Turn Button (Play) to end your turn manually.","Press the End Turn Button (Play) to end your turn manually.","Drücke den Zug-beenden-Button (Play), um deinen Zug manuell zu beenden.","Premi il pulsante Fine Turno (Play) per terminare manualmente il tuo turno.","Naciśnij przycisk Zakończ turę (Play), aby ręcznie zakończyć swoją turę.","Pulsa el botón Terminar turno (Play) para terminar tu turno manualmente.","Appuyez sur le bouton Fin de tour (Play) pour terminer votre tour manuellement."
"%s won %s for %d","%s won %s for %d","%s hat %s für %d ersteigert","%s ha vinto %s per %d","%s wygrał(a) %s za %d","%s ganó %s por %d","%s a remporté %s pour %d"
"No room to place %s — recycled instead","No room to place %s — recycled instead","Kein Platz, um %s zu platzieren — stattdessen recycelt","Nessuno spazio per posizionare %s — riciclata invece","Brak miejsca, aby umieścić %s — zamiast tego poddano recyklingowi","Sin espacio para colocar %s — reciclada en su lugar","Pas de place pour placer %s — recyclée à la place"
"─── Round 1 / %d ───","─── Round 1 / %d ───","─── Runde 1 / %d ───","─── Turno 1 / %d ───","─── Runda 1 / %d ───","─── Ronda 1 / %d ───","─── Manche 1 / %d ───"
"You: passed","You: passed","Du: gepasst","Tu: passato","Ty: spasowano","Tú: pasaste","Vous : passé"
"─── Game over ───","─── Game over ───","─── Spiel vorbei ───","─── Partita finita ───","─── Koniec gry ───","─── Fin de la partida ───","─── Partie terminée ───"
"─── Round %d / %d ───","─── Round %d / %d ───","─── Runde %d / %d ───","─── Turno %d / %d ───","─── Runda %d / %d ───","─── Ronda %d / %d ───","─── Manche %d / %d ───"
"%s: passed","%s: passed","%s: gepasst","%s: passato","%s: spasowano","%s: pasó","%s : a passé"
"%s: researching…","%s: researching…","%s: forscht…","%s: sta facendo ricerca…","%s: prowadzi badania…","%s: investigando…","%s : en recherche…"
"%s: auction for %s","%s: auction for %s","%s: Auktion um %s","%s: asta per %s","%s: aukcja o %s","%s: subasta por %s","%s : enchère pour %s"
"%s: Interfleet Comms — drew %d card(s) to pass around","%s: Interfleet Comms — drew %d card(s) to pass around","%s: Interfleet Comms — %d Karte(n) zum Weiterreichen gezogen","%s: Interfleet Comms — pescate %d carte da far girare","%s: Interfleet Comms — dobrano %d kart(y) do przekazania dalej","%s: Interfleet Comms — robó %d carta(s) para pasar","%s : Interfleet Comms — %d carte(s) piochée(s) à faire circuler"
"You kept %s (Interfleet Comms)","You kept %s (Interfleet Comms)","Du hast %s behalten (Interfleet Comms)","Hai tenuto %s (Interfleet Comms)","Zatrzymałeś(-aś) %s (Interfleet Comms)","Te quedaste con %s (Interfleet Comms)","Vous avez gardé %s (Interfleet Comms)"
"%s kept a card (Interfleet Comms)","%s kept a card (Interfleet Comms)","%s hat eine Karte behalten (Interfleet Comms)","%s ha tenuto una carta (Interfleet Comms)","%s zatrzymał(a) kartę (Interfleet Comms)","%s se quedó con una carta (Interfleet Comms)","%s a gardé une carte (Interfleet Comms)"
"%s automatically received the last Interfleet Comms card","%s automatically received the last Interfleet Comms card","%s hat automatisch die letzte Interfleet-Comms-Karte erhalten","%s ha ricevuto automaticamente l'ultima carta di Interfleet Comms","%s automatycznie otrzymał(a) ostatnią kartę Interfleet Comms","%s recibió automáticamente la última carta de Interfleet Comms","%s a automatiquement reçu la dernière carte Interfleet Comms"
"%s: everyone draws %d card(s)","%s: everyone draws %d card(s)","%s: alle ziehen %d Karte(n)","%s: tutti pescano %d carte","%s: wszyscy dobierają %d kart(y)","%s: todos roban %d carta(s)","%s : tout le monde pioche %d carte(s)"
"You: researched","You: researched","Du: geforscht","Tu: ricerca effettuata","Ty: przeprowadzono badania","Tú: investigaste","Vous : avez fait une recherche"
"recycled %s, gained 1 %s","recycled %s, gained 1 %s","%s recycelt, 1 %s erhalten","%s riciclata, ottenuta 1 %s","poddano recyklingowi %s, uzyskano 1 %s","recicló %s, ganó 1 %s","%s recyclée, 1 %s gagné"
"a card","a card","eine Karte","una carta","kartę","una carta","une carte"
"Recycle %d more card(s)","Recycle %d more card(s)","Recycle %d weitere Karte(n)","Ricicla altre %d carte","Poddaj recyklingowi jeszcze %d kart(y)","Recicla %d carta(s) más","Recyclez %d carte(s) de plus"
"recycled %s, gained 1 %s, drew 1","recycled %s, gained 1 %s, drew 1","%s recycelt, 1 %s erhalten, 1 gezogen","%s riciclata, ottenuta 1 %s, pescata 1","poddano recyklingowi %s, uzyskano 1 %s, dobrano 1","recicló %s, ganó 1 %s, robó 1","%s recyclée, 1 %s gagné, 1 piochée"
"Recycle up to %d more card(s)","Recycle up to %d more card(s)","Recycle bis zu %d weitere Karte(n)","Ricicla fino ad altre %d carte","Poddaj recyklingowi do %d kolejnych kart","Recicla hasta %d carta(s) más","Recyclez jusqu'à %d carte(s) de plus"
"faceup","faceup","offen","scoperta","awersem do góry","boca arriba","face visible"
"facedown","facedown","verdeckt","coperta","rewersem do góry","boca abajo","face cachée"
"tucked %s %s under the sector","tucked %s %s under the sector","%s %s unter den Sektor gelegt","%s messa %s sotto il settore","umieszczono %s %s pod sektorem","colocó %s %s bajo el sector","%s glissée %s sous le secteur"
"Tuck %d more card(s) %s","Tuck %d more card(s) %s","Lege %d weitere Karte(n) %s","Metti altre %d carte %s","Umieść jeszcze %d kart(y) %s","Coloca %d carta(s) más %s","Glissez %d carte(s) de plus %s"
"tucked %s %s under the sector, drew 1","tucked %s %s under the sector, drew 1","%s %s unter den Sektor gelegt, 1 gezogen","%s messa %s sotto il settore, pescata 1","umieszczono %s %s pod sektorem, dobrano 1","colocó %s %s bajo el sector, robó 1","%s glissée %s sous le secteur, 1 piochée"
"Tuck up to %d more card(s) %s","Tuck up to %d more card(s) %s","Lege bis zu %d weitere Karte(n) %s","Metti fino ad altre %d carte %s","Umieść do %d kolejnych kart %s","Coloca hasta %d carta(s) más %s","Glissez jusqu'à %d carte(s) de plus %s"
"card","card","Karte","carta","karta","carta","carte"
"Tuck %s %s — pick a sector","Tuck %s %s — pick a sector","%s %s legen — wähle einen Sektor","Metti %s %s — scegli un settore","Umieść %s %s — wybierz sektor","Coloca %s %s — elige un sector","Glissez %s %s — choisissez un secteur"
"recycled & tucked %s facedown, gained 1 %s","recycled & tucked %s facedown, gained 1 %s","%s recycelt & verdeckt untergelegt, 1 %s erhalten","%s riciclata e messa coperta, ottenuta 1 %s","poddano recyklingowi i umieszczono %s rewersem do góry, uzyskano 1 %s","recicló y colocó %s boca abajo, ganó 1 %s","%s recyclée et glissée face cachée, 1 %s gagné"
"drew %d card(s)","drew %d card(s)","%d Karte(n) gezogen","pescate %d carte","dobrano %d kart(y)","robó %d carta(s)","%d carte(s) piochée(s)"
"Recycle & tuck %d more card(s) facedown","Recycle & tuck %d more card(s) facedown","Recycle & lege %d weitere Karte(n) verdeckt unter","Ricicla e metti coperte altre %d carte","Poddaj recyklingowi i umieść rewersem do góry jeszcze %d kart(y)","Recicla y coloca %d carta(s) más boca abajo","Recyclez et glissez %d carte(s) de plus face cachée"
"recycled %s, gained 2 %s","recycled %s, gained 2 %s","%s recycelt, 2 %s erhalten","%s riciclata, ottenute 2 %s","poddano recyklingowi %s, uzyskano 2 %s","recicló %s, ganó 2 %s","%s recyclée, 2 %s gagnés"
"Recycle %d more card(s) — gain double supply","Recycle %d more card(s) — gain double supply","Recycle %d weitere Karte(n) — erhalte doppelten Vorrat","Ricicla altre %d carte — ottieni risorse doppie","Poddaj recyklingowi jeszcze %d kart(y) — otrzymaj podwójny zasób","Recicla %d carta(s) más — gana suministro doble","Recyclez %d carte(s) de plus — gagnez une ressource double"
"recycled %d card(s), stored their supplies on the sector","recycled %d card(s), stored their supplies on the sector","%d Karte(n) recycelt, deren Vorrat auf dem Sektor gespeichert","riciclate %d carte, risorse conservate sul settore","poddano recyklingowi %d kart(y), zmagazynowano ich zasoby na sektorze","recicló %d carta(s), almacenó sus suministros en el sector","%d carte(s) recyclée(s), ressources stockées sur le secteur"
"recycled %d card(s), drew %d","recycled %d card(s), drew %d","%d Karte(n) recycelt, %d gezogen","riciclate %d carte, pescate %d","poddano recyklingowi %d kart(y), dobrano %d","recicló %d carta(s), robó %d","%d carte(s) recyclée(s), %d piochée(s)"
"tucked %d card(s), drew %d","tucked %d card(s), drew %d","%d Karte(n) untergelegt, %d gezogen","messe sotto %d carte, pescate %d","umieszczono %d kart(y), dobrano %d","colocó %d carta(s), robó %d","%d carte(s) glissée(s), %d piochée(s)"
"tucked %d card(s)","tucked %d card(s)","%d Karte(n) untergelegt","messe sotto %d carte","umieszczono %d kart(y)","colocó %d carta(s)","%d carte(s) glissée(s)"
"recycled & tucked %d card(s) facedown, drew %d","recycled & tucked %d card(s) facedown, drew %d","%d Karte(n) recycelt & verdeckt untergelegt, %d gezogen","riciclate e messe coperte %d carte, pescate %d","poddano recyklingowi i umieszczono rewersem do góry %d kart(y), dobrano %d","recicló y colocó boca abajo %d carta(s), robó %d","%d carte(s) recyclée(s) et glissée(s) face cachée, %d piochée(s)"
"Terraformed Planet — pick a sector to tuck facedown","Terraformed Planet — pick a sector to tuck facedown","Terraformed Planet — wähle einen Sektor zum verdeckten Unterlegen","Terraformed Planet — scegli un settore per mettere una carta coperta","Terraformed Planet — wybierz sektor, aby umieścić kartę rewersem do góry","Terraformed Planet — elige un sector para colocar boca abajo","Terraformed Planet — choisissez un secteur pour glisser face cachée"
"stored their supply on the sector","stored their supply on the sector","deren Vorrat auf dem Sektor gespeichert","risorsa conservata sul settore","zmagazynowano ich zasób na sektorze","almacenó su suministro en el sector","ressource stockée sur le secteur"
"gained their supply as currency","gained their supply as currency","deren Vorrat als Zahlungsmittel erhalten","risorsa ottenuta come valuta","uzyskano ich zasób jako walutę","ganó su suministro como moneda","ressource obtenue comme monnaie"
"recycled & tucked %d card(s) facedown, %s","recycled & tucked %d card(s) facedown, %s","%d Karte(n) recycelt & verdeckt untergelegt, %s","riciclate e messe coperte %d carte, %s","poddano recyklingowi i umieszczono rewersem do góry %d kart(y), %s","recicló y colocó boca abajo %d carta(s), %s","%d carte(s) recyclée(s) et glissée(s) face cachée, %s"
"Caldera Colony — select cards to recycle (supply stored on sector):","Caldera Colony — select cards to recycle (supply stored on sector):","Caldera Colony — wähle Karten zum Recyceln (Vorrat wird auf dem Sektor gespeichert):","Caldera Colony — seleziona le carte da riciclare (risorsa conservata sul settore):","Caldera Colony — wybierz karty do recyklingu (zasób magazynowany na sektorze):","Caldera Colony — selecciona cartas para reciclar (suministro almacenado en el sector):","Caldera Colony — sélectionnez les cartes à recycler (ressource stockée sur le secteur) :"
"recycled %d card(s) on the chosen sector, stored their supplies","recycled %d card(s) on the chosen sector, stored their supplies","%d Karte(n) auf dem gewählten Sektor recycelt, deren Vorrat gespeichert","riciclate %d carte sul settore scelto, risorse conservate","poddano recyklingowi %d kart(y) na wybranym sektorze, zmagazynowano ich zasoby","recicló %d carta(s) en el sector elegido, almacenó sus suministros","%d carte(s) recyclée(s) sur le secteur choisi, ressources stockées"
"stored %d %s on the chosen sector","stored %d %s on the chosen sector","%d %s auf dem gewählten Sektor gespeichert","conservate %d %s sul settore scelto","zmagazynowano %d %s na wybranym sektorze","almacenó %d %s en el sector elegido","%d %s stocké(s) sur le secteur choisi"
"Store on sector","Store on sector","Auf Sektor speichern","Conserva sul settore","Zmagazynuj na sektorze","Almacenar en el sector","Stocker sur le secteur"
"Gain as currency","Gain as currency","Als Zahlungsmittel erhalten","Ottieni come valuta","Uzyskaj jako walutę","Ganar como moneda","Obtenir comme monnaie"
"Terraformed Planet — what to do with recycled supply?","Terraformed Planet — what to do with recycled supply?","Terraformed Planet — was tun mit dem recycelten Vorrat?","Terraformed Planet — cosa fare con la risorsa riciclata?","Terraformed Planet — co zrobić z odzyskanym zasobem?","Terraformed Planet — ¿qué hacer con el suministro reciclado?","Terraformed Planet — que faire de la ressource recyclée ?"
"tucked %s %s on the chosen sector","tucked %s %s on the chosen sector","%s %s auf dem gewählten Sektor untergelegt","%s messa %s sul settore scelto","umieszczono %s %s na wybranym sektorze","colocó %s %s en el sector elegido","%s glissée %s sur le secteur choisi"
"%s — tuck a card %s? (%d remaining)","%s — tuck a card %s? (%d remaining)","%s — Karte %s unterlegen? (%d verbleibend)","%s — mettere una carta %s? (%d rimanenti)","%s — umieścić kartę %s? (pozostało %d)","%s — ¿colocar una carta %s? (%d restantes)","%s — glisser une carte %s ? (%d restantes)"
"moved %s and %d tucked card(s) between sectors","moved %s and %d tucked card(s) between sectors","%s und %d untergelegte Karte(n) zwischen Sektoren verschoben","spostate %s e %d carte messe sotto tra i settori","przeniesiono %s i %d umieszczonych kart(y) między sektorami","movió %s y %d carta(s) colocada(s) entre sectores","%s et %d carte(s) glissée(s) déplacées entre secteurs"
"moved %s between sectors","moved %s between sectors","%s zwischen Sektoren verschoben","spostate %s tra i settori","przeniesiono %s między sektorami","movió %s entre sectores","%s déplacé(es) entre secteurs"
"moved %d tucked card(s) between sectors","moved %d tucked card(s) between sectors","%d untergelegte Karte(n) zwischen Sektoren verschoben","spostate %d carte messe sotto tra i settori","przeniesiono %d umieszczonych kart(y) między sektorami","movió %d carta(s) colocada(s) entre sectores","%d carte(s) glissée(s) déplacées entre secteurs"
"%d %s","%d %s","%d %s","%d %s","%d %s","%d %s","%d %s"
"revealed %s","revealed %s","%s aufgedeckt","rivelata %s","odkryto %s","reveló %s","%s révélée"
"gained 1 %s","gained 1 %s","1 %s erhalten","ottenuta 1 %s","uzyskano 1 %s","ganó 1 %s","1 %s gagné"
"added it to the bid pool","added it to the bid pool","zum Gebotspool hinzugefügt","aggiunta al pool di offerte","dodano do puli licytacji","la añadió al grupo de subasta","ajoutée au groupe d'enchères"
"added it to the free-gain pool","added it to the free-gain pool","zum Gratis-Pool hinzugefügt","aggiunta al pool gratuito","dodano do puli darmowych kart","la añadió al grupo de ganancia gratuita","ajoutée au groupe de gain gratuit"
"%s: placed %s","%s: placed %s","%s: %s platziert","%s: piazzata %s","%s: umieszczono %s","%s: colocó %s","%s : a placé %s"
"You","You","Du","Tu","Ty","Tú","Vous"
"Interfleet Comms — keep one card:","Interfleet Comms — keep one card:","Interfleet Comms — behalte eine Karte:","Interfleet Comms — tieni una carta:","Interfleet Comms — zatrzymaj jedną kartę:","Interfleet Comms — quédate con una carta:","Interfleet Comms — gardez une carte :"
"Two effects triggered — resolve which first?","Two effects triggered — resolve which first?","Zwei Effekte ausgelöst — welchen zuerst auflösen?","Due effetti attivati — quale risolvere prima?","Uruchomiono dwa efekty — który rozwiązać najpierw?","Se activaron dos efectos — ¿cuál resolver primero?","Deux effets déclenchés — lequel résoudre en premier ?"
"Sector effects","Sector effects","Sektoreffekte","Effetti del settore","Efekty sektora","Efectos del sector","Effets du secteur"
"drew and recycled the top card, gained 1 %s","drew and recycled the top card, gained 1 %s","oberste Karte gezogen und recycelt, 1 %s erhalten","pescata e riciclata la carta in cima, ottenuta 1 %s","dobrano i poddano recyklingowi wierzchnią kartę, uzyskano 1 %s","robó y recicló la carta superior, ganó 1 %s","carte du dessus piochée et recyclée, 1 %s gagné"
"drew and recycled the top card","drew and recycled the top card","oberste Karte gezogen und recycelt","pescata e riciclata la carta in cima","dobrano i poddano recyklingowi wierzchnią kartę","robó y recicló la carta superior","carte du dessus piochée et recyclée"
"gained %d %s","gained %d %s","%d %s erhalten","ottenute %d %s","uzyskano %d %s","ganó %d %s","%d %s gagné(s)"
"stored %d %s on the sector","stored %d %s on the sector","%d %s auf dem Sektor gespeichert","conservate %d %s sul settore","zmagazynowano %d %s na sektorze","almacenó %d %s en el sector","%d %s stocké(s) sur le secteur"
"Store %d %s — pick a sector","Store %d %s — pick a sector","%d %s speichern — wähle einen Sektor","Conserva %d %s — scegli un settore","Zmagazynuj %d %s — wybierz sektor","Almacena %d %s — elige un sector","Stockez %d %s — choisissez un secteur"
"granted %d fuse action(s)","granted %d fuse action(s)","%d Fusionsaktion(en) gewährt","concesse %d azioni di fusione","przyznano %d akcji łączenia","concedió %d acción(es) de fusión","%d action(s) de fusion accordée(s)"
"granted a Dust fuse action","granted a Dust fuse action","eine Staub-Fusionsaktion gewährt","concessa un'azione di fusione Polvere","przyznano akcję łączenia Pyłu","concedió una acción de fusión de Polvo","une action de fusion Poussière accordée"
"Recycle %d card(s) from your hand","Recycle %d card(s) from your hand","Recycle %d Karte(n) aus deiner Hand","Ricicla %d carte dalla tua mano","Poddaj recyklingowi %d kart(y) z ręki","Recicla %d carta(s) de tu mano","Recyclez %d carte(s) de votre main"
"Recycle up to %d card(s) — draw 1 per recycled","Recycle up to %d card(s) — draw 1 per recycled","Recycle bis zu %d Karte(n) — ziehe 1 pro recycelter Karte","Ricicla fino a %d carte — pesca 1 per ogni riciclata","Poddaj recyklingowi do %d kart — dobierz 1 za każdą kartę","Recicla hasta %d carta(s) — roba 1 por cada reciclada","Recyclez jusqu'à %d carte(s) — piochez 1 par carte recyclée"
"Recycle %d card(s) — gain double supply","Recycle %d card(s) — gain double supply","Recycle %d Karte(n) — erhalte doppelten Vorrat","Ricicla %d carte — ottieni risorse doppie","Poddaj recyklingowi %d kart(y) — otrzymaj podwójny zasób","Recicla %d carta(s) — gana suministro doble","Recyclez %d carte(s) — gagnez une ressource double"
"Tuck %d card(s) %s under this sector","Tuck %d card(s) %s under this sector","Lege %d Karte(n) %s unter diesen Sektor","Metti %d carte %s sotto questo settore","Umieść %d kart(y) %s pod tym sektorem","Coloca %d carta(s) %s bajo este sector","Glissez %d carte(s) %s sous ce secteur"
"Tuck","Tuck","Unterlegen","Metti sotto","Umieść","Colocar","Glisser"
"Recycle & tuck up to %d card(s) facedown — draw equal","Recycle & tuck up to %d card(s) facedown — draw equal","Recycle & lege bis zu %d Karte(n) verdeckt unter — ziehe ebenso viele","Ricicla e metti coperte fino a %d carte — pesca altrettante","Poddaj recyklingowi i umieść rewersem do góry do %d kart — dobierz tyle samo","Recicla y coloca hasta %d carta(s) boca abajo — roba la misma cantidad","Recyclez et glissez jusqu'à %d carte(s) face cachée — piochez autant"
"Recycle & tuck up to %d card(s) facedown — choose store or gain","Recycle & tuck up to %d card(s) facedown — choose store or gain","Recycle & lege bis zu %d Karte(n) verdeckt unter — wähle Speichern oder Erhalten","Ricicla e metti coperte fino a %d carte — scegli se conservare o ottenere","Poddaj recyklingowi i umieść rewersem do góry do %d kart — wybierz magazynowanie lub zysk","Recicla y coloca hasta %d carta(s) boca abajo — elige almacenar o ganar","Recyclez et glissez jusqu'à %d carte(s) face cachée — choisissez stocker ou gagner"
"Reflectors — copy which effect?","Reflectors — copy which effect?","Reflectors — welchen Effekt kopieren?","Reflectors — quale effetto copiare?","Reflectors — który efekt skopiować?","Reflectors — ¿qué efecto copiar?","Reflectors — quel effet copier ?"
"Bid on a revealed card?","Bid on a revealed card?","Auf eine aufgedeckte Karte bieten?","Fare un'offerta su una carta rivelata?","Zalicytować odkrytą kartę?","¿Pujar por una carta revelada?","Enchérir sur une carte révélée ?"
"Probe Launcher — bid on any expedition?","Probe Launcher — bid on any expedition?","Probe Launcher — auf eine beliebige Expedition bieten?","Probe Launcher — fare un'offerta su una spedizione qualsiasi?","Probe Launcher — zalicytować dowolną ekspedycję?","Probe Launcher — ¿pujar por cualquier expedición?","Probe Launcher — enchérir sur n'importe quelle expédition ?"
"Inflatable Hull — gain which sector for free?","Inflatable Hull — gain which sector for free?","Inflatable Hull — welchen Sektor gratis erhalten?","Inflatable Hull — quale settore ottenere gratis?","Inflatable Hull — który sektor otrzymać za darmo?","Inflatable Hull — ¿qué sector obtener gratis?","Inflatable Hull — quel secteur obtenir gratuitement ?"
"Seedbanks — select cards to recycle (supplies stored on sector)","Seedbanks — select cards to recycle (supplies stored on sector)","Seedbanks — wähle Karten zum Recyceln (Vorrat wird auf dem Sektor gespeichert)","Seedbanks — seleziona le carte da riciclare (risorsa conservata sul settore)","Seedbanks — wybierz karty do recyklingu (zasób magazynowany na sektorze)","Seedbanks — selecciona cartas para reciclar (suministro almacenado en el sector)","Seedbanks — sélectionnez les cartes à recycler (ressource stockée sur le secteur)"
"Caldera Colony — choose a sector:","Caldera Colony — choose a sector:","Caldera Colony — wähle einen Sektor:","Caldera Colony — scegli un settore:","Caldera Colony — wybierz sektor:","Caldera Colony — elige un sector:","Caldera Colony — choisissez un secteur :"
"drew 1 card (Interfleet Comms, solo)","drew 1 card (Interfleet Comms, solo)","1 Karte gezogen (Interfleet Comms, solo)","pescata 1 carta (Interfleet Comms, solitario)","dobrano 1 kartę (Interfleet Comms, solo)","robó 1 carta (Interfleet Comms, solo)","1 carte piochée (Interfleet Comms, solo)"
"everyone draws %d card(s), solo","everyone draws %d card(s), solo","alle ziehen %d Karte(n), solo","tutti pescano %d carte, solitario","wszyscy dobierają %d kart(y), solo","todos roban %d carta(s), solo","tout le monde pioche %d carte(s), solo"
"Effect","Effect","Effekt","Effetto","Efekt","Efecto","Effet"
"Done","Done","Fertig","Fatto","Gotowe","Hecho","Terminé"
"Loading cards... %d / %d","Loading cards... %d / %d","Karten werden geladen... %d / %d","Caricamento carte... %d / %d","Wczytywanie kart... %d / %d","Cargando cartas... %d / %d","Chargement des cartes... %d / %d"
"End of Round %d","End of Round %d","Ende von Runde %d","Fine del turno %d","Koniec rundy %d","Fin de la ronda %d","Fin de la manche %d"
"Your Turn","Your Turn","Du bist dran","Tocca a te","Twoja tura","Tu turno","Votre tour"
"Researching","Researching","Forscht","In ricerca","Prowadzi badania","Investigando","En recherche"
"Passed","Passed","Gepasst","Passato","Spasowano","Pasó","A passé"
"Active","Active","Aktiv","Attivo","Aktywny","Activo","Actif"
"⚠  AUCTION","⚠  AUCTION","⚠  AUKTION","⚠  ASTA","⚠  AUKCJA","⚠  SUBASTA","⚠  ENCHÈRE"
"Left-click to buy.\nRight-click to shrink.","Left-click to buy.\nRight-click to shrink.","Linksklick zum Kaufen.\nRechtsklick zum Verkleinern.","Clic sinistro per comprare.\nClic destro per rimpicciolire.","Lewy przycisk myszy, aby kupić.\nPrawy przycisk myszy, aby pomniejszyć.","Clic izquierdo para comprar.\nClic derecho para reducir.","Clic gauche pour acheter.\nClic droit pour réduire."
"Right-click to shrink card.","Right-click to shrink card.","Rechtsklick, um die Karte zu verkleinern.","Clic destro per rimpicciolire la carta.","Kliknij prawym przyciskiem myszy, aby pomniejszyć kartę.","Clic derecho para reducir la carta.","Clic droit pour réduire la carte."
"Right-click to enlarge card.","Right-click to enlarge card.","Rechtsklick, um die Karte zu vergrößern.","Clic destro per ingrandire la carta.","Kliknij prawym przyciskiem myszy, aby powiększyć kartę.","Clic derecho para agrandar la carta.","Clic droit pour agrandir la carte."
"Left-click and drag onto sector to buy or Right-click to Recycle.","Left-click and drag onto sector to buy or Right-click to Recycle.","Linksklick und auf einen Sektor ziehen, um zu kaufen, oder Rechtsklick zum Recyceln.","Clic sinistro e trascina su un settore per comprare, o clic destro per riciclare.","Kliknij lewym przyciskiem i przeciągnij na sektor, aby kupić, lub kliknij prawym, aby poddać recyklingowi.","Clic izquierdo y arrastra a un sector para comprar, o clic derecho para reciclar.","Clic gauche et glissez sur un secteur pour acheter, ou clic droit pour recycler."
"Left-click and drag onto sector card to start a bid.","Left-click and drag onto sector card to start a bid.","Linksklick und auf eine Sektorkarte ziehen, um ein Gebot zu starten.","Clic sinistro e trascina su una carta settore per iniziare un'offerta.","Kliknij lewym przyciskiem i przeciągnij na kartę sektora, aby rozpocząć licytację.","Clic izquierdo y arrastra a una carta de sector para iniciar una oferta.","Clic gauche et glissez sur une carte secteur pour lancer une enchère."
"Left-click and drag onto a blue sector slot to start a bid.","Left-click and drag onto a blue sector slot to start a bid.","Linksklick und auf einen blauen Sektorplatz ziehen, um ein Gebot zu starten.","Clic sinistro e trascina su uno slot settore blu per iniziare un'offerta.","Kliknij lewym przyciskiem i przeciągnij na niebieski slot sektora, aby rozpocząć licytację.","Clic izquierdo y arrastra a una ranura de sector azul para iniciar una oferta.","Clic gauche et glissez sur un emplacement de secteur bleu pour lancer une enchère."
"Left-click and drag onto a blue sector slot to buy sector. Base card to place other cards onto.","Left-click and drag onto a blue sector slot to buy sector. Base card to place other cards onto.","Linksklick und auf einen blauen Sektorplatz ziehen, um den Sektor zu kaufen. Basiskarte, um andere Karten darauf zu platzieren.","Clic sinistro e trascina su uno slot settore blu per comprare il settore. Carta base su cui posizionare altre carte.","Kliknij lewym przyciskiem i przeciągnij na niebieski slot sektora, aby kupić sektor. Karta bazowa, na której umieszcza się inne karty.","Clic izquierdo y arrastra a una ranura de sector azul para comprar el sector. Carta base sobre la que colocar otras cartas.","Clic gauche et glissez sur un emplacement de secteur bleu pour acheter le secteur. Carte de base sur laquelle placer d'autres cartes."
"Left-click to buy.","Left-click to buy.","Linksklick zum Kaufen.","Clic sinistro per comprare.","Kliknij lewym przyciskiem myszy, aby kupić.","Clic izquierdo para comprar.","Clic gauche pour acheter."
"Right-click to enlarge.","Right-click to enlarge.","Rechtsklick zum Vergrößern.","Clic destro per ingrandire.","Kliknij prawym przyciskiem myszy, aby powiększyć.","Clic derecho para agrandar.","Clic droit pour agrandir."
"%s — %d %s","%s — %d %s","%s — %d %s","%s — %d %s","%s — %d %s","%s — %d %s","%s — %d %s"
"You have %d.","You have %d.","Du hast %d.","Ne hai %d.","Masz %d.","Tienes %d.","Vous en avez %d."
" Fuses into %s."," Fuses into %s."," Fusioniert zu %s."," Si fonde in %s."," Łączy się w %s."," Se fusiona en %s."," Se fusionne en %s."
"Host disconnected.","Host disconnected.","Host getrennt.","Host disconnesso.","Host się rozłączył.","El anfitrión se desconectó.","L'hôte s'est déconnecté."
"The game session has ended.","The game session has ended.","Die Spielsitzung wurde beendet.","La sessione di gioco è terminata.","Sesja gry została zakończona.","La sesión de juego ha terminado.","La session de jeu est terminée."
"Main Menu","Main Menu","Hauptmenü","Menu principale","Menu główne","Menú principal","Menu principal"
"%s disconnected — a bot has taken over (lost hand and any stored supply).","%s disconnected — a bot has taken over (lost hand and any stored supply).","%s hat die Verbindung getrennt — ein Bot hat übernommen (Hand und gespeicherter Vorrat gingen verloren).","%s si è disconnesso — un bot ha preso il controllo (mano e risorse conservate perse).","%s rozłączył(a) się — bot przejął kontrolę (utracono rękę i zmagazynowane zasoby).","%s se desconectó — un bot tomó el control (se perdió la mano y cualquier suministro almacenado).","%s s'est déconnecté — un bot a pris le relais (main et ressources stockées perdues)."
"Card","Card","Karte","Carta","Karta","Carta","Carte"
"?","?","?","?","?","?","?"
"Choose:","Choose:","Wähle:","Scegli:","Wybierz:","Elige:","Choisissez :"
"%s: %s","%s: %s","%s: %s","%s: %s","%s: %s","%s: %s","%s: %s"
"Bot","Bot","Bot","Bot","Bot","Bot","Bot"
"%s: bought %s","%s: bought %s","%s: %s gekauft","%s: comprata %s","%s: kupiono %s","%s: compró %s","%s : a acheté %s"
"%s: fused %s → %s","%s: fused %s → %s","%s: %s zu %s fusioniert","%s: fusa %s in %s","%s: połączono %s w %s","%s: fusionó %s en %s","%s : a fusionné %s en %s"
"%s: recycled %s","%s: recycled %s","%s: %s recycelt","%s: riciclata %s","%s: poddano recyklingowi %s","%s: recicló %s","%s : a recyclé %s"
