folder,primary_obj
res://assets/models/Chaos/banished,res://assets/models/Chaos/banished/Banished.obj
res://assets/models/Chaos/bloodwyrm,res://assets/models/Chaos/bloodwyrm/Bloodwyrm.obj
res://assets/models/Chaos/counterofomens,res://assets/models/Chaos/counterofomens/Counter_of_Omens.obj
res://assets/models/Chaos/covenofyssat,res://assets/models/Chaos/covenofyssat/Coven_of_Yssat.obj
res://assets/models/Chaos/curse,res://assets/models/Chaos/curse/Curse1.obj
res://assets/models/Chaos/falsemessiah,res://assets/models/Chaos/falsemessiah/FalseMessiah.obj
res://assets/models/Chaos/harvester,res://assets/models/Chaos/harvester/Harvester.obj
res://assets/models/Chaos/kingofplagues,res://assets/models/Chaos/kingofplagues/King_of_Plagues.obj
res://assets/models/Chaos/lichqueen,res://assets/models/Chaos/lichqueen/Lich_Queen.obj
res://assets/models/Chaos/odathefallen,res://assets/models/Chaos/odathefallen/Oda_the_Fallen.obj
res://assets/models/Chaos/siren,res://assets/models/Chaos/siren/Siren.obj
res://assets/models/Chaos/skeletons,res://assets/models/Chaos/skeletons/Skeletons.obj
res://assets/models/Chaos/stormbringer,res://assets/models/Chaos/stormbringer/Stormbringer.obj
res://assets/models/Chaos/titans_shapeshifter,res://assets/models/Chaos/titans_shapeshifter/TheShapeshifter.obj
res://assets/models/Chaos/titans_unsister,res://assets/models/Chaos/titans_unsister/TheUnsister.obj
res://assets/models/Druwhn/beastmasters,res://assets/models/Druwhn/beastmasters/Beastmasters.obj
res://assets/models/Druwhn/fhayanor,res://assets/models/Druwhn/fhayanor/Fhayanor.obj
res://assets/models/Druwhn/haven_bone,res://assets/models/Druwhn/haven_bone/Haven_Bottom_Bone.obj
res://assets/models/Druwhn/rangers,res://assets/models/Druwhn/rangers/Rangers.obj
res://assets/models/Druwhn/sonsofthebow,res://assets/models/Druwhn/sonsofthebow/Sons_of_the_Bow.obj
res://assets/models/Druwhn/swordsisters,res://assets/models/Druwhn/swordsisters/Swordsisters.obj
res://assets/models/Druwhn/syndra,res://assets/models/Druwhn/syndra/Syndra.obj
res://assets/models/Duerkhar/baranth,res://assets/models/Duerkhar/baranth/Baranth.obj
res://assets/models/Duerkhar/haven_blue,res://assets/models/Duerkhar/haven_blue/Haven_Bottom_Blue.obj
res://assets/models/Duerkhar/koloth,res://assets/models/Duerkhar/koloth/Koloth.obj
res://assets/models/Duerkhar/oathsworn,res://assets/models/Duerkhar/oathsworn/Oathsworn.obj
res://assets/models/Duerkhar/spearsingers,res://assets/models/Duerkhar/spearsingers/Spearsingers.obj
res://assets/models/Duerkhar/yanny,res://assets/models/Duerkhar/yanny/Yanny.obj
res://assets/models/Duerkhar/younglings,res://assets/models/Duerkhar/younglings/Younglings.obj
res://assets/models/Empire/assassin,res://assets/models/Empire/assassin/Assassin.obj
res://assets/models/Empire/butcher,res://assets/models/Empire/butcher/Butcher.obj
res://assets/models/Empire/courtesan,res://assets/models/Empire/courtesan/Courtesan.obj
res://assets/models/Empire/drakoliche,res://assets/models/Empire/drakoliche/Drakoliche.obj
res://assets/models/Empire/empress,res://assets/models/Empire/empress/Empress.obj
res://assets/models/Empire/executioner,res://assets/models/Empire/executioner/Executioner.obj
res://assets/models/Empire/garrison_bottom,res://assets/models/Empire/garrison_bottom/Garrison_Bottom.obj
res://assets/models/Empire/garrison_middle,res://assets/models/Empire/garrison_middle/Garrison_Middle.obj
res://assets/models/Empire/garrison_top,res://assets/models/Empire/garrison_top/Garrison_Top.obj
res://assets/models/Empire/imperialguard,res://assets/models/Empire/imperialguard/Imperial_Guard.obj
res://assets/models/Empire/inquisitor,res://assets/models/Empire/inquisitor/Inquisitor.obj
res://assets/models/Empire/magebreaker,res://assets/models/Empire/magebreaker/MageBreaker.obj
res://assets/models/Empire/newemperor,res://assets/models/Empire/newemperor/New_Emperor.obj
res://assets/models/Empire/spymaster,res://assets/models/Empire/spymaster/Spymaster.obj
res://assets/models/Empire/titans_crimsonshield,res://assets/models/Empire/titans_crimsonshield/TheCrimsonShield.obj
res://assets/models/Empire/titans_imperialjuggernaut,res://assets/models/Empire/titans_imperialjuggernaut/TheImperialJuggernaut.obj
res://assets/models/Empire/warlock,res://assets/models/Empire/warlock/Warlock.obj
res://assets/models/Hoqkan/azyr,res://assets/models/Hoqkan/azyr/Azyr.obj
res://assets/models/Hoqkan/ironhooves,res://assets/models/Hoqkan/ironhooves/EliteRider.obj
res://assets/models/Hoqkan/stalker,res://assets/models/Hoqkan/stalker/EliteArcher.obj
res://assets/models/Hoqkan/tzadani,res://assets/models/Hoqkan/tzadani/Tzadani.obj
res://assets/models/Hoqkan/zealots,res://assets/models/Hoqkan/zealots/EliteWarrior.obj
res://assets/models/Krowh/deadeyes,res://assets/models/Krowh/deadeyes/Deadeyes.obj
res://assets/models/Krowh/dugpa,res://assets/models/Krowh/dugpa/Dugpa.obj
res://assets/models/Krowh/haven_red,res://assets/models/Krowh/haven_red/Haven_Bottom_Red.obj
res://assets/models/Krowh/khaal,res://assets/models/Krowh/khaal/Kha_al.obj
res://assets/models/Krowh/tribesmen,res://assets/models/Krowh/tribesmen/Tribesmen.obj
res://assets/models/Krowh/troll,res://assets/models/Krowh/troll/Trolls.obj
res://assets/models/Krowh/wargs,res://assets/models/Krowh/wargs/Wargs.obj
res://assets/models/Moyhar/berserker,res://assets/models/Moyhar/berserker/Berserkers.obj
res://assets/models/Moyhar/hanzo,res://assets/models/Moyhar/hanzo/Hanzo.obj
res://assets/models/Moyhar/haven_yellow,res://assets/models/Moyhar/haven_yellow/Haven_Bottom_Yellow.obj
res://assets/models/Moyhar/hunter,res://assets/models/Moyhar/hunter/Hunters.obj
res://assets/models/Moyhar/ronja,res://assets/models/Moyhar/ronja/Ronja.obj
res://assets/models/Moyhar/sellsword,res://assets/models/Moyhar/sellsword/Sellswords.obj
res://assets/models/Moyhar/slaver,res://assets/models/Moyhar/slaver/Slavers.obj
res://assets/models/Pirates/titans_eyvind,res://assets/models/Pirates/titans_eyvind/Eyvind.obj
res://assets/models/Pirates/titans_pirate1,res://assets/models/Pirates/titans_pirate1/TitansPirate1.obj
res://assets/models/Pirates/titans_pirate2,res://assets/models/Pirates/titans_pirate2/TitansPirate2.obj
res://assets/models/Pirates/titans_pirate3,res://assets/models/Pirates/titans_pirate3/TitansPirate3.obj
res://assets/models/Pirates/titans_xaidine,res://assets/models/Pirates/titans_xaidine/Xaidine.obj
res://assets/models/Renegade/legionarie,res://assets/models/Renegade/legionarie/Legionnaie.obj
res://assets/models/Renegade/lizardrider,res://assets/models/Renegade/lizardrider/LizardRider.obj
res://assets/models/Renegade/marksmen,res://assets/models/Renegade/marksmen/Marksmen.obj
res://assets/models/Renegade/mukla,res://assets/models/Renegade/mukla/Mukla.obj
res://assets/models/Renegade/orgon,res://assets/models/Renegade/orgon/OrgonUnit.obj
res://assets/models/Renegade/tlak,res://assets/models/Renegade/tlak/Tlak.obj
res://assets/models/Renegade/warlizard,res://assets/models/Renegade/warlizard/WarLizard.obj
res://assets/models/Titans/titans_fatherofthunder,res://assets/models/Titans/titans_fatherofthunder/FatherofThunder.obj
res://assets/models/Titans/titans_motherofnight,res://assets/models/Titans/titans_motherofnight/MotherofNight.obj
res://assets/models/tower,res://assets/models/tower/Haven_Tower.obj
res://assets/models/Tua-Than/crabrider,res://assets/models/Tua-Than/crabrider/Crabrider.obj
res://assets/models/Tua-Than/harpooneer,res://assets/models/Tua-Than/harpooneer/Harpooner.obj
res://assets/models/Tua-Than/kyushi,res://assets/models/Tua-Than/kyushi/Kyushi.obj
res://assets/models/Tua-Than/reefking,res://assets/models/Tua-Than/reefking/Battlelobster.obj
res://assets/models/Tua-Than/stoneshell,res://assets/models/Tua-Than/stoneshell/HeavyFootman.obj
res://assets/models/Tua-Than/yvaj,res://assets/models/Tua-Than/yvaj/Yvaj.obj
res://assets/models/walls,res://assets/models/walls/Haven_Walls.obj
res://assets/models/Ytuma/drivers,res://assets/models/Ytuma/drivers/Whipcracker.obj
res://assets/models/Ytuma/fjölja,res://assets/models/Ytuma/fjölja/Fj_lja.obj
res://assets/models/Ytuma/herd,res://assets/models/Ytuma/herd/Herd.obj
res://assets/models/Ytuma/herdmaster,res://assets/models/Ytuma/herdmaster/Herdmaster.obj
res://assets/models/Ytuma/mjor,res://assets/models/Ytuma/mjor/Mjor.obj
res://assets/models/Ytuma/razorbacks,res://assets/models/Ytuma/razorbacks/Warpig.obj
res://assets/models/Ytuma/tricerahog,res://assets/models/Ytuma/tricerahog/Triceratog.obj
