Lang,Box,Name,Flavor,Immediate,Combat,Bolt,On destroy
EN,Core,Lichqueen,Every fallen victim was forced into her rank by the will of the Queen...,Demonic Stench: Place 1 Curse on her hex.,,"Every Horde in play (including her) gains 1 Threat. Before Damage, Once per Round","Dust To Dust: If destroyed, gain 3 VP."
DE,Core,Die Königin der Untoten,Jedes gefallene Opfer wurde durch den Willen der Königin in ihre Reihen gezwungen...,Dämönischer Gestank: Platziere 1 Fluch in ihrem Hexfeld.,,"Jede Horde im Spiel erhält 1 Bedrohung. Vor dem Schaden, Einmal pro Runde",Staub zu Staub: Wenn zerstört: Erhalte 3 SP.
EN,Arch,King of Plagues,A buzzing of flies signaled his manifestation like a gloomy song...,Rot and Decay: Every Player loses half their FOOD (round down).,,Every player destroys 1 of their Units (put them in the Chaos Graveyard). Once per Round,"A Cure Worse Than The Disease: If destroyed, gain 5 VP."
DE,Arch,Der König der Plagen,Das Summen der Fliegen kündigte sein Erscheinen an wie ein düsteres Lied...,Fäulnis und Verfall: Jeder Spieler verliert die Hälfte seiner NAHRUNG (abgerundet).,,Jeder Spieler zerstört 1 seiner Einheiten (platziere diese im Chaos Friedhof) Einmal pro Runde,Eine Heilung schlimmer als die Krankheit: Wenn zerstört: Erhalte 5 SP.
EN,Core,Coven of Yssat,The Coven was patient before appearing in the midst of its enemies...,Nightmarish Waltz: Every player places 1 unused AP on this card. You do not regain them in the Refresh Phase.,,"Flip all your Feats and Items without using any of them, or lose 2 Threat. Before damage, Once per Combat","A Fading Memory: If destroyed, gain 4 VP. Every player gains their AP back."
DE,Core,Der Zirkel von Yssat,"Der Zirkel wartete geduldig, ehe er sich inmitten seiner Feinde zeigte...",Alptraumhafter Waltzer: Jeder Spieler platziert 1 ungenutzten AP auf dieser Karte. Du erhältst diese in der Auffrischungsphase nicht zurück.,,"Drehe alle deine Fähigkeiten und Items um, ohne diese zu nutzen oder verliere 2 Bedrohung. Vor dem Schaden, Einmal pro Runde",Verblassende Erinnerung: Wenn zerstört: Erhalte 4 SP. Jeder Spieler erhält seine AP zurück.
EN,Core,Counter of Omens,The cemeteries of the Curse were rich prey for this crawling nightmare...,Army of Bone: Place 2 Skeletons on his hex.,,"Place 2 Skeletons on any empty hex. After Damage, once per Round","Field of Corpses: If destroyed, place 2 Skeletons here, and gain 2 VP."
DE,Core,Der Bote des Untergangs,Die Friedhöfe die der Fluch hinterließ waren reiche Beute für diesen kriechenden Albtraum...,Knochenarmee: Platziere 2 Skelette auf seinem Hexfeld.,,"Platziere 2 Skelette auf einem leeren Hexfeld. Nach dem Schaden, Einmal pro Runde","Leichenfelder: Wenn zerstört, platziere 2 Skelette hier und erhalte 2 SP."
EN,Titans,Shapeshifter,Trust in your allies is the first thing he triest to murder...,"Slithering Terror: If this Unit is placed or moves onto The Capital, place it on the hex with the fewest enemy Units instead.",STAR = SHIELD BOLT,Place 1 player Unit here on the closest empty explored hex or lose 1 Threat. Before damage,"Inner Secrets Revealed: If destroyed, draw 1 Feat and gain 3 VP."
DE,Titans,Der Formwandler,,"Schlitternder Terror: Wenn diese Einheit auf der Hauptstadt platziert wird oder sich dorthin bewegt, platziere ihn auf dem Hexfeld mit den wenigsten gegnerischen Einheiten.",STERN = SCHILD BOLZEN,"Platziere 1 gegnerische Einheit hier auf dem nächstgelegenen, leeren, erkundeten Hexfeld. Vor dem Schaden","Innere Geheimnisse enthült: Wenn zerstört, ziehe 1 Fähigkeit und erhalte 3 SP."
EN,Arch,Stormbringer,A crack and splinter of ice! Then a foul-smeling mist over the seas...,Thunderclap: Activate The Stormbringer. (You do not need an Activation Token to activate.),Archery: You can not use Archery against The Stormbringer.,2 SKULL Once per Round,"Rain of Bones and Blood: If destroyed, gain 3 VP."
DE,Arch,Der Sturmbringer,Ein Krachen und Splittern von Eis! Gefolgt von einem fauligen Nebel über dem Meer...,Donnerschlag: Aktiviere den Sturmbringer (für die Aktivierung wird kein Aktivierungsmarker benötigt).,Fernkampf: Gegner erhalten im Fernkampf keine Würfel.,2 SCHÄDEL Einmal pro Runde,Knochen und Blutregen: Wenn zerstört: Erhalte 3 SP.
EN,Core,Bloodwyrm,"Like a dark maelstrom, the wyrm devoured the souls of the living...",Shattering Roar: Place 1 Curse on any hex with no X.,,"Place 1 Curse here. After Damage, Once per Combat","Ossuary Cathredral: If destroyed, gain 4 VP."
DE,Core,Der Blutwyrm,Wie ein dunkler Mahlstrom verschlang der Wyrm die Seelen der Überlebenden...,Erschütterndes Gebrüll: Platziere 1 Fluch auf einem Hexfeld ohne X.,,Platziere 1 Fluch hier. Nach dem Schaden Einmal pro Kampf,Beinhaus-Kathedrale: Wenn zerstört: Erhalte 4 SP.
EN,Core,Siren,For days she trailed caravans under the ice before bursting forth...,Call of the Wild: The Heros with the lowest GUILE place their standee on her hex.,Archery & Clash: Enemies can not use BOLTS.,"Place The Siren on the closest empty hex. After Damage, Once per Combat","Final Gambit: If destroyed, gain 1 VP and 1 VP per GUILE."
DE,Core,Die Sirene,"Tagelang folgte sie den Karawanen unter dem Eis, ehe sie hervorbrach...",Ruf der Wildnis: Platziere die Helden mit der niedrigsten GERISSENHEIT in ihrem Hexfeld.,Fernkampf & Nahkampf: Gegner können keine BOLZEN nutzen.,"Platziere die Sirene auf dem nächstgelegenen, leeren Hexfeld. Nach dem Schaden Einmal pro Runde",Letzter Schachzug: Wenn zerstört: Erhalte 1 SP und 1 SP pro GERIßENHEIT.
EN,Core,Banished,His resentment of the Old Gods set him against their disciples...,Primordial Pleasures: Set The Banished's Threat to 5. Choose 1 Quest and resolve its failure effect.,Reroll up to 2 blanks. Once per round,"Destroy the most expensive Unit or 2 Threat here. Once per round, Before damage","Insatiable Revenant: If destroyed, gain 3 VP. Once per game: place this card at the bottom of the Horde deck."
DE,Core,Der Verbannte,Sein Hass auf die Alten Götter brachte ihn gegen ihre Jünger auf...,Ursprüngliche Freuden: Setze die Bedrohung des Verbannten auf 5. Wähle 1 Quest and führe ihren Misserfolgs-Effekt aus.,Wirf bis zu 2 Leerseiten erneut. Einmal pro Runde,"Zerstöre die teuerste Einheit oder 2 Bedrohung hier. Vor dem Schaden, Einmal pro Runde",Unersättlicher Wiedergänger: Wenn zerstört: Erhalte 3 SP. Einmal pro Spiel: Platziere diese Karte unter dem Hordendeck.
EN,Core,False Messiah,"The words of the Messiah promised redemption, but at what price?","A Cult Rising: Place The False Messiah on the Haven with the most Units. If there are no Units on Havens, place him on a Sea Tower.",Clash: Gain 1 RED on a hex with a Haven or Garrison.,The player with the most Havens removes a Haven. Once per Combat,"Converted Disciples: If destroyed, gain 3 VP OR 1 of your Units here."
DE,Core,Der Falsche Messias,Die Worte des Messias versprachen Erlösung. Aber zu welchem Preis?,"Aufsteigender Kult: Platziere den Falschen Messias auf der Zuflucht mit den meisten Einheiten. Wenn es keine Einheiten gibt, platziere ihn auf einem Seeturm-Hexfeld.",Nahkampf: Erhalte 1 ROT auf einem Hexfeld mit einer Zuflucht oder Garnison.,Der Spieler mit den meisten Zufluchten entfernt eine Zuflucht. Einmal pro Kampf.,Konvertierte Lehrlinge: Wenn zerstört: Erhalte 3 SP ODER 1 deiner Einheiten hier.
EN,Core,Oda the Fallen,Oda was once the Empire's biggest hope. Now he is its biggest threat...,Doomsday: Oda gains 2 Threat. Every other Horde and Legion gains 1 Threat.,Archery: Skip the Archery round against Oda.,2 SKULL,"Terminal Carnage: If destroyed, gain 5 VP."
DE,Core,Oda der Gefallene,Einst war Oda die größte Hoffnung des Imperiums. Nun ist er seine größte Bedrohung...,Weltuntergang: Oda erhält 2 Bedrohung. Jede andere Horde und Legion erhält 1 Bedrohung.,Fernkampf: Überspringe die Fernkampfrunde.,2 SCHÄDEL,Endgültige Vernichtung: Wenn zerstört: Erhalte 5 SP.
EN,Titans,The Unsister,"Forever searching for her sister, devouring everything in her path.","Wild Hunt: Activation: If there are unexplored hexes, remove the closest unexplored hex, destroy any non-Chaos Units and place her and 2 Skeletons there.",,"If destroyed, remove all Activation tokens and place her at Threat 3 on any empty hex, with a Curse if possible. Once per round, After damage","Howl of Despair: If destroyed, gain 2 VP."
DE,Titans,Die Unschwester,"Ewig suchend nach ihrer Schwester, alles verschlingend in ihrem Pfad.","Wilde Jagd - Aktivierung: Wenn es unerkundete Hexfelder gibt: Drehe dasnächstgelegene unerkundete Hexfeld (aber keinen Seeturm) um.Ignoriere alle Effekte auf dem Hexfeld. Platziere 1 Fluch und 2 Skeletteauf ihrem Hexfeld. Platziere sie auf dem erkundeten Hexfeld.",,"Wenn diese Runde zerstört: Entferne alle Aktivierungsmarker und platziere sie mit Bedrohung 3 auf einem leeren Hexfeld (mit einem Fluch, wenn möglich).",Heulen der Verzweiflung: Wenn zerstört: Erhalte 2 SP.