Lang,Box,Name,Nr.,Flavor 1,Effect 1,Flavor 2,Effect 2
EN,Core,Aezhers Essence,One,The Inquisition seeks to reassemble Aezher's essence scattered when The Curse destroyed all life on the Mainland.,"Place 1 SALT on each unexplored hex that shows SALT. If you flip that hex, gain it.","Aware of the Prophet of Throns's purpose, the Inquisition holds her captive, staving off the return of the old gods.","Place 1 Legion at Threat 4, and its Target, on a Sea Tower (the Legion will stay there, it does not retarget). 
Place 1 Horde at Threat 4 on any empty hex, adjacent to a different Sea Tower. 
Place 1 Curse on any hex with no X, empty if possible."
DE,Core,Aezhers Essenz,One,"Die Inquisition war entschlossen, die Essenz von Aezher wieder zu vereinen, die verloren ging, als der Fluch alles Leben auf dem Festland zerstörte.","Platziere 1 SALZ auf jedem unerkundeten Hexfeld das SALZ zeigt. Wenn du es umdrehst, erhalte das SALZ.",Und gleichzeitig versucht das Imperium die Rückkehr der Alten Götter zu verhindern und hält die Prophetin der Dornen gefangen.,"Platziere 1 Legion mit Bedrohung 4 und ihr Ziel auf einem Seeturm-Hexfeld (die Legion bleibt hier und platziert ihr Ziel nicht erneut).
Platziere 1 Horde mit Bedrohung 4 auf einem leeren Hexfeld, angrenzend an einem anderen Seeturm-Hexfeld.
Platziere 1 Fluch auf einem beliebigen Hexfeld ohne X (leer, wenn möglich)."
EN,Core,Exiles from the South,One,"Many refugees are coming across the frozen wastes in the north, now called the Screaming Sea. They offer you everything they have left for your shelter and protection.","Every player may place 1 AP on the Trade Action, to gain 1 Item from the Market they can Use. Or 2 AP for an Item they cannot Use.",Amongst them are many that report horrible things they saw in the destroyed mainland they left behind...,"Place 1 Horde at Threat 4 in the Screaming Sea, not adjacent to a Haven. 
Place 1 Horde at Threat 4 in the Fog Grave, not adjacent to a Haven."
DE,Core,Flüchtlinge des Südens,One,"Viele Flüchtlinge kamen über die gefrorenen Einöden im Norden, die man mittlerweile die Kreischende See nannte. Sie boten euch alles, was sie noch hatten, für Unterkunft und euren Schutz an.","Jeder Spieler kann 1 AP auf der Handeln-Aktion platzieren, um 1 Item vom Markt zu erhalten, das er nutzen kann oder 2 AP, wenn er es nicht nutzen könnte.","Unter ihnen befanden sich viele, die von schrecklichen Dingen berichteten, die sie im zerstörten Festland gesehen hatten.","Platziere 1 Horde mit Bedrohung 4 in der Kreischenden See, nicht angrenzend an einer Zuflucht. 
Platziere 1 Horde mit Bedrohung 4 in das Nebelgrab, nicht angrenzend an einer Zuflucht."
EN,Core,Starving Mobs,One,Hunger and despair turned innocent survivors into bands of robbers and thieves that roam the land. Your followers are doubling their efforts to protect your Haven from this threat. ,Every player places 1 Wall and 1 Tower on their Haven.,And in the sky there were flickering lights behind the clouds at night and the moon was blood red...,"Place 1 Horde at Threat 4 in the Howling White, not adjacent to a Haven. 
Place 1 Horde at Threat 4 in the Screaming Sea, not adjacent to a Haven."
DE,Core,Verhungernde Meute,One,"Hunger und Verzweiflung verwandelten unschuldige Überlebende in Räuber- und Diebesbanden, die durch das Land streiften. Eure Gefolgsleute verdoppelten ihre Anstrengungen, um eure Zufluchten vor dieser Bedrohung zu schützen.",Jeder Spieler kann 1 Wall und 1 Turm auf einer seiner Zufluchten platzieren.,Und am Himmel flackerten nachts Lichter hinter den Wolken und die Monde waren blutrot.,"Platziere 1 Horde mit Bedrohung 4 in der Heulenden Weite, nicht angrenzend an einer Zuflucht. 
Platziere 1 Horde mit Bedrohung 4 in der Kreischenden See, nicht angrenzend an einer Zuflucht."
EN,Core,The Last Harvest,One,"The freezing cold mercilessly destroyed every crop, turning food into an invaluable asset...",Every player gains 2 FOOD.,While on the horizon eerie lights announce the arrival of an even worse threat than hunger.,"Place 1 Horde at Threat 4 in the Fog Grave, not adjacent to a Haven. 
Place 1 Horde at Threat 4 in the Screaming Sea not adjacent to a Haven."
DE,Core,Die letzte Ernte,One,Die eisige Kälte zerstörte erbarmungslos jede Ernte und machte Nahrung zu einem unschätzbaren Gut.,Jeder Spieler erhält 2 NAHRUNG.,Währenddessen kündigten unheimliche Lichter am Horizont die Ankunft einer noch schlimmeren Bedrohung als Hunger an.,"Platziere 1 Horde mit Bedrohung 4 in das Nebelgrab, nicht angrenzend an einer Zuflucht. 
Platziere 1 Horde mit Bedrohung 4 in der Kreischenden See, nicht angrenzend an einer Zuflucht."
EN,Core,Three Bloody Comets,One,"In their desperation, for many survivors, the only spark of hope seems to be a new-found belief in the Old Gods, long banned by the imperial Inquisition.",Chose a Hero to roll their Hero Dice. If they roll 2 SHIELD or 2 BOLT; you may exchange one Druid in play with one from the box.,"And over the frozen sea in the south drew three comets, dragging their tails lke a trail of blood behind them.","Place 1 Horde at Threat 4 in the Fog Grave, not adjacent to a Haven. 
Place 1 Horde at Threat 4 on a Sea Tower, empty if possible."
DE,Core,Drei Blutige Kometen,One,"In ihrer Verzweiflung schien für viele Überlebende der einzige Funke Hoffnung der neu entdeckte Glaube an die Alten Götter zu sein, der von der imperialen Inquisition jahrhundertelang unterdrückt wurde.","Wähle einen Helden, der seine Heldenwürfel wirft: Wenn dieser 2 SCHILD oder 2 BOLZEN wirft, kannst du einen Druiden im Spiel mit einem Druiden aus der Box ersetzen.","Und über das gefrorene Meer im Süden zogen drei Kometen, die ihren Schweif wie eine Blutspur hinter sich herzogen.","Platziere 1 Horde mit Bedrohung 4 in das Nebelgrab, nicht angrenzend an einer Zuflucht. 
Platziere 1 Horde mit Bedrohung 4 auf einem Seeturm-Hexfeld (leer, wenn möglich)."
EN,Core,Turmoil grips the Lands,One,"In the days following the Curse, the Empire initially barricaded itself in The Capital, leaving the outer islands to a wave of chaos, despair and destruction...",Place 2 Skeletons on any unexplored empty hex.,"And at night, a gruesome wind howls from the west, bringing with it a foul stench that announces a wicked threat approaching.","Place 1 Horde at Threat 4 in the Howling White, not adjacent to a Haven. 
Place 1 Horde at Threat 4 on a Sea Tower, empty if possible."
DE,Core,Tage der Verzweiflung,One,"In den Tagen nach dem Fluch verbarrikadierte sich das Imperium zunächst auf der Hauptstadt und überließ die äußeren Inseln einer Welle von Chaos, Verzweiflung und Zerstörung.","Platziere 2 Skelette auf einem unerkundeten Hexfeld (leer, wenn möglich).","Und des nachts heulte ein grausamer Wind aus dem Westen und brachte mit sich einen üblen Gestank, der von einer unheiligen Bedrohung kündete.","Platziere 1 Horde mit Bedrohung 4 in der Heulenden Weite, nicht angrenzend an einer Zuflucht. 
Platziere 1 Horde mit Bedrohung 4 auf einem Seeturm-Hexfeld (leer, wenn möglich)."
EN,Core,Uprising,One,"It is said the first true rebels in Azuhl were the gladiators in Norngaard, whose revolt was bloodily crushed, but sparked the Uprising in the hearts of the survivors.","Every player may place 2 AP on the Market Action, to place 1 of their cheapest Elite Units on their home hex.","And while the mortals were captivated with themselves, dark storm clouds rose on the horizon...","Place 1 Horde at Threat 4 in the Howling White, not adjacent to a Haven. 
Place 1 Horde at Threat 4 in the Fog Grave, not adjacent to a Haven."
DE,Core,Funke des Aufstandes,One,"Es wird erzählt, dass die ersten echten Rebellen die Gladiatoren in Norngaard waren, deren Revolte blutig niedergeschlagen wurde, aber den Funken des Aufstandes in den Herzen der Überlebenden entzündete.","Jeder Spieler kann 2 AP auf der Markt-Aktion platzieren, um seine günstigste Elite-Einheit in seinem Heimat-Hexfeld zu platzieren.","Und während die Sterblichen mit sich selbst beschäftigt waren, türmten sich dunkle Sturmwolken am Horizont auf...","Platziere 1 Horde mit Bedrohung 4 in der Heulenden Weite, nicht angrenzend an einer Zuflucht. 
Platziere 1 Horde mit Bedrohung 4 in das Nebelgrab, nicht angrenzend an einer Zuflucht."
EN,Core,Long live the Emperor,Two,"""The Emperor is dead - Long Live The Emperor!"" With the sanction of the escaped Empress, the governor of Azuhl declares himself the new leader of the last bastion of the Empire.","For each player, place 1 Garrison on The Capital.","And over the rooftops of Norngaard, the new Capital, hung the smoke of blacksmiths day and night, busily working to supply the Legions with equipment.","Place 2 Legions at Threat 4 on The Capital. 
If there is no Horde, place 1 Horde at Threat 5 on any empty hex. 
Place 1 Activation Token on 1 Horde card."
DE,Core,Lang lebe der Imperator,Two,„Der Imperator ist tot – Lang lebe der Imperator!“ Mit dem Segen der geflohenen Imperatorin erklärte sich der Statthalter von Azuhl zum neuen Anführer der Überreste des Imperiums.,Pro Spieler: Platziere 1 Garnison auf der Hauptstadt.,"Und über den Dächern von Norngaard, der neuen Hauptstadt, hing Tag und Nacht der Rauch der Schmieden, unablässig damit beschäftigt, die Legionen mit Ausrüstung zu versorgen.","Platziere 2 Legionen mit Bedrohung 4 auf der Hauptstadt. 
Wenn keine Horde im Spiel ist: Platziere 1 Horde mit Bedrohung 5 auf einem leeren Hexfeld. 
Platziere 1 Aktivierungsmarker auf 1 Hordenkarte."
EN,Core,Madness sweeps the Land,Two,The creeping Chaos extends its tentacles in unseen ways into the spirits of the mortals.,"Every player draws 1 Feat, then discards 1 Feat.","And while many survivors are being driven insane, the Empire is trying to restore order with brutal force.","Place 2 Legions at Threat 5 on the Capital. 
Place 1 Skeleton adjacent to a Haven, on a hex with a Curse if possible. 
Activate all Skeletons."
DE,Core,Wahnsinn überschwemmt das Land,Two,Schleichend ergriff Chaos mit seinen Tentakeln auf unsichtbare Weise Besitz von den Seelen der Sterblichen.,Jeder Spieler zieht 1 Fähigkeit und wirft dann 1 Fähigkeit ab.,"Und während viele Überlebende in den Wahnsinn getrieben werden, versuchte das Imperium, die Ordnung mit brutaler Gewalt wiederherzustellen.","Platziere 2 Legionen mit Bedrohung 5 auf der Hauptstadt. 
Platziere 1 Skelett angrenzend an einer Zuflucht (auf einem Hexfeld mit einem Fluch, wenn möglich). 
Aktiviere alle Skelette."
EN,Core,Prolonged Eclipse,Two,For days an eclipse of the sun has darkened the islands and the survivors are huddling even closer in their poorly defended shelters.,Place 1 Garrison on every hex with a Garrison (except The Capital). Flip 1 unexplored hex and resolve its effects. Place 1 Skeleton with other Skeletons.,"While the gaze of the survivors turned to the sky in fear, the steps of the Legionaries echoed through The Capital in unison.",Place 2 Legions at Threat 5 on the Capital.
DE,Core,Sonnenfinsternis,Two,Seit Tagen verdüsterte eine Sonnenfinsternis die Inseln und die Überlebenden drängten sich noch enger in ihren schlecht befestigten Unterkünften zusammen.,Platziere 1 Garnison auf jedem Hexfeld mit einer Garnison (außer der Hauptstadt). Drehe 1 unerkundetes Hexfeld um und führe dessen Effekte aus. Platziere 1 Skelett mit anderen Skeletten.,"Während sich die Blicke der Überlebenden angstvoll zum Himmel wandten, hallten die Schritte der Legionäre im Gleichschritt durch die Hauptstadt.",Platziere 2 Legionen mit Bedrohung 5 auf der Hauptstadt.
EN,Core,Slave Revolts,Two,"In the chaos of the days following the Curse, many slave collectives and prisoners of The Empire take advantage of the hour to revolt and flee.",Every player may pay 2 resources to place 2 Basic Units on any of their Havens or any explored empty hex.,"To set an example, the Legions of The Empire move out of Norngaard to obliterate entire insurgent villages.","Place 2 Legions at Threat 5 on The Capital. 
Place 1 Skeleton with other Skeletons. 
If there is no Horde, place 1 Horde at Threat 5 on any empty hex."
DE,Core,Sklavenaufstände,Two,"Im Aufruher der Tage die dem Fluch folgten nutzen viele Sklaven und Gefangene des Imperiums die Gunst der Stunde, um sich sich gegen ihre Unterdrücker aufzulehnen oder zu fliehen.","Jeder Spieler kann 2 Ressourcen zahlen, um 2 seiner Basis-Einheiten auf einer Zuflucht oder erkundetem leeren Hexfeld zu platzieren.","Um ein Exempel zu statuieren, rückten die Legionen des Imperiums aus Norngaard aus, um ganze Dörfer der Aufständischen dem Erdboden gleichzumachen.","Platziere 2 Legionen mit Bedrohung 5 auf der Hauptstadt. 
Platziere 1 Skelett mit anderen Skeletten. 
Wenn keine Horde im Spiel ist: Platziere 1 Horde mit Bedrohung 5 auf einem leeren Hexfeld."
EN,Core,The Frozen Fleet,Two,"In the east, the survivors discovered a fleet of Imperial war galleys trapped in the ice. But their crews had disappeared as if by magic, not even a single frozen corpse could be found.",Every player gains 4 resources.,"But the Empire did not rely on ships these days, but on the discipline and combat experience of its Legions.","Place 2 Legions at Threat 5 on the Capital.
Place 1 Skeleton on any empty hex, adjacent to a Haven if possible. 
Activate all Skeletons."
DE,Core,Gefrorene Flotte,Two,"Im Osten entdeckten die Überlebenden eine Flotte von imperialen Kriegsgaleeren, gefangen im Eis. Doch ihre Besatzungen waren wie von Geisterhand verschwunden – nicht eine einzige gefrorene Leiche konnte gefunden werden.",Jeder Spieler erhält 4 Ressourcen.,"Doch das Imperium verließ sich in diesen Tagen nicht auf seine Flotte, sondern vielmehr auf die Disziplin und Kampfkraft seiner Legionen.","Platziere 2 Legionen mit Bedrohung 5 auf der Hauptstadt. 
Platziere 1 Skelett auf einem leeren Hexfeld (angrenzend an einer Zuflucht, wenn möglich). 
Aktiviere alle Skelette."
EN,Core,The God Touched,Two,"If a Druid showed worth a god would bestow upon them a portion of their powers, and were called The God Touched.","Every player may pay 3 resources, to place the top card of their Feat deck here. If your Feat is here, you can use BOLT on a hex with a Curse.","The Imperial Inquisition claims to have brought peave to Azuhl, and hunt those who would upset the Great Dormancy.","Place 3 Garrisons on any hex with no X, empty if possible. 
Place 1 Legion at Threat 5 on a Sea Tower, empty if possible, and place its Target on The Capital. 
Place 1 Horde at Threat 5 on any hex with no X, empty if possible."
DE,Core,Die Gottberührten,Two,"Wenn ein Druide sich als würdig erwies, verlieh ein Gott ihm einen Teil seiner Kraft. Diese Erwählten nannte man die Gottberührten.","Jeder Spieler kann 3 Ressourcen zahlen, um die oberste Karte seines Fähigkeitendecks auf dieser Karte zu platzieren. Wenn deine Fähigkeit hier ist, kannst du BOLZEN auf Hexfeldern mit einem Fluch nutzen.","Die imperiale Inquisition behauptete, Frieden nach Azuhl gebracht zu haben, und jagte alle Ketzer, die sich der Ordnung des Imperiums widersetzten.","Platziere 2 Legionen mit Bedrohung 5 auf der Hauptstadt. 
Platziere 1 Skelett auf einem leeren Hexfeld (angrenzend an einer Zuflucht, wenn möglich). 
Aktiviere alle Skelette."
EN,Core,Unholy Omens,Two,"Fishermen and sailors began to drill deep holes in the frozen sea to fish. But most of them do not return these days. In their place, unearthly screams waft through the icy wasteland.","Place 2 Skeletons on any unexplored empty hex. Place 3 Garrisons on any hex with no X, empty if possible.","And huge flocks of birds, coming from the ruined mainland, are heading west across the islands of Azuhl. Their echoing cries in the sky fill the survivors with a dark foreboding.","Place 1 Legion at Threat 5 of The Capital. 
Place 1 Horde at Threat 5 on any empty hex. 
Flip 1 unexplored hex and resolve its effects."
DE,Core,Unheilige Vorzeichen,Two,"Fischer und Seeleute begannen damit, tiefe Löcher in das gefrorene Meer zu bohren, um zu fischen. Doch die meisten von ihnen kehren diesertage nicht zurück. Stattdessen hallen unheimliche Schreie durch die eisige Einöde.","Platziere 2 Skelette auf einem unerkundeten Hexfeld (leer, wenn möglich). Platziere 3 Garnisonen auf einem Hexfeld ohne X (leer, wenn möglich).",,"Platziere 1 Legion mit Bedrohung 5 auf der Hauptstadt. 
Platziere 1 Horde mit Bedrohung 5 auf einem leeren Hexfeld. 
Drehe 1 unerkundetes Hexfeld um und führe dessen Effekte aus."
EN,Core,A new Dawn,Three,The Prophet of Thorns gave rebirth to the frozen lands of Azuhl and Chaos and The Empire retreated from her power.,Remove all Garrisons from 1 Hex with no X. Remove all Skeletons from 1 Hex. Place 1 Activation Token on the Legion and Horde decks. The next Legion and Horde drawn gain those Activation Tokens.,"While some preached the awakening of even more ancient powers, promising redemption - but at what price?","Place 1 Legion at Threat 6 on The Capital. 
Place 2 Hordes at Threat 6 on the same Sea Tower, empty if possible (or 1 Horde in a 2 player game)."
DE,Core,Ein neuer Morgen,Three,"Die Prophetin der Dornen ließ die gefrorenen Länder von Azuhl wieder erblühen, und das Chaos und das Imperium zogen sich vor ihrer Macht zurück.",Entferne alle Garnisonen in 1 Hexfeld ohne X. Entferne alle Skelette in 1 Hexfeld. Platziere 1 Aktivierungsmarker auf den Legionen- und Hordendecks. Die nächste Legion und Horde erhält diesen Aktivierungsmarker.,Einige predigten die Erweckung noch älterer Mächte und versprachen Erlösung – aber zu welchem Preis?,"Platziere 1 Legion mit Bedrohung 6 auf der Hauptstadt. 
Platziere 2 Horden (oder 1 Horde in einem 2-Spieler-Spiel) mit Bedrohung 6 auf demselben Seeturm-Hexfeld (leer, wenn möglich)."
EN,Core,Guidance from the Druids,Three,Hundreds of refugees follow the Druids through the wilderness before your gates. For food and protection they offer themselves to help in defending your Havens.,"Choose a Hero to roll their Hero Dice. If they roll 6 Symbols (SKULL, SHIELD, BOLT) every player draws 1 Feat.","Yet the Druids bring unsettling teachings from the Old Gods, calling into question whether they are allies or enemies.","Place 1 Legion at Threat 6 on The Capital. 
Place 2 Hordes at Threat 6 on any empty hex(es) in the same region (or 1 Horde in a 2 player game). 
Place 1 Skeleton adjacent to a Haven, on a hex with a Curse if possible. 
Activate all Skeletons."
DE,Core,Weisung der Druiden,Three,"Hunderte von Flüchtlingen folgen den Druiden durch die Wildnis vor die Tore der Überlebenden. Gegen Nahrung und Schutz boten sie euch an, bei der Verteidigung eurer Zufluchten zu helfen.","Wähle einen Helden, der seine Heldenwürfel wirft: Wenn dieser 6 Symbole wirft (SCHÄDEL, SCHILD, BOLT), zieht jeder Spieler 1 Fähigkeit.","Oftmals waren die Lehren der Druiden über die Alten Götter verstören und warfen die Frage auf, ob es sich bei ihnen eigentlich um Verbündete oder Feinde handelte.","Platziere 1 Legion mit Bedrohung 6 auf der Hauptstadt. 
Platziere 2 Horden (oder 1 Horde in einem 2-Spieler-Spiel) mit Bedrohung 6 auf beliebigen leeren Hexfelder(n) in derselben Region. 
Platziere 1 Skelett angrenzend an einer Zuflucht (auf einem Hexfeld mit einem Fluch, wenn möglich). 
Aktiviere alle Skelette."
EN,Core,Imperial Inspection,Three,"Under the Empress's orders, the Imperial Inquisitors no longer specialize in infidels, but in the hunt for insurgents.",Choose a Hero to roll their Hero Dice. If they do not roll 6 Symbols discard 2 Quests.,Heavy losses were inflicted on the Empire in the first weeks after the Curse. But the New Emperor's power and his will to keep their last refuge under control are far from broken. ,"Place 3 Legions at Threat 5 on The Capital (or 2 Legions in a 2 player game). 
Activate the Legion with the highest initiative. 
(you do not need an Activation Token to activate.)"
DE,Core,Imperiale Inspektion,Three,"Auf Befehl der Imperatorin befasste sich die Inquisitoren nicht mehr mit den Ungläubigen, sondern ging zur Jagd auf Aufständische über.","Wähle einen Helden, der seine Heldenwürfel wirft: Wenn dieser nicht 6 Symbole wirft (SCHÄDEL, SCHILD, BOLT), werfe 2 Quests ab.","In den ersten Wochen nach dem Fluch musste das Imperium schwere Verluste hinnehmen. Aber die Macht des Neuen Imperators und sein Wille, diese letzte Bastion des Reichs unter Kontrolle zu halten, waren noch lange nicht gebrochen.","Platziere 3 Legionen (oder 2 Legionen in einem 2-Spieler-Spiel) mit Bedrohung 5 auf der Hauptstadt. 
Aktiviere die Legion mit der höchsten Initiative (für diese Aktivierung wird kein Aktivierungsmarker benötigt)."
EN,Core,Imperial Spy Network,Three,Not all survivors believed in a triumph of the rebels. Some put their hopes much more in the armored Legionaries of Drakorea.,"Choose a Hero to roll their Hero Dice. If they do not roll 5 Symbols (SKULL, SHIELD, BOLT) every player discards 1 Feat.","And so, quite a few sold their services as spies and scouts for Nobu, the Spymaster.","Place 2 Legions at Threat 5 on The Capital. 
Place 1 Horde at Threat 5 on an empty hex in a 3 or 4 player game. 
For every player, place 1 Garrison on The Capital."
DE,Core,Netz der Spione,Three,Nicht alle Überlebenden glaubten an einen Triumph der Rebellen. Einige setzten ihre Hoffnungen viel mehr auf die gepanzerten Legionäre von Drakorea.,"Wähle einen Helden, der seine Heldenwürfel wirft: Wenn dieser nicht 6 Symbole wirft (SCHÄDEL, SCHILD, BOLT) wirft jeder Spieler 1 Fähigkeit ab.","Und so verdingten sich nicht wenige als Spione und Kundschafter für Nobu, den Meister der Spione.","Platziere 2 Legionen mit Bedrohung 5 auf der Hauptstadt. 
Platziere 1 Horde mit Bedrohung 5 auf einem leeren Hexfeld in einem 3 oder 4-Spieler-Spiel. 
Pro Spieler: Platziere 1 Garnison auf der Hauptstadt."
EN,Core,Ravening Hunger,Three,"When all life in the heartlands was wiped out by the Curse, the hordes of Chaos were deprived of their food. Driven by an insatiable hunger for the souls of the living, they have finally found a new source: the Isles of Azuhl.",Place 2 Skeletons on each home hex.,"And then suddenly a deadly cold seized the islands, which brought with them not only snow and hail, but also a much greater terror.","Place 1 Horde at Threat 5 in the Fog Grave. 
Place 1 Horde at Threat 5 in the Screaming Sea. 
Place 1 Legion at Threat 5 on The Capital in a 3 or 4 player game. 
Activate the Horde with the lowest initiative. 
(You do not need an Activation Token to activate.)"
DE,Core,Unstillbarer Hunger,Three,"Als der Fluch alles Leben in den Kernländern auslöschte, wurden die Horden des Chaos ihrer Nahrung beraubt. Getrieben von einem unstillbaren Hunger nach den Seelen der Lebenden, fanden sie schließlich eine neue Quelle: die Inseln von Azuhl.",Platziere 2 Skelette in jedem Heimat-Hexfeld.,"Und dann brach plötzlich eine tödliche Kälte über die Inseln herein, die nicht nur Schnee und Hagel mit sich brachte, sondern einen noch viel größeren Schrecken.","Platziere 1 Horde mit Bedrohung 5 in das Nebelgrab. 
Platziere 1 Horde mit Bedrohung 5 in der Kreischenden See. 
Platziere 1 Legion mit Bedrohung 5 auf der Hauptstadt in einem 3 oder 4-Spieler-Spiel. 
Aktiviere die Horde mit der niedrigesten Initiative (für diese Aktivierung wird kein Aktivierungsmarker benötigt)."
EN,Core,The Empire strikes,Three,"As your scouts report, many refugees are arriving through the Nethersea Gates in Azuhl these days, among them a large number of scattered Legionaries from all over the mainland.","For every player, place 1 Garrison on The Capital.","Encouraged by these unexpected reinforcements, The Empire redoubles its efforts to crush the rebellion.","Place 3 Legions at Threat 6 on The Capital (or 2 Legions in a 2 player game).
Activate the Legion with the highest initiative. (You do not need an Activation Token to Activate.)"
DE,Core,Imperiale Offensive,Three,"Die Späher berichteten, dass in diesen Tagen eine Vielzahl an Flüchtlingen durch die Tore der Untersee in Azuhl ankamen, unter ihnen auch eine große Anzahl verstreuter Legionäre aus dem Festland.",Pro Spieler: Platziere 1 Garnison auf der Hauptstadt.,"Ermutigt durch diese unerwartete Verstärkung verdoppelte das Imperium seine Anstrengungen, den Aufstand niederzuschlagen.","Platziere 1 Legion mit Bedrohung 5 auf der Hauptstadt. 
Platziere 1 Horde mit Bedrohung 5 auf einem leeren Hexfeld. 
Drehe 1 unerkundetes Hexfeld um und führe dessen Effekte aus."
EN,Core,Corruption of the Witches,Three,"The herbalwomen were once counselors and healers. But the source of their power, now stained by Chaos, has driven them mad.",Every player places 1 of their Elite Units (from play or the reserve) in the Chaos Graveyard.,"And in the evening hours, stinking mists rise from the now empty fields and drive the frightened survivors into their holes and shelters.","Place 2 Hordes at Threat 5 on any empty hex(es) in the same region. 
Place 1 Legion at Threat 5 on The Capital in a 3 or 4 player game. 
Place 1 Skeleton adjacent to a Haven, on a hex with a Curse if possible.
Activate all Skeletons."
DE,Core,Fäulnis der Hexen,Three,"Einst waren die Kräuterfrauen der Inseln Beraterinnen und Heilerinnen. Doch die Quelle ihrer Macht, nun durch das Chaos befleckt, trieb sie nun in den Wahnsinn.",Jeder Spieler platziert 1 seiner Elite-Einheiten (vom Spielfeld oder der Reserve) in den Chaos Friedhof.,Und in den Abendstunden stieg stinkender Nebel von den nun leeren Feldern auf und trieb die verängstigten Überlebenden in ihre Höhlen und Zufluchten.,"Platziere 2 Horden mit Bedrohung 5 auf beliebigen leeren Hexfeldern in derselben Region. 
Platziere 1 Legion mit Bedrohung 5 auf der Hauptstadt in einem 3 oder 4-Spieler-Spiel. 
Platziere 1 Skelette angrenzend an einer Zuflucht (auf einem Hexfeld mit einem Fluch, wenn möglich). 
Aktiviere alle Skelette."
EN,Core,Designs of the Empress,Four,"The Empress carried many secrets with her from the disaster on the mainland, and had plans within plans. Her commands soon began to fill her subjects with a new despair.","If The Empire has less VP than any player, The Empire gains 5 VP. Do this again for Chaos.","The great court of Norngaard fell silent, the New Emperor's advisors either executed or fled, and no fires were lit in the keep anymore.","For each player, place 1 Legion at Threat 7 on The Capital or 1 Horde at Threat 7 on any empty hex. 
Place each Horde in a different region, if possible. 
Activate the Legion with the highest initiative AND the Horde with the lowest. 
(You do not need an Activation Token to activate.)"
DE,Core,List der Imperatorin,Four,Die Imperatorin hütete eine Vielzahl an Geheimnisse über die Katastrophe auf dem Festland und wob Pläne in Plänen. Ihre Befehle erfüllten ihre Untergebenen mit Furcht und Verzweiflung.,"Wenn das Imperium weniger SP als ein beliebiger Spieler hat, erhält das Imperium 5 SP. Wiederhole dies für Chaos.","Und alsbald verstummten die Höfe und Hallen von Norngaard und lagen verlassen dar, die Berater des neuen Kaisers entweder hingerichtet oder geflohen.","Pro Spieler: Platziere 1 Legion mit Bedrohung 7 auf der Hauptstadt oder 1 Horde mit Bedrohung 7 auf einem leeren Hexfeld (platziere jede Horde in einer unterschiedlichen Region, wenn möglich). 
Aktiviere die Legion mit der höchsten Initiative UND die Horde mit der niedrigsten (für diese Aktivierungen werden keine Aktivierungsmarker benötigt)."
EN,Core,Endless Snowfall,Four,"The storm that has raged over Azuhl for days now bring with it not only darkness, hail, ice and snow, but also eerie screams and the breath of Chaos.","Choose a Hero to roll their Hero Dice. If they do not roll 2 SHIELD or 3 BOLT,  discard all Quests.","And in the darkness of the storm, thousands of lanterns are lit in all Drakorean Cathedrals to illuminate the Legions' deployment.","For each Player, Place 1 Legion at Threat 7 on the Capital or 1 Horde at Threat 7 on any Empty Hex. Place each Horde in a different Region, if possible. 
Activate the Legion or Horde with the highest Initiative.
(You do not need an Activation Token to Activate.)"
DE,Core,Enfloser Schneefall,Four,"Der Sturm, der seit Tagen über Azuhl tobte, brachte nicht nur Dunkelheit, Hagel, Eis und Schnee mit sich, sondern auch unheimliche Schreie und den Hauch des Chaos.","Wähle einen Helden, der seine Heldenwürfel wirft: Wenn dieser nicht 2 SCHILD oder 3 BOLZEN wirft, werfe alle Quests ab.","Und in der Dunkelheit des Sturms wurden in allen Kathedralen Norngaards Tausende von Laternen angezündet, um den Aufmarsch der Legionen zu erleuchten.","Pro Spieler: Platziere 1 Legion mit Bedrohung 7 auf der Hauptstadt oder 1 Horde mit Bedrohung 7 auf einem leeren Hexfeld (platziere jede Horde in einer unterschiedlichen Region, wenn möglich). 
Aktiviere die Legion oder Horde mit der höchsten Initiative (für diese Aktivierung wird kein Aktivierungsmarker benötigt)."
EN,Core,Famine,Four,"The herds have long since been slaughtered, the grains frozen, and most farmers slain. Hunger becomes a constant companion of the survivors.",Every player Destroys 1 of their Units (place them in the Chaos Graveyard) and Places 1 Skeleton on that Hex.,"It was not just hunger that ground down the nerves of the survivors, but a heavy rain set in, which hid the approaching danger behind a dense veil.","For each player, place 1 Legion at Threat 6 on the Capital or 1 Horde at Threat 6 on any empty hex. Every Horde you place must be in a different Region, if possible.
Activate the Legion or Horde with the highest Initiative. 
(You do not need an Activation Token to Activate.)"
DE,Core,Hungersnot,Four,"Die Herden waren längst geschlachtet, das Getreide gefroren und die meisten Bauern ermordet. Der Hunger wurde zum ständigen Begleiter der Überlebenden.",Jeder Spieler zerstört 1 seiner Einheiten (platziere sie im Chaos Friedhof) und platziere 1 Skelett in diesem Hexfeld.,"Aber nicht nur der Hunger zermürbte die Überlebenden, sondern auch ein endloser Regen, der die nahende Gefahr hinter einem dichten Schleier verbarg.","Pro Spieler: Platziere 1 Legion mit Bedrohung 6 auf der Hauptstadt oder 1 Horde mit Bedrohung 6 auf einem leeren Hexfeld (platziere jede Horde in einer unterschiedlichen Region, wenn möglich).
Aktiviere die Legion oder Horde mit der höchsten Initiative (für diese Aktivierung wird kein Aktivierungsmarker benötigt)."
EN,Core,Mass Executions,Four,The fear of The Empire's revenge is growing among the rebels. Whole villages and settlements have already been burned down by the Butcher in search of you and your supporters.,Every player places 3 of their Basic Units or 2 Elite Units (from play or the reserve) in the Imperial Graveyard.,"And The Capital was poisoned with a climate of betrayal, in which one wrong word was enough to land you on the gallows, which themselves lined the streets leading to the iron-reinforced gates of the city...","For each Player, Place 1 Legion at Threat 6 on the Capital. For each you cannot, Place 1 Horde at Threat 6 on any empty hex. 
Place each Horde in a different Region, if possible. 
Activate the Legion with the highest Initiative.
(You do not need an Activation Token to Activate.)"
DE,Core,Massenhinrichtungen,Four,Unter den Rebellen wuchs die Angst vor der Vergeltung des Imperiums. Ganze Dörfer und Siedlungen waren auf der Suche nach den Anhängern der Rebellion bereits vom Schlächter niedergebrannt worden.,Jeder Spieler platziert 3 seiner Basis-Einheiten oder 2 Elite-Einheiten (vom Spielfeld oder der Reserve) in den Imperialen Friedhof.,"Und auf der Hauptstadt herrschte ein Klima der Angst und des Verrats. Ein falsches Wort genügte, um den Nachbarn an einen der Galgen zu bringen, die die Straßen bis zu den eisenbewehrten Toren der Stadt säumten.","Pro Spieler: Platziere 1 Legion mit Bedrohung 6 auf der Hauptstadt oder 1 Horde mit Bedrohung 6 auf einem leeren Hexfeld (platziere jede Horde in einer unterschiedlichen Region, wenn möglich).
Aktiviere die Legion mit der höchsten Initiative (für diese Aktivierung wird kein Aktivierungsmarker benötigt)."
EN,Core,Rain of Ashe and Fire,Four,"Since the Curse, steam and smoke have been rising from the mountains. Now, with a rumble of thunder, the wrath of the earth seems to discharge itself.","Choose a Hero to roll their Hero Dice. If they do not roll 5 SKULL, destroy 1 Player Unit on each hex (place them into the Chaos Graveyard).","The eruption of several volcanoes brings down a rain of ash on the islands, which colors the Legionaries of Drakorea gray like marching statues.","For each player, Place 1 Horde at Threat 6 on any Empty Hex. For each you cannot, Place 1 Legion at Threat 6 on the Capital. 
Activate the Legion ir Horde with the lowest Initiative.
(You do not need an Activation Token to Activate.)"
DE,Core,Regen aus Asche und Feuer,Four,Seit dem Fluch stieg Dampf und Rauch aus den Bergen auf. Nun schien sich mit einem Donnergrollen der Zorn der Erde zu entladen.,"Wähle einen Helden, der seine Heldenwürfel wirft: Wenn dieser nicht 5 Schädel wirft, zerstöre 1 Spielereinheit auf jedem Hexfeld (platziere sie im Chaos Friedhof).","Der Ausbruch mehrerer Vulkane ließ einen Ascheregen auf die Inseln niedergehen, der die Legionäre von Drakorea wie marschierende Statuen grau färbte.","Pro Spieler: Platziere 1 Legion mit Bedrohung 7 auf der Hauptstadt oder 1 Horde mit Bedrohung 7 auf einem leeren Hexfeld (platziere jede Horde in einer unterschiedlichen Region, wenn möglich).
Aktiviere die Legion oder Horde mit der niedrigesten Initiative (für diese Aktivierung wird kein Aktivierungsmarker benötigt)."
EN,Core,The Invasion begins,Four,Now the Chaos that floods Azuhl from all directions raises its fist and extends its deadly grip to The Capital of the Islands itself.,Place 2 Skeletons on every Sea Tower.,And a gigantic swirl of dark strom clouds and flickering light forms over the islands in the sky...,"For each player, Place 1 Horde at Threat 7 on any Empty Hex. For each you cannot, Place 1 Legion at Threat 7 on the Capital.
Activate the Horde with the lowest Initiative.
(You do not need an Activation Token to Activate.)"
DE,Core,Die Invasion beginnt,Four,"Nun erhob Chaos, das Azuhl aus allen Richtungen überflutete, seine Faust und dehnte seinen tödlichen Griff auf die Hauptstadt der Inseln selbst aus.",Platziere 2 Skelette auf jedem Seeturm-Hexfeld.,Und ein gigantischer Wirbel aus dunklen Sturmwolken und flackerndem Licht bildete sich am Himmel über den Inseln.,"Pro Spieler: Platziere 1 Legion mit Bedrohung 7 auf der Hauptstadt oder 1 Horde mit Bedrohung 7 auf einem leeren Hexfeld (platziere jede Horde in einer unterschiedlichen Region, wenn möglich). 
Aktiviere die Horde mit der niedrigsten Initiative (für die Aktivierung wird kein Aktivierungsmarker benötigt)."
EN,Core,Vision from the Old Gods,Four,"As time passed many different tribes, clans, herds, and noble houses adapted to the new order of things, and life flourished.",Every player may Place 1 AP on the Market Action to draw 1 Feat.,"And soon the great evils of Chaos were forgotten, and the Old Gods passed their powers into their most loyal followers.",
DE,Core,Visionen der Alten Götter,Four,"Mit der Zeit passten sich viele der Stämme, Clans, Herden und Adelshäuser an die neue Ordnung an und das Leben erblühte erneut.","Jeder Spieler kann 1 AP auf der Markt-Aktion platzieren, um 1 Fähigkeit zu ziehen.","Und schon bald waren die größten Übel des Chaos vergessen, und die Alten Götter gaben ihre Macht an ihre treuesten Anhänger weiter.","Pro Spieler: Platziere 1 Legion mit Bedrohung 7 auf der Hauptstadt oder 1 Horde mit Bedrohung 7 auf einem leeren Hexfeld (platziere jede Horde in einer unterschiedlichen Region, wenn möglich).
Platziere 2 Skelette auf einem beliebigen leeren Hexfeld (angrenzend an einer Zuflucht, wenn möglich). 
Aktiviere alle Sklette."
EN,Titans,Shifting Ice,one,"The frozen seas cracked like thunder, revealing strange new islands in their midst.","Place 1 hex (not a Sea Tower) from the box, unexplored, in the Fog Grave, the Howling White, or the Screaming Sea.
Place 1 Legion at Threat 4 on The Capital. Place its target on the new hex.","And from the mainland, cloud of angered insects swarmed across the frozen wastes towards the survivors.","Place 1 Curse on any empty hex.
Place 1 Horde at Threat 4 on any empty hex, not adjacent to a Haven."
DE,Titans,Treibeis,one,,"Platziere 1 Hexfeld (kein Seeturm) aus der Box, unerkundet, in das Nebelgrab, die Heulende Weite oder die Kreischende See.
Platziere 1 Legion mit Bedrohung 4 auf der Hauptstadt. Platziere ihr Zeil auf dem neuen Hexfeld",,"Platziere 1 Fluch auf einem beliebigen leeren Hexfeld
Platziere 1 Horde mit Bedrohung 4 auf einem beliebigen leeren Hexfeld, nicht angrenzend an einer Zuflucht"
EN,Titans,Power of the Small,two,"The smallest creatures of Auhl sought shelter in the havens of the free folk, and brought many surprising benefits to them.","Every player may: Place 1 WHITE on any Quest. The next Hero who attempts that Quest may use any dice there,
-- OR --
Take the Market Action for ZERO AP.",And prayers to the Old Gods were given for deliverance against the great and evil.,"Place 1 Legion at Threat 5 on The Capital.
Place 1 Horde at Threat 5 in the Screaming Sea, not adjacent to a Haven if possible."
DE,Titans,Macht des Kleinen,two,,"Jeder Spieler kann: 1 WEIß auf einer Quest platzieren. Ein Held der diese Quest versucht kann beliebige Würfel hier verwenden.
-- ODER --
Nutze die Markt-Aktion für NULL AP.",,"Platziere 1 Legion mit Bedrohung 5 auf der Hauptstadt.
Platziere 1 Horde mit Bedrohung 5 in der Kreischenden See, nicht angrenzend an einer Zuflucht."
EN,Titans,Library of Trollward,three,The Scholars of Trollward were hunted by Lord Nobu for their aid to the rebels.,"Every player may place 1 AP on the Move Action, to flip 1 hex, adjacent to The Capital if possible.","Yet despite the Empire's best efforts, the true history of Azuhl was revealed to the common folk.","Place 1 Legion at Threat 6 on The Capital.
Place 2 Hordes at Threat 6 on any empty hex(es), adjacent to a Haven if possible. (or 1 Horde in a 2 player game)."
DE,Titans,Bücherei von Trollward,three,,"Jeder Spieler kann 1 AP auf seiner Bewegen-Aktion platzieren, um 1 Hexfeld umzudrehen, angrenzend an der Hauptstadt (falls möglich).",,"Platziere 1 Legion mit Bedrohung 6 auf der Hauptstadt.
Platziere 2 Horden mit Bedrohung 6 auf beliebigen Hexfeldern (angrenzend an einer Zuflucht falls möglich) oder 1 Horde in einem 2-Spieler-Spiel."
EN,Titans,Pact of the Red Hand,four,"Worship of the Red Hand was strongest among warriors after the Curse, for he promised swift and bloody victory.","Every player may build units now and place them on this card. Any player may destroy 1 of the units here, to add its die to their next Clash round. Before rolling, Once per round","Druids of the Red Hand would show their dedication through piercings, scarification, and violent rituals, to appease their god.","For every Player, place 1 Legion at Threat 7 on The Capital. For each you can not, place 1 Horde at Threat 7 on an empty hex. Place each Horde in a different region, if possible.
Activate all Skeletons."
DE,Titans,Pakt der roten Hand,four,,"Jeder Spieler kann jetzt Einheiten bauen und diese auf dieser Karte platzieren. Ein Spieler kann 1 Einheit hier zerstören und den Würfel seinem Nahkampf hinzufügen. Vor dem Wurf, Einmal pro Runde",,"Pro Spieler: Platziere 1 Legion mit Bedrohung 7 auf der Hauptstadt oder 1 Horde mit Bedrohung 7 auf einem leeren Hexfeld (platziere jede Horde in einer unterschiedlichen Region, wenn möglich). "