Lang,Box,Name,Type,Flavor,Ongoing Effect,Effect,Terrain,Resources,Salt,Plunder,Food,Special,Side,X
EN,Titans,New Winterholm,Normal,"Part refugee camp, part bazaar, part city:","If this hex has no Target, place the next Target
here (do not retarget). If there is a Haven here in the Scoring Phase, every player gains 1 VP.",Gain 2 resources. + Place 1 Legion on The Capital and its target here (and only here). Activate that Legion.,Highlands,2,-,-,-,1 VP to all,Empire,X
DE,Arch,"Sjalt, Hjutar & Sköke",Home,"Erst als der Fluch über die Inseln hinwegfegte und den Hokqan die endgültige Auslöschung drohte, beschlossen die Drei Häuser, ihr altes Bündnis wieder aufleben zu lassen.",,,Woods,,1,1,1,1 VP,,
EN,Titans,The Maelstrom,Normal,The sheer power of the Kraken's egg tugged him into...,"PRODUCTION: If there is a Haven onthis hex, place 1 AETHER on any Druid card.","Gain 2 resources. + Remove any Skeletons here.+ Place 3 Garrisons here.",Marshes,,-,-,2,1 Aether,Empire,
DE,Arch,Trifuths Tor,Home,"Als T'lak merkte, dass ihr Imperator sie nicht mehr beschützen konnte, nahm sie ihr Schicksal – und das der Dreizehnten Legion – in ihre eigenen Hände.",,,Ice Waste,,1,1,1,1 VP,,
EN,Core,Yfelskog,Home,"For ages, the Druwhn roamed the plains and forests of Auhl as small packs of nomadic hunters and traders. Even if the other races often met them with distrust and even fear of their strangeness, their reputation as trading partners was without blame.",,,Woods,,1,1,1,1 VP,,
DE,Arch,Tjurfalheim,Home,"Der Fluch ließ die angestammte Heimat der Tua Than gefrieren und zwang die scheuen Kreaturen an Land, wo ihre natürliche Trägheit auf festem Grund zu einer Belastung wurde.",,,Marshes,,1,1,1,1 VP,,
EN,Core,Khatrak Kautil,Home,"The Duerkhar belong to the original inhabitants of Azuhl. Once they followed the great Koloth herds in the plains as nomadic hunters. But as the predatory Mohyar raided them, the Duerkhar fled to the great mountain ranges.",,,Highlands,,1,1,1,1 VP,,
DE,Arch,Hromark,Home,"Als Kälte und Chaos die Singenden Ebenen überkamen, begann die Letzte Herde ihre Reise über das gefrorene Meer nach Azuhl.",,,Badlands,,1,1,1,1 VP,,
EN,Arch,"Sjalt, Hjutar & Sköke",Home,"When The Curse struck the islands, the Hokqan realized that they were suddenly facing a much more powerful enemy and abandoned their crusade against the Krowh.",,,Woods,,1,1,1,1 VP,,
DE,Arch,Der Schwarze Turm,Sea Tower,"Viele Drakoreaner, ihrem Imperium weiterhin treu ergeben, erreichten Azuhl durch den...","Helden hier zahlen 1         weniger für Items.
Einheiten und Helden hier grenzen an jedes Hexfeld an. ",Erhalte 4 SALZ. + Entferne alle Skelette hier. + Platziere 1 Garnison hier. + Platziere 1 Legion hier (und nur hier). + Platziere 1 Aktiverungsmarker auf der Legionskarte.,Ice Waste,,2,-,-,1,Empire,
EN,Core,Pak Glandris,Home,The Tribes of the Krowh have lived on the islands of Azuhl since the First Days. Scholars suppose that this martial and proud race once served the Ancients as Warriors and Guardians.,,,Highlands,,1,1,1,1 VP,,
DE,Arch,Geisterstein,Sea Tower,Seltsame Erscheinungen flackerten wie eine Fackel hinter dem...,"Helden hier zahlen 1         weniger für Items.
Einheiten und Helden hier grenzen an jedes Hexfeld an. ",Erhalte 4 SALZ + Entferne alle Garnisonen hier. + Platziere 1 Horde und 1 Skelett hier (und nur hier).,Ice Waste,,2,-,-,1,Chaos,
EN,Core,Winterholm,Home,"Once the Mohyar themselves came as conquerors to Azuhl. Fleeing from the Drakorean Empire, they attacked the islands with their ships, settled there and drove the indigenous people into the mountains and forests.",,,Woods,,1,1,1,1 VP,,
DE,Core,Yfelskorg,Home,"Seit Anbeginn der Zeit durchstreiften die Druwhn die Ebenen und Wälder von Azuhl als kleine Rudel von nomadischen Jägern und Händlern. Auch wenn die anderen Völker ihnen oft mit Misstrauen und sogar Angst ob ihrer Fremdartigkeit begegneten, war ihr Ruf als Handelspartner ohne Fehl und Tadel.",,,Woods,,1,1,1,1 VP,,
EN,Arch,Trifuth Gate,Home,"Realizing that the Empire could no longer protect her, T'lak took her fate - and that of the Black Brotherhood - into their own hands. The warlock chose the impregnable Trifuth Gate  as his headquarters to face the vengeance of the New Emperor.",,,Ice Waste,,1,1,1,1 VP,,
DE,Core,Kathrak Kautil,Home,"Die Duerkhar gehören zu den Ureinwohnern von Azuhl. Einst folgten sie den großen Koloth-Herden in den Ebenen als nomadische Jäger.
Aber als die räuberischen Mohyar die Inseln mit ihren Schiffen überfielen, zogen sich die Duerkhar in die unwirtliche Umgebung der großen Gebirgsketten zurück.",,,Highlands,,1,1,1,1 VP,,
EN,Arch,Tjurfalheim,Home,"When the oceans froze, the shy Tua Than were abruptly driven from their ancestral home beneath the waves and retreated into the swamps around Tjurfalheim.",,,Marshes,,1,1,1,1 VP,,
DE,Core,Pak Glandris,Home,"Die Stämme der Krowh lebten seit Anbeginn der Zeit auf den Inseln von Azuhl. Gelehrte vermuten, dass diese kämpferische und stolze Rasse einst den Uralten als Krieger und Wächter diente.",,,Highlands,,1,1,1,1 VP,,
EN,Arch,Hromark,Home,"When cold and chaos overtook the Singing Plains, the last herd began its journey across the frozen sea towards Azuhl. First they reached the Hromark, a sad distortion of their former home.",,,Badlands,,1,1,1,1 VP,,
DE,Core,Winterholm,Home,"Einst kamen die Mohyar selbst als Eroberer nach Azuhl. Auf der Flucht vor dem Drakoreanischen Reich, griffen sie die Inseln mit ihren Schiffen an, ließen sich dort nieder und vertrieben die einheimische Bevölkerung in die Berge und Wälder.",,,Woods,,1,1,1,1 VP,,
EN,Titans,The Drorslokh,Home,"These mysterious raiders were long a thorn in the side of the Empire, who sent numerous missions into the Nethersea to find their secret base and root them out, but to no avail.","When the Nethersea Pirates receive a Target, place it here. If there are only Imperial or Chaos Units on this hex, flip it. 
The Nethersea Pirates cannot receive a Target.",Gain 3 VP if this hex is flipped. (Begin the game with this side face-down.),Ice Waste,,1,1,1,1 VP,,
EN,Titans,The Drorslokh Reverse,Home,"These mysterious raiders were long a thorn in the side of the Empire, who sent numerous missions into the Nethersea to find their secret base and root them out, but to no avail.","When the Nethersea Pirates receive a Target, place it here. If there are only Imperial or Chaos Units on this hex, flip it. 
The Nethersea Pirates cannot receive a Target.",Gain 3 VP if this hex is flipped. (Begin the game with this side face-down.),Ice Waste,,1,1,1,2 VP,,
DE,Core,Bruthgaard,Normal,"Es heißt, der Fluch öffnete das Tor zur Hölle und formte...",,"Erhalte 2 NAHRUNG + Wenn leer, platziere 2 Skelette hier; wenn nicht, verstärke hier. + Platziere 2 Skelette mit anderen Skeletten.",Badlands,,-,-,2,-,Chaos,
EN,Titans,Titans Hex,Home,,,,Highlands,,1,1,1,1 VP,,
DE,Core,Golgardei,Normal,"Feuer, Asche und schwarzer Schnee vertrieben auch die letzte lebende Seele aus der...",,"Erhalte 2 NAHRUNG + Wenn leer, platziere 2 Garnisonen hier; wenn nicht, verstärke hier. + Platziere 2 Garnisonen in leeren Hexfeldern ohne X.",Badlands,,-,-,2,-,Empire,
EN,Titans,The Undernest,Home,"Hidden in the Nethersea, loot and booty was brought to the...","Units here are adjacent to any Sea Tower, Heros to any hex.",Immediate: Place 1 Mercenary Token here.,Ice Waste,,1,1,1,1 VP,,
EN,Titans,Iron Capital,Capital,,,,Woods,,,5,,-5 VP,,
,,Iron Capital Reverse,,,,,,,,,,,,
EN,Titans,Capital of Storms,Capital,,,,Badlands,,,,5,-5 VP,,
,,Capital of Storms Reverse,,,,,,,,,,,,
EN,Titans,Nethersea Capital,Capital,,,,Ice Waste,,5,,,-5 VP,,
,,Nethersea Capital Reverse,,,,,,,,,,,,
DE,Core,Die Ebenen von Rhun,Normal,Die riesigen Skelette der Koloth säumten die...,,"Wenn leer, platziere 1 Garnison hier; wenn nicht, verstärke hier. + Platziere 1 Garnison auf einem leeren Hexfeld ohne X. + Alle anderen Spieler erhalten 1 NAHRUNG. + Wirf deine Heldenwürfel. Pro SCHÄDEL: Erhalte 1 NAHRUNG.",Badlands,,-,-,2,-,Empire,
EN,Core,Bruthgaard,Normal,They say the Curse opened the gate to hell and formed...,,"Gain 2 FOOD + If Empty, place 2 Skeletons here; if not Reinforce here. + Place 2 Skeletons with other Skeletons",Badlands,,-,-,2,-,Chaos,
DE,Core,Frosthold Pass,Normal,Selbst auf der Höhe seiner Macht zerbrachen das Imperium am...,,"Erhalte 2 BEUTE. + Wenn leer, platziere 1 Garnison hier; wenn nicht, verstärke hier. + Platziere 2 Garnisonen auf leeren Hexfeldern ohne X.",Highlands,,-,2,-,-,Empire,
EN,Core,Golgardei,Normal,"Fire, ashes and black snow drove even the last living soul from...",,"Gain 2 FOOD + If Empty, place 2 Garrisons here; if not Reinforce here. + Place 2 Garrisons on Empty Hexes with no X.",Badlands,,-,-,2,-,Empire,
DE,Core,Sklavenminen,Normal,Der Tod auf dem Schlachtfeld war oftmals ein besseres Los als ein Aufenthalt in den...,,Entferne alle Skelette hier. + Platziere 2 Garnisonen hier. + Alle anderen Spieler erhalten 1 BEUTE. + Wirf deine Heldenwürfel. Pro SCHÄDEL: Erhalte 1 BEUTE.,Highlands,,-,2,-,-,Empire,
EN,Core,Plains of Rhun,Normal,The giant bones of Koloth lined the...,,"If Empty, place 1 Garrison here; if not Reinforce here. + Place 1 Garrison on an Empty Hex with no X. + Each other Player gains 1 FOOD. + Roll your Hero Dice: Gain 1 FOOD per SKULL.",Badlands,,-,-,2,-,Empire,
DE,Core,Grab der Alten Könige,Normal,"Eifersüchtig bewacht von den Geistern der Krowh, das...",,"Erhalte 1 BEUTE. + Entferne alle Garnisonen hier. + Platziere 2 Skelette hier. + Ziehe 1 Item und behalte es, selbst wenn du es nicht nutzen könntest.",Highlands,,-,2,-,-,Chaos,
EN,Core,Frosthold Pass,Normal,"Even at full strength, The Empire could never breach...",,"Gain 2 PLUNDER. + If Empty, place 1 Garrison here; if not Reinfroce here. + Place 2 Garrisons on Empty Hexes with no X.",Highlands,,-,2,-,-,Empire,
DE,Core,Schwarzeis,Normal,"Von Stürmen geplagt, in dunkles Zwielicht getaucht...",,"Erhalte 2 SALZ. + Wenn leer, platziere 1 Skelett hier; wenn nicht, verstärke hier. + Platziere 1 Skelett mit anderen Skeletten. + Platziere 1 Aktivierungsmarker auf einer Legions- oder Hordenkarte mit den wenigsten Markern.",Ice Waste,,2,-,-,-,Chaos,
EN,Core,Imperial Slave Mines,Normal,Many preferred death on the battlefield to a stay in the...,,Remove any Skeletons here. + Place 2 Garrisons here + Roll your Hero Dice: Gain 1 PLUNDER per SKULL. Each other Player gains 1 PLUNDER.,Highlands,,-,2,-,-,Empire,
DE,Core,Grimmfänge,Normal,Wie Klingen nagte sich das Eis in die Eindringlinge der...,,"Erhalte 2 SALZ. + Wenn leer, platziere 2 Skelette hier; wenn nicht, verstärke hier. + Platziere 2 Skelette mit anderen Skeletten.",Ice Waste,,2,-,-,-,Chaos,
EN,Core,Tomb of the Elder Kings,Normal,"Jealously guarded by the ghosts of the Elder Krowh, the...",,Gain 1 PLUNDER. + Remove any Garrisons here. + Place 2 Skeletons here + Draw 1 Item and keep it even if you could not use it.,Highlands,,-,2,-,-,Chaos,
DE,Core,Raufrost,Normal,"Eine steife Brise war für viele die letzte Warnung, bevor sie dem Tod erlagen in...",,"Erhalte 2 SALZ. Wenn leer, platziere 1 Garnison hier; wenn nicht, verstärke hier. + Platziere 1 Garnison auf einem leeren Hexfeld ohne X.",Ice Waste,,2,-,-,-,Chaos,
EN,Core,Black Ice,Normal,"Plagued by storms, bathed in dark twilight...",,"Gain 2 SALT. + If Empty, place 1 Skeleton here; if not Reinforce here. + Place 1 Skeleton with other skeletons. + Place 1 Activation Token on a Legion or Horde card with the least Tokens.",Ice Waste,,2,-,-,-,Chaos,
DE,Core,Schattendämmerung,Normal,Selbst der Morgen konnte kein Licht ins Dunkel bringen in der...,,"Erhalte 2 SALZ + Wenn leer, platziere 2 Skelette hier; wenn nicht, verstärke hier. Platziere 1 Skelett mit anderen Skeletten.",Ice Waste,,2,-,-,-,Chaos,
EN,Core,Grim Fangs,Normal,"Like blades, the ice here gnawed its way into the intruders of the...",,"Gain 2 SALT. + If Empty, place 2 Skeletons here; if not Reinforce here. + Place 2 Skeletons with other Skeletons.",Ice Waste,,2,-,-,-,Chaos,
DE,Core,Taurel Karawanenweg,Normal,Lasttiere und Eisschlitten ersetzten die Schiffe auf der...,,"Wenn leer, platziere 1 Skelett hier; wenn nicht, verstärke hier. + Alle anderen Spieler erhalten 2 SALZ. + Wirf deine Heldenwürfel. Pro Schädel: Erhalte 1 SALZ.",Ice Waste,,2,-,-,-,Chaos,
EN,Core,Raufrost,Normal,A breeze was the last warning for many before they succumed to...,,"Gain 2 SALT. If Empty, place 1 Garrison here; if not Reinforce here. + Place 1 Garrison on an Empty Hex with no X.",Ice Waste,,2,-,-,-,Chaos,
DE,Core,Tal der Qualen,Normal,"Keiner, der in das eisige Labyrinth hineinging, kehrte jemals zurück aus dem...",,"Erhalte 3 SALZ. + Wenn leer, platziere 1 Skelett hier; wenn nicht, verstärke hier. + Platziere 2 Skelette mit anderen Skeletten.",Ice Waste,,2,-,-,-,Chaos,
EN,Core,Shadowdawn,Normal,Even the morning was not able to bring light to...,,"Gain 2 Salt + If empty, place 2 Skeletons here; if not reinforce here. + Place 1 Skeleton with other Skeletons.",Ice Waste,,2,-,-,-,Chaos,
DE,Core,Fyrnhalla,Normal,"Grab der Grabräuber, der Sumpf von...",,"Erhalte 2 NAHRUNG. + Wenn leer, platziere 2 Garnisonen hier; wenn nicht, verstärke hier. + Platziere 1 Aktiverungsmarker auf einer Legions- oder Hordenkarte mit den wenigsten Markern.",Marshes,,-,-,2,-,Empire,
EN,Core,Taurel Caravan Passage,Normal,Beasts of burden and ice sledges replaced ships in the...,,"If Empty, place 1 Skeleton here; if not Reinforce here. + Roll your Hero Dice: Gain 1 SALT per SKULL. Each other Player gains 2 SALT.",Ice Waste,,2,-,-,-,Chaos,
DE,Core,Kyushis Taverne,Normal,"So entlegen und heimtückisch, das Imperium bemühte sich nie, sie zu finden...",,"Erhalte 3 NAHRUNG. + Wenn leer, platziere 1 Garnison hier; wenn nicht, verstärke hier. + Nutze eine Quest-Aktion (für 0 AP) mit +1 BLAU. Wenn der Wurf missglückt, ignoriere den Misserfolgs-Effekt.",Marshes,,-,-,2,-,Empire,
EN,Core,Torment,Normal,None who wandered out into the icy maze ever returned from...,,"Gain 3 SALT. + If Empty, place 1 Skeleton here; if not Reinforce here. + Place 2 Skeletons with other Skeletons.",Ice Waste,,2,-,-,-,Chaos,
DE,Core,Rigga,Normal,"Ein Labyrinth aus Tümpeln und Teichen, verflucht als...",,"Erhalte 2 NAHRUNG. + Wenn leer, platziere 1 Garnison hier; wenn nicht, verstärke hier. + Platziere 1 Garnison auf einem leeren Hexfeld ohne X.",Marshes,,-,-,2,-,Empire,
EN,Core,Fyrnhalla,Normal,"Soaking the ruins of the Ancients, grave of grave robbers, the swamp of...",,"Gain 2 FOOD. + If Empty, place 2 Garrisons here; if not, Reinforce here. + Place 1 Activation Token on a Legion or Horde card with the least Tokens.",Marshes,,-,-,2,-,Empire,
DE,Core,Die Hauptstadt,Normal,"Norngaard, die größte nach dem Fluch verbliebene Stadt, bald bekannt als...","Wenn hier eine 4. Garnison platziert werden würde, platziere diese stattdessen auf einem leeren Hexfeld ohne X, oder, wenn es keines gibt, verstärke eine andere Garnison. Wenn hier nur nicht-Imperiale Einheiten sind, platziere 1 Legion hier. Falls unmöglich, drehe dieses Hexfeld um.",,Capital,,,,,,Empire,X
EN,Core,Kyushis Tavern,Normal,"So distant and treacherous, The Empire never made an effort to find...",,"Gain 3 FOOD. + If Empty, place 1 Garrison here; if not, Reinforce here. + Take a Quest Action (for 0 AP) with +1 BLUE. If you fail, ignore any Failure Effects.",Marshes,,-,-,2,-,Empire,
DE,Core,Die Hauptstadt Rückseite,Normal,,,"Erhalte 5 SP, wenn dieses Hexfeld umgedreht wird (zu Beginn des Spiel ist diese Seite verdeckt).",Capital,,,,,,Empire,X
EN,Core,Rigga,Normal,"A maze of pools and ponds, cursed as...",,"Gain 2 FOOD. + If Empty, place 1 Garrison here; if not Reinforce here. + Place 1 Garrison on an Empty Hex with no X.",Marshes,,-,-,2,-,Empire,
DE,Core,Dunkelholm,Normal,Ein dichtes Blätterdach schuf ein ewiges Zwielicht in...,,Erhalte 2 BEUTE. + Entferne alle Skelette hier. + Platziere 2 Garnisonen hier. + Jeder Spieler zieht 1 Fähigkeit und wirft dann 1 Fähigkeit ab.,Woods,,-,2,-,-,Empire,
EN,Core,Capital,Normal,"Norngaard, biggest city left after the Curse, soon became...","If you would place a 4th Garrison here, place it on an empty hex with no X, or if there is none, reinforce another Garrison. If there are ONLY non-Imperial Units here, place 1 Legion here. If you can not, flip this Hex.","Uprising in the Capital
Gain 5 VP if this hex is flipped. (Begin the game with this side face-down.)",Capital,,,,,,Empire,X
DE,Core,Fjoelja Steinkreis,Normal,"Viele flohen unter das Dach des mächtigen Baumes, umgeben vom uralten...",,"Erhalte 2 BEUTE + Wenn leer, platziere 2 Skelette hier; wenn nicht, verstärke hier. + Jeder Spieler erhält 1 Basis-Einheit auf einer Zuflucht oder einem leeren erkundeten Hexfeld.",Woods,,-,2,-,-,Empire,
DE,Core,Unterwald,Normal, ,Einheiten und Helden hier grenzen an jedes Seeturm-Hexfeld an.,"Erhalte 2 RESSOURCEN. + Wähle einen Helden, der seine Heldenwürfel wirft: 4+ SCHÄDEL = Jeder Spieler erhält 2 RESSOURCEN / 2+ SHIELD = Jeder Spieler zieht 1 Fähigkeit / 2+ BOLZEN = Jeder Spieler erhält 1 VP / Wenn der Wurf vollständig missglückt, platziere 1 Horde hier (und nur hier).",Woods,,-,2,-,-,Chaos,
EN,Core,Dunkelholm,Normal,A dense roof of leaves created an eternal twilight in...,,"Gain 2 PLUNDER. + Remove any Skeletons here. Place 2 Garrisons here. + Each Player draws 1 Feat, then discards 1 Feat.",Woods,,-,2,-,-,Empire,
DE,Core,Trollward,Normal,"Manche behaupten, die riesigen Wurzeln seien Arme eines Gottes im...",,"Erhalte 2 BEUTE. + Wenn leer, platziere 2 Garnisonen hier; wenn nicht, verstärke hier. + Platziere 1 Aktivierungsmarker auf einer Legions- oder Hordenkarte mit den wenigsten Markern.",Woods,,-,2,-,-,Empire,
EN,Core,Fjoelja Stone Circle,Normal,"Many fled under the roof of the mighty tree, surrounded by the ancient...",,"Gain 2 PLUNDER + If Empty, place 2 Skeletons here; if not Reinforce here. + Each Player gains 1 Basic Unit on a Haven or an Empty Explored Hex.",Woods,,-,2,-,-,Empire,
DE,Core,Dämmergaard,Sea Tower,Für Abschaum ergaben sich selbst in Zeiten der Not Gelegenheiten in...,"Helden hier zahlen 1         weniger für Items.
Einheiten und Helden hier grenzen an jedes Hexfeld an. ",Erhalte 2 SALZ. + Entferne alle Skelette hier. + Platziere 2 Garnisonen hier.,Ice Waste,,2,-,-,1,Empire,
EN,Core,Netherwood,Normal,"Stronghold of the Druids, a gloomy breeze caressed the ruins in the:",Units and Heros here are adjacent to any Sea Tower.,"Gain 2 RESOURCES. + Choose a player to roll their Hero Dice: 4+ SKULL = Every player gains 2 resources / 2+ SHIELD = Every player draws 1 Feat / 2+ BOLT = Every player gains 1 VP / If you fail all, place 1 Horde here (and only here).",Woods,,-,2,-,-,Chaos,
DE,Core,Guragis Turm,Sea Tower,"Der Riese, der nie besiegt wurde, herrschte bald über eine ganze Stadt rund um...","Helden hier zahlen 1         weniger für Items.
Einheiten und Helden hier grenzen an jedes Hexfeld an. ",Erhalte 4 SALZ. + Entferne alle Garnisonen hier. + Platziere 2 Skelette hier.,Ice Waste,,-,-,-,-,Chaos,
EN,Core,Trollward,Normal,Some claim that the giant roots are arms of a god in...,,"Gain 2 PLUNDER. + If Empty, place 2 Garrisons here; if not Reinforce here. + Place 1 Activation Token on the Legion or Horde card with the least Tokens.",Woods,,-,2,-,-,Empire,
DE,Core,Höllenhund Turm,Sea Tower,"Es heißt, dass die Imperatorin erreichte Azuhl durch den...","Helden hier zahlen 1         weniger für Items.
Einheiten und Helden hier grenzen an jedes Hexfeld an. ",Erhalte 4 SALZ. + Entferne alle Garnisonen hier. + Platziere 1 Fluch hier. + Platziere 2 Skelette hier.,Ice Waste,,2,-,-,1,Chaos,X
EN,Arch,Black Spire,Sea Tower,"Many Drakoreans, loyal to their Empire, reached Azuhl through the:","Units and Heros here are adjacent to any hex. If your Hero is here, pay 1 SALT less for Items on the Market.",Gain 4 SALT. + Remove any Skeletons here. + Place 1 Garrison here + Place 1 Legion here (and only here). + Place 1 Activation Token on that Legion card.,Ice Waste,,2,-,-,1,Empire,
DE,Core,Zeegaard,Sea Tower,"Vor der Rebellion von Piraten geplagt, nun vom Imperium zu einer Festung ausgebaut namens...","Helden hier zahlen 1         weniger für Items.
Einheiten und Helden hier grenzen an jedes Hexfeld an. ",Erhalte 2 SALZ. + Entferne alle Skelette hier. + Platziere 3 Garnison hier.,Ice Waste,,2,-,-,1,Empire,
EN,Core,Dawngaard,Sea Tower,"For scum, even in times of need, opportunities arose at...","Units and Heros here are adjacent to any hex. If your Hero is here, pay 1 SALT less for Items on the Market.",Gain 2 SALT. + Remove any Skeletons here. + Place 2 Garrisons here.,Ice Waste,,2,-,-,1,Empire,
DE,Core,Mitternachtsturm,Sea Tower,Heute zeugt nur noch die Ruine von der Schlacht im...,"Einheiten und Helden hier grenzen an jedes Hexfeld an. Wenn dein Held hier ist, zahle 1 SALZ weniger für Items auf dem Markt.",Erhalte 4 SALZ. + Platziere 1 Horde und 1 Legion (und ihr Ziel) aus der Box mit Bedrohung 7 hier. Ignoriere ihre Soforteffekte.,Ice Waste,,2,-,-,1,Chaos,
EN,Arch,Ghost Monolith,Sea Tower,Strange apparitions flickered like a torch up and down the:,"Units and Heros here are adjacent to any hex. If your Hero is here, pay 1 SALT less for Items on the Market.",Gain 4 SALT. + Remove any Garrisons here. Place 1 Horde and 1 Skeleton here (and only here).,Ice Waste,,2,-,-,1,Chaos,
DE,Core,Friedhof der Armada,Advanced,Seltsamerweise fand sich keine einzige gefrorene Leiche im...,"Eine Horde kann sich NICHT VON HIER WEG BEWEGEN. Wenn es aktiviert, platziere 1 Fluch hier oder auf ein angrenzendes Hexfeld.",Erhalte 3 SALZ und 1 BEUTE. + Platziere 1 Horde hier (und nur hier).,Ice Waste,,2,2,-,1,Chaos,
EN,Core,Guragi Tower,Sea Tower,"Never conquered, the giant soon ruled over an entire city of reguess around...","Units and Heros here are adjacent to any hex. If your Hero is here, pay 1 SALT less for Items on the Market.",Gain 4 SALT. + Remove any Garrisons here. + Place 2 Skeletons here.,Ice Waste,,-,-,-,-,Chaos,
DE,Core,Verfluchte Tiefen,Advanced,"War es der Wind, oder waren das Schreie...",,"Erhalte 3 Ressourcen + Wenn leer, platziere 2 Skelette hier; wenn nicht, verstärke hier. + Aktiviere die Legion mit der höchsten Initiative, oder Horde mit der niedrigsten.",Ice Waste,,?,?,?,1,Chaos,
EN,Core,Hellhound Tower,Sea Tower,It is said that the Empress first entered Azuhl through...,"Units and Heros here are adjacent to any hex. If your Hero is here, pay 1 SALT less for Items on the Market.",Gain 4 SALT.: Remove any Garrisons here. Place 1 Curse here. Place 2 Skeletons here.,Ice Waste,,2,-,-,1,Chaos,X
DE,Core,Klagender Abgrund,Advanced,"Stinkender Nebel und bestialische Geräusche stiegen aus der Spalte, genannt...",,Erhalte 4 SALZ. + Entferne alle Garnisonen hier. + Platziere 1 Fluch hier. + Platziere 2 Skelette hier. + Bewege jede Horde auf ein angrenzendes Hexfeld (ignoriere unpassierbares Terrain).,Ice Waste,,2,-,-,1,Chaos,
EN,Core,Zeegard,Sea Tower,"Already plagued by pirates before the rebellion, now extended by the Empire to a fortress called...","Units and Heros here are adjacent to any hex. If your Hero is here, pay 1 SALT less for Items on the Market.",Gain 2 SALT. + Remove any Skeletons here. + Place 3 Garrisons here.,Ice Waste,,2,-,-,1,Empire,
DE,Core,O-Meido Kerker,Advanced,Für seine Insassen begann die Grenze zwischen Realität und Wahnsinn bald zu verschwimmen im...,,Erhalte 3 NAHRUNG. + Platziere 1 Legion und ihr Ziel hier (und nur hier).,Badlands,,1,1,1,1,Empire,
EN,Core,Midnight Tower,Sea Tower,"Today, only the ruin still tells of the battle at:","Units and Heros here are adjacent to any hex. If your Hero is here, pay 1 SALT less for Items on the Market.","Gain 4 SALT. + Place 1 Horde, and 1 Legion and its Target, from the box, at Threat 7 here. Ignore their immediate effects.",Ice Waste,,2,-,-,1,Chaos,
DE,Titans,Neu Winterholm,Normal,"Teilweise Flüchtlingslager, teil Basar, teil Stadt:","Wenn dieses Hexfeld kein Ziel hat, platziere das nächste Ziel hier (es wird nicht erneut platziert). Wenn hier eine Zuflucht in der Auswertungsphase ist: Jeder Spieler erhält 1 SP.",Erhalte 2 Ressourcen. + Platziere 1 Legion und ihr Ziel hier (und nur hier). Aktiviere diese Legion.,Highlands,2,-,-,-,1 VP to all,Empire,X
EN,Core,Graveyard of the Armada,Advanced,Not a single frozen corpse was found in the:,"A Horde CAN NOT MOVE from here. When it activates, place 1 Curse here or on an adjacent hex.",Gain 3 SALT and 1 PLUNDER. + Place 1 Horde here (and only here).,Ice Waste,,2,2,-,1,Chaos,
DE,Titans,Der Maelstrom,Normal,Die schiere Kraft des Kraken-Eis zerrte ihn in den...,"PRODUKTION: Wenn hier eine Zuflucht ist, platziere 1 AETHER auf einer Druidenkarte.",Erhalte 2 NAHRUNG. + Platziere 3 Garnisonen hier.,Marshes,,-,-,2,1 Aether,Empire,
EN,Core,Haunted Hollows,Advanced,"Was it the wind, or were those screams in the...",,"Gain 3 of any Resources. + If Empty, place 2 Skeletons here; if not Reinforce here. + Activate the Legion with the highest Initiative, or Horde with the lowest.",Ice Waste,,?,?,?,1,Chaos,
DE,Titans,Das Drorslokh,Home,"Die mysteriösen Räüber waren schon lange ein Dorn im Auge des Imperiums. Unzählige Missionen wurden in die Untersee geschickt, um die geheime Basis zu finden und diese an den Wurzeln herauszureißen, ohne Erfolg.","Wenn die Untersee Piraten ein Ziel erhalten, platziere es hier. Wenn hier nur Imperiale oder Chaos Einheiten sind, drehe dieses Hexfeld um. Die Untersee Piraten können kein weiteres Ziel erhalten.","Erhalte 3 SP, wenn dieses Hexfeld umgedreht wird (zu Beginn des Spiel ist diese Seite verdeckt).",Ice Waste,,1,1,1,1 VP,,
EN,Core,Shriek of the Abyss,Advanced,Stinking fog and bestial noises echoed from the...,,Gain 5 SALT. + Remove any Garrisons here. + Place 1 Curse here. + Place 2 Skeletons here. + Move every Horde to any adjacent Hex (ignore impassable Terrain).,Ice Waste,,2,-,-,1,Chaos,
DE,Titans,Titans of the first Age,Home,,,,Highlands,,1,1,1,1 VP,,
EN,Core,O-Meido Prison,Advanced,"For its captives, the line between reality and madness soon began to blur in:",,Gain 3 FOOD. + Place 1 Legion and its Target here (and only here).,Badlands,,1,1,1,1,Empire,
DE,Titans,Das Unternest,Home,"Beutelager der Piraten, versteckt in der Untersee...",Einheiten und Helden hier grenzen an jedes Hexfeld an.,,Ice Waste,,1,1,1,1 VP,,
DE,Titans,Die Eiserne Hauptstadt,Capital,,,,Woods,,,,,,Empire,
DE,Titans,Die Untersee Hauptstadt,Capital,,,,Ice Waste,,,,,,Empire,
DE,Titans,Die Hauptstadt der Stürme,Capital,,,,Badlands,,,,,,Empire,
DE,Titans,Die Eiserne Hauptstadt Rückseite,Capital,,,,Woods,,,5,,,Empire,
DE,Titans,Die Untersee Hauptstadt Rückseite,Capital,,,,Ice Waste,,5,,,,Empire,
DE,Titans,Die Hauptstadt der Stürme Rückseite,Capital,,,,Badlands,,,,5,,Empire,